rep,level,mode,d_str1,n,auc,tss,range_area_pct_change_05,range_area_pct_change_maxsss,suitability_mad,schoener_d,entity,algorithm
0,3,plain,1.020408163265305,2058,0.8359110940581742,0.4541258679090717,1.876513317191284,0.2989536621823617,0.0289991658000928,0.91831450439745,Astacus astacus,random_forest
0,3,stratified,0.0,2058,0.8441614499829948,0.4676041423904524,0.9079903147699756,0.3978779840848806,0.0263955387254934,0.9266300718824484,Astacus astacus,random_forest
0,10,plain,3.2555879494655,2058,0.8013609186978718,0.4019087953136692,11.501210653753027,11.568938193343898,0.0621124775181326,0.8326097752248302,Astacus astacus,random_forest
0,10,stratified,0.0,2058,0.8248547800565764,0.4439253246675573,9.86682808716707,11.366906474820144,0.0532618048606614,0.8542922306526954,Astacus astacus,random_forest
0,20,plain,7.24003887269193,2058,0.7388261569689606,0.340847864802134,14.164648910411625,6.65024630541872,0.0971397003071704,0.7600436694622427,Astacus astacus,random_forest
0,20,stratified,0.0,2058,0.7942598960655897,0.4179644122806465,10.714285714285714,8.520179372197308,0.0760343219904818,0.8007736071621886,Astacus astacus,random_forest
1,3,plain,0.7288629737609327,2058,0.8333286081602926,0.4562909305427559,1.0526315789473684,-3.698979591836735,0.0288389732027041,0.9186288612321244,Astacus astacus,random_forest
1,3,stratified,0.0,2058,0.8372856840602932,0.4726821302165138,2.848297213622291,2.33837689133425,0.0269360089208049,0.9253779769912268,Astacus astacus,random_forest
1,10,plain,3.984450923226433,2058,0.7857360948486519,0.3943193169673479,0.9907120743034056,1.1004126547455295,0.0598621787310188,0.8337749180194101,Astacus astacus,random_forest
1,10,stratified,0.0,2058,0.8212688374874315,0.4463947807451534,7.863777089783282,5.166475315729048,0.0490704784963849,0.8649963339953339,Astacus astacus,random_forest
1,20,plain,7.434402332361515,2058,0.7562735610664378,0.3429340404546858,9.226006191950464,7.290233837689134,0.1029057456022742,0.7471029221753568,Astacus astacus,random_forest
1,20,stratified,0.0,2058,0.796005339200007,0.4325423088219476,13.498452012383902,18.55807743658211,0.0757949599741008,0.8009000808350926,Astacus astacus,random_forest
2,3,plain,1.0689990281827022,2058,0.8376414903089221,0.4616788978478527,3.0340557275541795,0.1262626262626262,0.0289786486026906,0.9173304073447258,Astacus astacus,random_forest
2,3,stratified,0.0,2058,0.8396166495569966,0.4704595029861467,3.281733746130031,-0.4329004329004329,0.0292107058924838,0.9172373296600324,Astacus astacus,random_forest
2,10,plain,3.7414965986394577,2058,0.7990115699933463,0.3959462107161729,8.854489164086687,5.500705218617771,0.0615433916737171,0.8301470785400396,Astacus astacus,random_forest
2,10,stratified,0.0,2058,0.8190749745830237,0.4309928966202251,8.544891640866874,6.786703601108034,0.0510870797662103,0.8590857250383872,Astacus astacus,random_forest
2,20,plain,6.89990281827016,2058,0.7504698913663705,0.3293139216080535,16.96594427244582,5.465116279069767,0.0995592998281914,0.7560326125453036,Astacus astacus,random_forest
2,20,stratified,0.0,2058,0.7802452692018995,0.391007615226554,11.578947368421051,8.202653799758746,0.0806501836254514,0.7888660645203518,Astacus astacus,random_forest
3,3,plain,1.0689990281827022,2058,0.8299660308327312,0.4440095393209972,0.7033248081841432,0.0,0.0315789944146866,0.9115257174146588,Astacus astacus,random_forest
3,3,stratified,0.0,2058,0.8383708190010006,0.4516774433002636,1.0230179028132993,0.2663115845539281,0.0277522251326021,0.922312304762737,Astacus astacus,random_forest
3,10,plain,2.0894071914480072,2058,0.8159160397624825,0.418545296608955,6.138107416879795,7.275541795665634,0.0576556122916135,0.8455168187736055,Astacus astacus,random_forest
3,10,stratified,0.0,2058,0.8098338126658748,0.4249051156786314,10.0383631713555,5.874316939890711,0.0510182873231698,0.8608585174539284,Astacus astacus,random_forest
3,20,plain,6.656948493683188,2058,0.753478157275975,0.3253393232126634,19.30946291560102,12.643678160919542,0.0990917498062224,0.7634922604117551,Astacus astacus,random_forest
3,20,stratified,0.0,2058,0.7942624470418659,0.4011477242367029,18.542199488491047,14.927184466019416,0.0750382741863273,0.8083259321029486,Astacus astacus,random_forest
4,3,plain,0.8260447035957235,2058,0.8378590213501895,0.4597340062942608,2.258852258852259,0.9615384615384616,0.0294403440243469,0.9177384989179844,Astacus astacus,random_forest
4,3,stratified,0.0,2058,0.8454722922419201,0.4905345882472701,0.3052503052503053,1.9635343618513323,0.0243015547641938,0.9329859342874764,Astacus astacus,random_forest
4,10,plain,3.644314868804664,2058,0.81364874583671,0.4280070938173135,7.875457875457875,4.755944931163955,0.0553313853408414,0.8492730708240812,Astacus astacus,random_forest
4,10,stratified,0.0,2058,0.8183167662705655,0.4582938663502883,9.951159951159951,11.794871794871794,0.0505939827077651,0.8631259538270709,Astacus astacus,random_forest
4,20,plain,7.482993197278912,2058,0.7486477146498581,0.3433296851922513,24.725274725274726,11.15485564304462,0.098809732391706,0.760444676377865,Astacus astacus,random_forest
4,20,stratified,0.0,2058,0.7946314457050847,0.4109681140111501,16.42246642246642,16.423357664233578,0.0755528566018059,0.8026333318025161,Astacus astacus,random_forest
5,3,plain,0.7774538386783263,2058,0.8225704713871497,0.4432820567354213,1.801200800533689,2.112676056338028,0.029493018794296,0.9149677631232004,Astacus astacus,random_forest
5,3,stratified,0.0,2058,0.8346848512725064,0.4793881767720012,3.268845897264843,2.5815217391304346,0.0251047056592174,0.9281498111453568,Astacus astacus,random_forest
5,10,plain,4.178814382896015,2058,0.7899706820978039,0.4140078841008387,6.937958639092728,4.05616224648986,0.0590575538529288,0.8330112832550726,Astacus astacus,random_forest
5,10,stratified,0.0,2058,0.8190731512874201,0.4406110575003771,8.20547031354236,12.438625204582651,0.0486973629649052,0.8612408849476584,Astacus astacus,random_forest
5,20,plain,6.316812439261419,2058,0.7617079408588444,0.3708927769935451,16.811207471647766,14.078947368421051,0.0934721831743772,0.7578250437717512,Astacus astacus,random_forest
5,20,stratified,0.0,2058,0.7871254332681324,0.4064293357061725,13.54236157438292,16.224188790560472,0.077188896945201,0.792073050217215,Astacus astacus,random_forest
6,3,plain,1.554907677356656,2058,0.8357629104104128,0.4715551746888486,2.652005174644243,2.9275808936825887,0.0285587693998077,0.918098961631064,Astacus astacus,random_forest
6,3,stratified,0.0,2058,0.8456126515121641,0.498397770884781,2.1992238033635187,2.6049204052098407,0.0285318047298578,0.919052683616009,Astacus astacus,random_forest
6,10,plain,2.721088435374149,2058,0.7979449379099454,0.4335679121032413,6.985769728331177,9.887005649717514,0.0634515234803347,0.8241258526918867,Astacus astacus,random_forest
6,10,stratified,0.0,2058,0.8189458404540189,0.4410924546434321,4.010349288486417,10.733695652173914,0.0529587198579473,0.8514820128567668,Astacus astacus,random_forest
6,20,plain,6.948493683187557,2058,0.7438550060114836,0.3497326400030868,18.88745148771022,20.49306625577812,0.1010621585753744,0.7495728878366831,Astacus astacus,random_forest
6,20,stratified,0.0,2058,0.8041809639419384,0.415836840088835,14.036222509702458,14.709677419354838,0.0742706551406901,0.8018124134302986,Astacus astacus,random_forest
7,3,plain,0.8260447035957235,2058,0.8331918743129408,0.4415290277893443,2.927478376580173,0.1410437235543018,0.0294869823720359,0.915375200023955,Astacus astacus,random_forest
7,3,stratified,0.0,2058,0.8355199628109292,0.4430667225604868,1.1976047904191618,1.7195767195767195,0.027250570903177,0.9212831649671416,Astacus astacus,random_forest
7,10,plain,3.644314868804664,2058,0.799855703950613,0.3962551453037682,5.52228875582169,6.952662721893491,0.0599599747004052,0.8301686749032975,Astacus astacus,random_forest
7,10,stratified,0.0,2058,0.823325387252245,0.4317546056487586,0.2661343978709248,5.276381909547738,0.0516201999986919,0.8541840802459464,Astacus astacus,random_forest
7,20,plain,6.802721088435373,2058,0.757528419238499,0.3201101934886525,11.510312707917498,9.851551956815117,0.0999188556342862,0.7493469161642956,Astacus astacus,random_forest
7,20,stratified,0.0,2058,0.7974479072030286,0.4097972172882259,9.780439121756489,14.250614250614252,0.0800089324682855,0.7840026708583928,Astacus astacus,random_forest
8,3,plain,1.3119533527696774,2058,0.8213913861111697,0.4360385174653769,2.152641878669276,0.9655172413793104,0.0326044760989136,0.9054711610926838,Astacus astacus,random_forest
8,3,stratified,0.0,2058,0.8358525246182535,0.4570375797285738,4.240052185257665,1.6646848989298455,0.0265202529741466,0.9254244360872028,Astacus astacus,random_forest
8,10,plain,3.838678328474245,2058,0.783582166359281,0.3704744095906245,9.523809523809524,4.9237983587338805,0.0655860214016477,0.8206450385779291,Astacus astacus,random_forest
8,10,stratified,0.0,2058,0.8108373531892645,0.4254699224955051,10.95890410958904,11.715481171548117,0.0528422568435547,0.8550675657484141,Astacus astacus,random_forest
8,20,plain,7.19144800777454,2058,0.7521661733063352,0.3481704066928957,16.43835616438356,0.8433734939759037,0.102125859216094,0.7443165578243365,Astacus astacus,random_forest
8,20,stratified,0.0,2058,0.7899170591682582,0.4131771312265472,16.43835616438356,17.955112219451372,0.0744634175054447,0.8029986392884605,Astacus astacus,random_forest
9,3,plain,1.020408163265305,2058,0.8485290747723692,0.4865212413843697,1.603592046183451,0.625,0.0286493783559296,0.9179853670269272,Astacus astacus,random_forest
9,3,stratified,0.0,2058,0.8535491432930958,0.4922520119863496,3.27132777421424,2.727272727272727,0.0273761531971667,0.9227272994109074,Astacus astacus,random_forest
9,10,plain,3.304178814382894,2058,0.8015200624128452,0.4208201261726507,5.9012187299551,6.940874035989718,0.0624289533750596,0.8283125191673202,Astacus astacus,random_forest
9,10,stratified,0.0,2058,0.8396950379802937,0.4764299549786261,9.621552277100706,7.004470938897168,0.0475340730821468,0.8686035954663246,Astacus astacus,random_forest
9,20,plain,6.316812439261419,2058,0.7668586677345649,0.3502564692920301,15.394483643361127,13.496143958868895,0.0938187454082489,0.7596237522138881,Astacus astacus,random_forest
9,20,stratified,0.0,2058,0.8069738692384782,0.4238059189267159,13.40602950609365,17.341040462427745,0.0764269720226971,0.7986204061692934,Astacus astacus,random_forest
10,3,plain,1.506316812439259,2058,0.8389381068131234,0.4706547571123355,2.7549824150058617,0.945945945945946,0.0284942014767725,0.920597159313364,Astacus astacus,random_forest
10,3,stratified,0.0,2058,0.8404809882966425,0.4759782054219855,2.7549824150058617,1.7647058823529411,0.0262023168586209,0.9283573980636742,Astacus astacus,random_forest
10,10,plain,3.5957240038872698,2058,0.8006091735913764,0.4033817604319242,6.858147713950761,7.133421400264201,0.0618889843210094,0.8304948478594505,Astacus astacus,random_forest
10,10,stratified,0.0,2058,0.8181107220920896,0.4294599440946018,6.799531066822978,3.945578231292517,0.0504931938531032,0.8591769584887319,Astacus astacus,random_forest
10,20,plain,6.85131195335277,2058,0.7445761826009557,0.3427344472079192,20.046893317702228,5.347593582887701,0.0970707109948148,0.7639844531615814,Astacus astacus,random_forest
10,20,stratified,0.0,2058,0.790229638298179,0.4049500668041141,9.085580304806564,5.651105651105651,0.0762405113439415,0.8009953632176945,Astacus astacus,random_forest
11,3,plain,1.2633624878522802,2058,0.8408357183567648,0.4609317412906035,2.9869321717486,-2.302158273381295,0.0309762414895913,0.9119635098749816,Astacus astacus,random_forest
11,3,stratified,0.0,2058,0.8501504209376768,0.4815086945329095,2.551337896701929,-0.7125890736342043,0.0264708664429925,0.9252297462750638,Astacus astacus,random_forest
11,10,plain,3.206997084548103,2058,0.803065935499973,0.4199728954659916,8.21406347230865,4.081632653061225,0.0620803727426718,0.8277290897326064,Astacus astacus,random_forest
11,10,stratified,0.0,2058,0.8235011172263154,0.4498706864222588,5.040448039825762,5.9620596205962055,0.0530305777921661,0.8505501976077225,Astacus astacus,random_forest
11,20,plain,7.531584062196309,2058,0.7477381569595307,0.348238617047257,13.192283758556316,2.981651376146789,0.1016570054192324,0.7499526138138765,Astacus astacus,random_forest
11,20,stratified,0.0,2058,0.7918243128607062,0.4101576845415318,12.507778469197262,14.054726368159203,0.0797930094200386,0.793147416333059,Astacus astacus,random_forest
12,3,plain,0.6316812439261419,2058,0.837262434594195,0.4678251783636962,1.425914445133292,4.415584415584416,0.0282283798013093,0.9195150352836918,Astacus astacus,random_forest
12,3,stratified,0.0,2058,0.8520576192835037,0.4671291997334799,-1.115933044017359,3.580562659846547,0.026658998033586,0.9247580958169184,Astacus astacus,random_forest
12,10,plain,3.4985422740524754,2058,0.8039515014002248,0.4057391078505767,5.951642901425915,7.133917396745932,0.0616006944580698,0.8276068712082766,Astacus astacus,random_forest
12,10,stratified,0.0,2058,0.8260296268718579,0.4369325003071648,8.369497830130191,10.947712418300654,0.0528064132456077,0.8539585985775096,Astacus astacus,random_forest
12,20,plain,6.559766763848398,2058,0.7512607437624367,0.3315739186133639,10.787352758834473,12.857142857142856,0.0997542516072491,0.7560825188020138,Astacus astacus,random_forest
12,20,stratified,0.0,2058,0.7953341927512151,0.4040117586924944,11.841289522628642,16.36828644501279,0.0789491236902547,0.7916241375931523,Astacus astacus,random_forest
13,3,plain,1.4091350826044715,2058,0.8379594551451476,0.4649393254719738,3.907751441383728,3.901734104046243,0.0298543449980409,0.9151149169937636,Astacus astacus,random_forest
13,3,stratified,0.0,2058,0.8372692394032367,0.4673456648546997,0.128122998078155,0.8391608391608392,0.0269187402306067,0.9240056888585396,Astacus astacus,random_forest
13,10,plain,4.130223517978617,2058,0.7980262806504816,0.4167131780030633,5.381165919282512,6.013986013986014,0.063449162421,0.8236794158712468,Astacus astacus,random_forest
13,10,stratified,0.0,2058,0.8190483059234074,0.455236457658237,4.228058936579116,1.6107382550335572,0.0519981786144847,0.8538669973049307,Astacus astacus,random_forest
13,20,plain,8.066083576287653,2058,0.7565551412405926,0.3473975705207099,13.004484304932737,7.248322147651007,0.0965538514176235,0.7592779496079503,Astacus astacus,random_forest
13,20,stratified,0.0,2058,0.7907648891656911,0.3991970886368117,8.904548366431776,7.785234899328859,0.078198076790825,0.793548185201104,Astacus astacus,random_forest
14,3,plain,1.166180758017493,2058,0.8431405448796484,0.4616742977042001,4.004643064422519,1.930036188178528,0.0305644784860792,0.9144599622366644,Astacus astacus,random_forest
14,3,stratified,0.0,2058,0.8461013653378556,0.4664175557246948,2.785838653511317,4.399524375743162,0.0241950973178723,0.9341282930833618,Astacus astacus,random_forest
14,10,plain,3.109815354713316,2058,0.8032928509700489,0.3995984064004005,9.34416715031921,8.799999999999999,0.0560711343525311,0.8473734346531302,Astacus astacus,random_forest
14,10,stratified,0.0,2058,0.8288909477525731,0.4563838713476199,9.576320371445156,8.86426592797784,0.0508291605352482,0.8587119787763964,Astacus astacus,random_forest
14,20,plain,7.482993197278912,2058,0.7546760156803217,0.3348855923418261,21.6482878699942,12.746386333771351,0.1029291057315161,0.7517760430665932,Astacus astacus,random_forest
14,20,stratified,0.0,2058,0.8155010771508038,0.4186158836855185,16.94718514219385,10.652173913043478,0.0746711925749935,0.8052654383476539,Astacus astacus,random_forest
0,3,plain,1.020408163265305,2058,0.8107962546700853,0.4067944005234383,5.327039784221173,0.0,0.0368526255730348,0.8517797095506481,Astacus astacus,xgboost
0,3,stratified,0.0,2058,0.8212795810947617,0.4148129257493873,2.2252191503708696,0.0,0.0352577875087004,0.8595172669223703,Astacus astacus,xgboost
0,10,plain,3.2555879494655,2058,0.7457937678676486,0.3401855763076215,14.632501685772084,-1.56062424969988,0.0730289573734632,0.7224723746551177,Astacus astacus,xgboost
0,10,stratified,0.0,2058,0.7870552540068876,0.3781795126817504,8.024275118004045,1.8304431599229287,0.0623240274705227,0.7556542876052317,Astacus astacus,xgboost
0,20,plain,7.24003887269193,2058,0.7205853818594533,0.3253239724980396,29.467296021577884,-1.0285714285714285,0.1100947325471968,0.6162879080526509,Astacus astacus,xgboost
0,20,stratified,0.0,2058,0.7554916578006148,0.3352345609034872,17.06001348617667,1.718213058419244,0.0885713415811266,0.6684415290770096,Astacus astacus,xgboost
1,3,plain,0.7288629737609327,2058,0.7983972689050428,0.4173014267508482,4.574042309891366,1.6607354685646498,0.0370495541824826,0.863365781123061,Astacus astacus,xgboost
1,3,stratified,0.0,2058,0.8157972725026488,0.4214126399852291,4.345340194396798,2.207792207792208,0.0350095623572418,0.8721689664606169,Astacus astacus,xgboost
1,10,plain,3.984450923226433,2058,0.7529310625964988,0.3545790804080518,9.090909090909092,-3.293413173652695,0.068997279166562,0.7494506279876402,Astacus astacus,xgboost
1,10,stratified,0.0,2058,0.7953488318079684,0.4071726746902959,12.978845054316752,2.834008097165992,0.0609704311092998,0.7782310855775261,Astacus astacus,xgboost
1,20,plain,7.434402332361515,2058,0.7427123863169818,0.3365372303800547,23.38479130931961,2.7426160337552745,0.1139057895755139,0.6257857288577555,Astacus astacus,xgboost
1,20,stratified,0.0,2058,0.7589053530447584,0.3675489812512119,14.522584333905089,2.3182297154899896,0.085938399250683,0.6974848547213647,Astacus astacus,xgboost
2,3,plain,1.0689990281827022,2058,0.8245775760638921,0.43257748787565,1.132975551580203,-0.234192037470726,0.0376894329826696,0.8574542280307981,Astacus astacus,xgboost
2,3,stratified,0.0,2058,0.8271766729133088,0.4333030752224327,0.0596302921884317,2.771362586605081,0.0380661993237654,0.8559530680694049,Astacus astacus,xgboost
2,10,plain,3.7414965986394577,2058,0.7749625969703592,0.4039208975970147,6.9171138938580805,2.2304832713754648,0.0700170898815141,0.7377602970609322,Astacus astacus,xgboost
2,10,stratified,0.0,2058,0.7914555605749617,0.4078697997126708,8.825283243887895,3.549060542797495,0.0616396172867155,0.7689628320680192,Astacus astacus,xgboost
2,20,plain,6.89990281827016,2058,0.7426719444253953,0.3358647906400702,24.20989862850328,5.749486652977413,0.108778066653191,0.6306914241258579,Astacus astacus,xgboost
2,20,stratified,0.0,2058,0.7684218835766778,0.37664023856614,16.696481812760883,8.377518557794273,0.0912275138160044,0.6724093941799053,Astacus astacus,xgboost
3,3,plain,1.0689990281827022,2058,0.8085040990941795,0.4221639204617379,4.823989569752282,-2.2459893048128343,0.0397792945685555,0.8412372000275367,Astacus astacus,xgboost
3,3,stratified,0.0,2058,0.8279009676315925,0.450906009426869,4.69361147327249,-0.4711425206124852,0.0354926590221682,0.8596300631379379,Astacus astacus,xgboost
3,10,plain,2.0894071914480072,2058,0.7894507651317062,0.3878411868205326,12.71186440677966,-1.0857763300760044,0.0700721518801772,0.7303587739986055,Astacus astacus,xgboost
3,10,stratified,0.0,2058,0.7964106740117316,0.3970935356136078,13.168187744458931,0.8951406649616368,0.0603572847880042,0.76469940634669,Astacus astacus,xgboost
3,20,plain,6.656948493683188,2058,0.7330821805362663,0.3361354667609361,34.485006518904825,4.984423676012461,0.1128727114520183,0.6166859310802626,Astacus astacus,xgboost
3,20,stratified,0.0,2058,0.7787766970639618,0.3847142592593121,27.053455019556715,8.189158016147635,0.0916368508840295,0.669394186030319,Astacus astacus,xgboost
4,3,plain,0.8260447035957235,2058,0.8093565214335577,0.4080002916549665,4.647160068846816,-3.861788617886179,0.0362008319582913,0.8658354508807135,Astacus astacus,xgboost
4,3,stratified,0.0,2058,0.823724573244627,0.4252734439669788,-1.032702237521515,-5.482233502538072,0.0324690427362789,0.8817575525426047,Astacus astacus,xgboost
4,10,plain,3.644314868804664,2058,0.7743049058225041,0.3707135541803969,9.236947791164658,-5.284147557328016,0.0634704333901291,0.7678811536691178,Astacus astacus,xgboost
4,10,stratified,0.0,2058,0.7975570362210118,0.4041418068578299,8.261617900172118,-4.972972972972973,0.0578356620533029,0.7877871794452809,Astacus astacus,xgboost
4,20,plain,7.482993197278912,2058,0.7306842847088068,0.3055775339616672,26.735513482501432,3.790322580645161,0.110586775122986,0.6332100328178563,Astacus astacus,xgboost
4,20,stratified,0.0,2058,0.7595547974816522,0.3602634016978565,12.736660929432016,-8.38709677419355,0.0862447020789766,0.6946140898787966,Astacus astacus,xgboost
5,3,plain,0.7774538386783263,2058,0.7985338485877209,0.392857161030633,3.2035175879396984,-7.888040712468193,0.0353414291419465,0.8614835116220114,Astacus astacus,xgboost
5,3,stratified,0.0,2058,0.8148073179929785,0.4064133166120514,4.836683417085427,2.192448233861145,0.033276205860779,0.8716333013367525,Astacus astacus,xgboost
5,10,plain,4.178814382896015,2058,0.7748273869137778,0.3643959668870588,11.746231155778894,-0.986842105263158,0.0661769274336995,0.7459926004666374,Astacus astacus,xgboost
5,10,stratified,0.0,2058,0.7911889909434511,0.4033094009198447,12.876884422110551,1.0362694300518136,0.0566391601072303,0.7811609029565159,Astacus astacus,xgboost
5,20,plain,6.316812439261419,2058,0.7330789452792491,0.3187195385940996,24.87437185929648,3.4554973821989527,0.1039885449447692,0.6342865359779553,Astacus astacus,xgboost
5,20,stratified,0.0,2058,0.756314761764404,0.3523992610975485,18.27889447236181,6.889564336372847,0.0868396295189716,0.6819841681722039,Astacus astacus,xgboost
6,3,plain,1.554907677356656,2058,0.7989197425531714,0.3983809154793308,3.982300884955752,-3.16055625790139,0.0393072238893619,0.8491618647096232,Astacus astacus,xgboost
6,3,stratified,0.0,2058,0.8117424275576448,0.409595347495104,5.056890012642225,-0.5747126436781609,0.0343386175545471,0.8699584149712597,Astacus astacus,xgboost
6,10,plain,2.721088435374149,2058,0.7597868832970565,0.3734889344068827,13.780025284450062,4.338153503893214,0.0716554719819227,0.7323667803192943,Astacus astacus,xgboost
6,10,stratified,0.0,2058,0.7878577031584851,0.3966143828190428,8.027812895069532,4.037267080745342,0.0606372698145268,0.7680824099061967,Astacus astacus,xgboost
6,20,plain,6.948493683187557,2058,0.7233945106256522,0.2957174822994531,27.4968394437421,7.729468599033816,0.1107723088980845,0.6217441036947767,Astacus astacus,xgboost
6,20,stratified,0.0,2058,0.7717529934016332,0.3718458757493033,17.63590391908976,8.173562058526741,0.0825599116938895,0.6988464968738779,Astacus astacus,xgboost
7,3,plain,0.8260447035957235,2058,0.8086840266974129,0.4125293723030923,4.134860050890586,-2.7056277056277054,0.0373775568285316,0.8539017204189386,Astacus astacus,xgboost
7,3,stratified,0.0,2058,0.82157952965686,0.4261829401793815,4.643765903307888,-2.162849872773537,0.035378442026099,0.8626177109656776,Astacus astacus,xgboost
7,10,plain,3.644314868804664,2058,0.7784206027015338,0.3692089487334996,15.267175572519085,0.6369426751592357,0.0682184983255852,0.7394648529068687,Astacus astacus,xgboost
7,10,stratified,0.0,2058,0.8089966924110982,0.3999452938567752,10.30534351145038,2.5974025974025974,0.0603184098900589,0.7690369437541744,Astacus astacus,xgboost
7,20,plain,6.802721088435373,2058,0.7428666841273017,0.3157922346104504,30.788804071246812,2.5396825396825395,0.1089356776862347,0.6267314557122295,Astacus astacus,xgboost
7,20,stratified,0.0,2058,0.7773969057283999,0.3695374376875924,21.183206106870227,7.915057915057915,0.0904450260402285,0.6699124033190286,Astacus astacus,xgboost
8,3,plain,1.3119533527696774,2058,0.7922360650329275,0.3905776285955726,4.421052631578947,-1.327433628318584,0.0410779489033042,0.8320199433756026,Astacus astacus,xgboost
8,3,stratified,0.0,2058,0.8118230101444025,0.4134302783859984,5.192982456140351,-1.2850467289719625,0.0341940159516271,0.8605145646356602,Astacus astacus,xgboost
8,10,plain,3.838678328474245,2058,0.7684430152757339,0.3482890777350635,12.771929824561404,1.5888778550148956,0.0740174638694424,0.7123881417969744,Astacus astacus,xgboost
8,10,stratified,0.0,2058,0.79316279824645,0.3980917928069268,13.473684210526317,1.0688836104513064,0.0623748735322234,0.7523347917176318,Astacus astacus,xgboost
8,20,plain,7.19144800777454,2058,0.7518575965965069,0.3264093705847743,27.368421052631582,2.38353196099675,0.1117525647987192,0.6040314020301876,Astacus astacus,xgboost
8,20,stratified,0.0,2058,0.7744756684213769,0.366735506373017,23.57894736842105,12.525252525252526,0.08928414889241,0.6679665981210654,Astacus astacus,xgboost
9,3,plain,1.020408163265305,2058,0.8248127458996816,0.4270502533393878,3.947368421052632,-1.6891891891891893,0.0356387195543906,0.8635040253589342,Astacus astacus,xgboost
9,3,stratified,0.0,2058,0.826316047954685,0.4243052261751033,3.195488721804511,-2.8665931642778397,0.0333004746065653,0.873282675307703,Astacus astacus,xgboost
9,10,plain,3.304178814382894,2058,0.7598313863623145,0.3562222791286193,10.839598997493734,0.0980392156862745,0.0691852982211516,0.7400125823551551,Astacus astacus,xgboost
9,10,stratified,0.0,2058,0.8040536859862027,0.40370273740975,7.832080200501252,1.4909478168264112,0.0547113609142597,0.7920733150466965,Astacus astacus,xgboost
9,20,plain,6.316812439261419,2058,0.7274351092914971,0.2910008170979276,27.694235588972436,6.882168925964546,0.1073217260231589,0.6296450499165498,Astacus astacus,xgboost
9,20,stratified,0.0,2058,0.7675640521203625,0.3612896750701291,20.23809523809524,5.324813631522897,0.0882244803251818,0.6828205319125461,Astacus astacus,xgboost
10,3,plain,1.506316812439259,2058,0.8226602003123115,0.4406155480817946,4.30622009569378,0.3926701570680628,0.0362668408537774,0.8617285354964542,Astacus astacus,xgboost
10,3,stratified,0.0,2058,0.8466489258931387,0.4626668027697989,3.648325358851675,-1.7471736896197323,0.0342064370279539,0.8702613451687499,Astacus astacus,xgboost
10,10,plain,3.5957240038872698,2058,0.7982543345811977,0.4028054060188776,10.167464114832535,-1.5398550724637683,0.069030302195307,0.7428896295243582,Astacus astacus,xgboost
10,10,stratified,0.0,2058,0.810932566111475,0.4344649888221589,9.748803827751196,0.6510416666666667,0.058686866397219,0.7767120204201192,Astacus astacus,xgboost
10,20,plain,6.85131195335277,2058,0.7521802570130303,0.3374445846592507,22.9066985645933,3.4782608695652173,0.1056016382119668,0.6415595250156024,Astacus astacus,xgboost
10,20,stratified,0.0,2058,0.7798461259227005,0.3873424496774173,19.019138755980865,1.83982683982684,0.0880515227946913,0.6855713472767067,Astacus astacus,xgboost
11,3,plain,1.2633624878522802,2058,0.7965177459449903,0.3917259502636088,4.103802051901026,-2.7251184834123223,0.036815266725274,0.8594068208191967,Astacus astacus,xgboost
11,3,stratified,0.0,2058,0.8090298412398966,0.4010979603205256,0.9656004828002416,-5.128205128205128,0.0332285993621416,0.8746419885550496,Astacus astacus,xgboost
11,10,plain,3.206997084548103,2058,0.7496354132858102,0.343376841884191,11.406155703077852,-0.8604206500956023,0.073685105740773,0.7262939433705486,Astacus astacus,xgboost
11,10,stratified,0.0,2058,0.7916803600244633,0.3740457077717832,5.853952926976463,-4.399141630901288,0.0620604948169009,0.7646772740256182,Astacus astacus,xgboost
11,20,plain,7.531584062196309,2058,0.7449575936140928,0.3208077410444434,25.95051297525649,-5.952380952380952,0.1182927964167294,0.604437112059174,Astacus astacus,xgboost
11,20,stratified,0.0,2058,0.7607566789807851,0.3542781192859468,18.648159324079664,2.1517553793884483,0.0924552158519016,0.6695648270487689,Astacus astacus,xgboost
12,3,plain,0.6316812439261419,2058,0.8152505333001743,0.43434983727681,4.120340091563113,-4.009163802978236,0.0349413267970994,0.8603293803397414,Astacus astacus,xgboost
12,3,stratified,0.0,2058,0.8319989474148209,0.4517646907650362,1.2426422498364944,-1.8703241895261848,0.0360721830889283,0.8573562520039192,Astacus astacus,xgboost
12,10,plain,3.4985422740524754,2058,0.7779572590015247,0.3786250288920091,9.941137998691955,-1.1267605633802815,0.0744038545708198,0.7128518630468818,Astacus astacus,xgboost
12,10,stratified,0.0,2058,0.8018551435275064,0.396086287241444,12.426422498364945,2.447163515016685,0.0627555632435862,0.753555989837458,Astacus astacus,xgboost
12,20,plain,6.559766763848398,2058,0.7248253607369195,0.2806423436346854,31.32766514061478,1.0638297872340423,0.1128157248996959,0.6097404745017576,Astacus astacus,xgboost
12,20,stratified,0.0,2058,0.7625694403194527,0.3498308021540599,21.909744931327666,4.566744730679157,0.0925419493431516,0.6573958415873431,Astacus astacus,xgboost
13,3,plain,1.4091350826044715,2058,0.8138559141201996,0.4258050925896372,3.396901072705602,1.818181818181818,0.0349693934591348,0.8661255599123965,Astacus astacus,xgboost
13,3,stratified,0.0,2058,0.8165422470434159,0.4368313678589222,-0.3575685339690107,0.684931506849315,0.0332984198653105,0.8743115507455648,Astacus astacus,xgboost
13,10,plain,4.130223517978617,2058,0.7704505959805733,0.3812540101447292,10.905840286054827,1.625239005736138,0.0694875494279348,0.740475697773416,Astacus astacus,xgboost
13,10,stratified,0.0,2058,0.8040486209755684,0.4235134615446879,7.68772348033373,-4.605263157894736,0.0594412168825624,0.7729546625287022,Astacus astacus,xgboost
13,20,plain,8.066083576287653,2058,0.7459427607916745,0.3307532576381622,25.685339690107277,5.7324840764331215,0.1060283667454705,0.6363379634561215,Astacus astacus,xgboost
13,20,stratified,0.0,2058,0.769205946869702,0.3904065374238163,17.222884386174016,4.882629107981221,0.0871339304387386,0.6859319794160228,Astacus astacus,xgboost
14,3,plain,1.166180758017493,2058,0.8130074696405213,0.4317616217600625,0.1765744555620953,-5.93654042988741,0.0381212057895258,0.8554338118714656,Astacus astacus,xgboost
14,3,stratified,0.0,2058,0.813618389860514,0.4190069959792521,1.5303119482048262,3.022974607013301,0.0317584173366925,0.8812434703737363,Astacus astacus,xgboost
14,10,plain,3.109815354713316,2058,0.7778589544276377,0.407051061985529,6.4155385520894646,-2.73224043715847,0.0653397297718654,0.7547235138765978,Astacus astacus,xgboost
14,10,stratified,0.0,2058,0.7926003282503036,0.3832088107986698,8.063566804002354,1.3131313131313131,0.0590320895495247,0.776936429387883,Astacus astacus,xgboost
14,20,plain,7.482993197278912,2058,0.7358874204354069,0.3224082912470443,26.250735726898174,6.267281105990784,0.1141452739431125,0.6193994951238961,Astacus astacus,xgboost
14,20,stratified,0.0,2058,0.7791113822137914,0.3681095538461039,12.5956444967628,-1.6538037486218304,0.0872669965714767,0.6863690939593472,Astacus astacus,xgboost
0,3,plain,0.4032258064516085,744,0.8788116233082157,0.4674450752489886,2.405498281786942,7.6158940397351,0.0170096995505086,0.9495121243337672,Austropotamobius fulcisianus (pooled),random_forest
0,3,stratified,0.0,744,0.8803923562851741,0.5153523704772617,3.694158075601375,0.9448818897637796,0.016401250339528,0.951575931080766,Austropotamobius fulcisianus (pooled),random_forest
0,10,plain,2.1505376344086,744,0.8554681534856937,0.4658577664205381,3.951890034364261,11.937716262975778,0.0251390850954371,0.9248303818993316,Austropotamobius fulcisianus (pooled),random_forest
0,10,stratified,0.0,744,0.8713952068507422,0.5319043143185103,6.357388316151202,6.902654867256637,0.0285256394080382,0.9138214195090172,Austropotamobius fulcisianus (pooled),random_forest
0,20,plain,0.8064516129032242,744,0.8422845565806019,0.4699514346533638,4.553264604810996,8.368200836820083,0.0379715502382642,0.8865440381466712,Austropotamobius fulcisianus (pooled),random_forest
0,20,stratified,0.0,744,0.8558434016938512,0.5312191615559797,6.872852233676976,9.15492957746479,0.0372065950889702,0.8887509695902558,Austropotamobius fulcisianus (pooled),random_forest
1,3,plain,0.5376344086021518,744,0.848570391393087,0.4577624466782516,-3.923019985196151,4.793388429752066,0.0175946714432165,0.9484334051980564,Austropotamobius fulcisianus (pooled),random_forest
1,3,stratified,0.0,744,0.8470255249357118,0.4561321406372878,0.8882309400444115,3.3587786259541987,0.015792515236518,0.9536579200449272,Austropotamobius fulcisianus (pooled),random_forest
1,10,plain,-0.4032258064516156,744,0.8237103402798078,0.389189959058644,1.9985196150999256,9.45736434108527,0.0274854449789273,0.918841727987597,Austropotamobius fulcisianus (pooled),random_forest
1,10,stratified,0.0,744,0.8232368988628712,0.4044926934821874,3.923019985196151,7.142857142857142,0.030475093597095,0.9098364599826332,Austropotamobius fulcisianus (pooled),random_forest
1,20,plain,0.5376344086021518,744,0.8285255023536988,0.408273799601157,2.8867505551443373,6.363636363636363,0.0405503969818613,0.881196412324553,Austropotamobius fulcisianus (pooled),random_forest
1,20,stratified,0.0,744,0.829613104103509,0.4099093669561461,6.365655070318282,14.263565891472869,0.0331765378274959,0.9022409945034864,Austropotamobius fulcisianus (pooled),random_forest
2,3,plain,-0.1344086021505361,744,0.8244673017792582,0.4235439589607386,-0.4587155963302752,1.228878648233487,0.0159537891333491,0.9522437703138062,Austropotamobius fulcisianus (pooled),random_forest
2,3,stratified,0.0,744,0.8320720104428703,0.44560896107752,-3.746177370030581,-2.504173622704508,0.0168070379007213,0.949949875770599,Austropotamobius fulcisianus (pooled),random_forest
2,10,plain,1.0752688172042966,744,0.8122604253036491,0.402615580935591,6.269113149847094,7.062600321027287,0.02314451654331,0.9325542915419084,Austropotamobius fulcisianus (pooled),random_forest
2,10,stratified,0.0,744,0.8283744312486068,0.4380588393093703,3.89908256880734,3.672787979966611,0.0251108711570741,0.923362171983254,Austropotamobius fulcisianus (pooled),random_forest
2,20,plain,1.0752688172042966,744,0.812477642167307,0.4363892396410764,4.510703363914373,7.164179104477612,0.0404958606989834,0.8784207771255589,Austropotamobius fulcisianus (pooled),random_forest
2,20,stratified,0.0,744,0.8152636038443835,0.4655926452277611,3.440366972477064,9.618874773139746,0.0405448943511517,0.8795456347695003,Austropotamobius fulcisianus (pooled),random_forest
3,3,plain,0.4032258064516085,744,0.876817269161506,0.4850772909298623,0.0799360511590727,5.596465390279824,0.0177348601770177,0.948032673195284,Austropotamobius fulcisianus (pooled),random_forest
3,3,stratified,0.0,744,0.8693562930373804,0.4279217377177118,1.7585931254996003,0.6954102920723227,0.0161007209886556,0.9526055906154908,Austropotamobius fulcisianus (pooled),random_forest
3,10,plain,0.0,744,0.8696899636361787,0.441887726811579,8.47322142286171,5.206738131699847,0.0279985805535841,0.9170342350716824,Austropotamobius fulcisianus (pooled),random_forest
3,10,stratified,0.0,744,0.855273161640079,0.415232420720529,3.597122302158273,6.368330464716007,0.0220255365169488,0.9345977598919144,Austropotamobius fulcisianus (pooled),random_forest
3,20,plain,0.9408602150537604,744,0.8466841045040328,0.435332227714482,17.106314948041568,8.04953560371517,0.0406701424328109,0.88256924911118,Austropotamobius fulcisianus (pooled),random_forest
3,20,stratified,0.0,744,0.848872653380649,0.4339133573798185,12.470023980815348,5.536332179930796,0.0343968071843515,0.8990341680652179,Austropotamobius fulcisianus (pooled),random_forest
4,3,plain,0.672043010752688,744,0.8747665559658058,0.532063665642986,-0.1699235344095157,4.692556634304207,0.0175741660752306,0.9469293970458202,Austropotamobius fulcisianus (pooled),random_forest
4,3,stratified,0.0,744,0.8676397560768851,0.5453958888008775,5.607476635514018,4.09982174688057,0.0182585979774766,0.9459104041233348,Austropotamobius fulcisianus (pooled),random_forest
4,10,plain,0.672043010752688,744,0.8726218307257047,0.5252830735745339,10.875106202209006,12.54295532646048,0.0271256061749674,0.9189510848553004,Austropotamobius fulcisianus (pooled),random_forest
4,10,stratified,0.0,744,0.8695934979533513,0.5234073589854997,9.430756159728125,8.286252354048965,0.0278603865550636,0.916143019485502,Austropotamobius fulcisianus (pooled),random_forest
4,20,plain,0.5376344086021518,744,0.8494795320924771,0.4984634925148269,14.613423959218352,10.946196660482377,0.0414573373738739,0.8773164878013784,Austropotamobius fulcisianus (pooled),random_forest
4,20,stratified,0.0,744,0.8449728055929001,0.4866114141268053,10.790144435004247,9.58904109589041,0.0360869969821117,0.8912485072091422,Austropotamobius fulcisianus (pooled),random_forest
5,3,plain,-0.1344086021505361,744,0.8305745324645682,0.4363248433586173,5.311973018549747,4.133545310015898,0.0162698731886098,0.9517625604410878,Austropotamobius fulcisianus (pooled),random_forest
5,3,stratified,0.0,744,0.8220501130193524,0.4312673763878191,5.227655986509275,5.147058823529411,0.0159956665577673,0.952299676661091,Austropotamobius fulcisianus (pooled),random_forest
5,10,plain,1.6129032258064484,744,0.8303691383260681,0.4326922410036107,14.080944350758854,7.980456026058631,0.0234235449735449,0.9295071670772126,Austropotamobius fulcisianus (pooled),random_forest
5,10,stratified,0.0,744,0.8344693994920268,0.4692532073574135,14.502529510961216,9.643916913946589,0.0255008171204764,0.922311370508336,Austropotamobius fulcisianus (pooled),random_forest
5,20,plain,0.4032258064516085,744,0.8166406693101802,0.4209994222225562,14.333895446880272,18.461538461538463,0.0375692927677077,0.889188418159971,Austropotamobius fulcisianus (pooled),random_forest
5,20,stratified,0.0,744,0.8050761632281698,0.4201918913355736,16.526138279932546,17.04697986577181,0.0404342024626268,0.8801302601185876,Austropotamobius fulcisianus (pooled),random_forest
6,3,plain,-0.5376344086021518,744,0.8713975756493708,0.4801746343621985,0.5439005439005439,0.1689189189189189,0.0184023342007728,0.9452241157954668,Austropotamobius fulcisianus (pooled),random_forest
6,3,stratified,0.0,744,0.8735519964478449,0.4874467712239969,2.564102564102564,0.5617977528089888,0.0180201749148519,0.9470410908384128,Austropotamobius fulcisianus (pooled),random_forest
6,10,plain,0.5376344086021518,744,0.8661651516506818,0.495844202090583,3.108003108003108,1.07095046854083,0.0281243827473422,0.9168260138117166,Austropotamobius fulcisianus (pooled),random_forest
6,10,stratified,0.0,744,0.8588509078392244,0.4753934238531706,5.361305361305361,2.5597269624573378,0.0250153123720902,0.9246171195770732,Austropotamobius fulcisianus (pooled),random_forest
6,20,plain,1.8817204301075208,744,0.8486740013610798,0.4714530045274596,3.3411033411033406,3.339191564147628,0.0357236151322501,0.8939185414910084,Austropotamobius fulcisianus (pooled),random_forest
6,20,stratified,0.0,744,0.8506666018879017,0.4918670636308436,0.6216006216006216,4.925373134328359,0.0341624999530606,0.898047292615742,Austropotamobius fulcisianus (pooled),random_forest
7,3,plain,-0.4032258064516156,744,0.8519416816646628,0.4423516687046845,1.13544201135442,-1.0447761194029852,0.0201990379307625,0.9385584573162992,Austropotamobius fulcisianus (pooled),random_forest
7,3,stratified,0.0,744,0.8457892620727999,0.4370523991812569,-1.37875101378751,-3.3379694019471486,0.0185298194524241,0.944009068106294,Austropotamobius fulcisianus (pooled),random_forest
7,10,plain,1.2096774193548328,744,0.8305160339727511,0.4150292197813076,9.48905109489051,6.675938803894297,0.0304974673395894,0.9073504987822804,Austropotamobius fulcisianus (pooled),random_forest
7,10,stratified,0.0,744,0.8245176320470589,0.3970856750336047,6.244931062449311,2.5,0.0260951714413389,0.9210599380929884,Austropotamobius fulcisianus (pooled),random_forest
7,20,plain,0.9408602150537604,744,0.8259027603044595,0.4311426910733533,6.163828061638281,7.640750670241286,0.0339677339426688,0.8979670650834155,Austropotamobius fulcisianus (pooled),random_forest
7,20,stratified,0.0,744,0.8234114707699889,0.4042766210861654,6.244931062449311,7.26950354609929,0.0303004009645954,0.9090912405796624,Austropotamobius fulcisianus (pooled),random_forest
8,3,plain,0.0,744,0.8685510375834216,0.5110804312059858,1.4592274678111588,3.725782414307005,0.0188328996135951,0.9435784202669856,Austropotamobius fulcisianus (pooled),random_forest
8,3,stratified,0.0,744,0.8615201543668928,0.4979649244793506,3.6051502145922742,1.9677996422182469,0.0174965696711615,0.9479296935174076,Austropotamobius fulcisianus (pooled),random_forest
8,10,plain,0.5376344086021518,744,0.8564172524022993,0.4923774398908731,4.978540772532189,6.25,0.0276483518649948,0.9169083233512618,Austropotamobius fulcisianus (pooled),random_forest
8,10,stratified,0.0,744,0.8491393139556074,0.4904821553792766,9.27038626609442,5.132743362831858,0.0242707338688176,0.9270885746757476,Austropotamobius fulcisianus (pooled),random_forest
8,20,plain,1.344086021505376,744,0.8136188281269022,0.4375111961869624,9.871244635193133,9.40032414910859,0.0357552697886977,0.8934697564008572,Austropotamobius fulcisianus (pooled),random_forest
8,20,stratified,0.0,744,0.8276376507765844,0.4656607852830399,13.733905579399142,5.631067961165048,0.0394107043658616,0.8833351664202318,Austropotamobius fulcisianus (pooled),random_forest
9,3,plain,-0.1344086021505361,744,0.8354369781897948,0.4178080058765784,-0.6912442396313364,3.571428571428571,0.0157179000454373,0.9538853335045332,Austropotamobius fulcisianus (pooled),random_forest
9,3,stratified,0.0,744,0.8392158469737837,0.4099544799290352,2.7649769585253456,4.777070063694268,0.0162020345398627,0.9523444662096304,Austropotamobius fulcisianus (pooled),random_forest
9,10,plain,0.8064516129032242,744,0.8217414616306297,0.3955781134864873,9.37019969278034,15.607734806629834,0.0301624779569894,0.9124689114003088,Austropotamobius fulcisianus (pooled),random_forest
9,10,stratified,0.0,744,0.8244191359158198,0.3989892452487544,8.294930875576037,15.714285714285714,0.0229859018554192,0.9325564480861014,Austropotamobius fulcisianus (pooled),random_forest
9,20,plain,1.344086021505376,744,0.8141282687744144,0.4141912036141718,11.52073732718894,13.442622950819672,0.0433044201861803,0.8754651498247704,Austropotamobius fulcisianus (pooled),random_forest
9,20,stratified,0.0,744,0.8074857337361193,0.3708410539732738,1.7665130568356373,9.183673469387756,0.0323943894315079,0.9042156597924584,Austropotamobius fulcisianus (pooled),random_forest
10,3,plain,-0.4032258064516156,744,0.8388583484018983,0.4277659385325202,-1.06951871657754,-0.2967359050445104,0.0197864018535416,0.9426865093389614,Austropotamobius fulcisianus (pooled),random_forest
10,3,stratified,0.0,744,0.8496850846437305,0.4434567710767255,2.979373567608862,3.661971830985916,0.0157309709689411,0.9547626378895784,Austropotamobius fulcisianus (pooled),random_forest
10,10,plain,-0.1344086021505361,744,0.8284930253527722,0.3887661151326826,5.500381970970206,3.7142857142857135,0.0267714244407643,0.9217768179971838,Austropotamobius fulcisianus (pooled),random_forest
10,10,stratified,0.0,744,0.8325805116003928,0.424723381577115,4.201680672268908,3.0,0.0247762285909553,0.9275654390631644,Austropotamobius fulcisianus (pooled),random_forest
10,20,plain,0.9408602150537604,744,0.8158811619349813,0.3941448077682736,9.702062643239111,0.0,0.0456699982976656,0.8686294565581967,Austropotamobius fulcisianus (pooled),random_forest
10,20,stratified,0.0,744,0.8143487639082627,0.4105633373481768,9.62566844919786,11.182795698924732,0.0340788089417613,0.902321139675025,Austropotamobius fulcisianus (pooled),random_forest
11,3,plain,-0.2688172043010794,744,0.8536203895372497,0.4428087584621584,-1.927353595255745,-1.3333333333333337,0.0180763346739216,0.9469455446160208,Austropotamobius fulcisianus (pooled),random_forest
11,3,stratified,0.0,744,0.8467115765351813,0.4474576184597227,0.5189028910303929,1.098901098901099,0.0162230108035643,0.9527146018371556,Austropotamobius fulcisianus (pooled),random_forest
11,10,plain,0.1344086021505361,744,0.8443818039679717,0.4603819897014249,4.966641957005189,6.962962962962963,0.0287159432371639,0.9151425448818146,Austropotamobius fulcisianus (pooled),random_forest
11,10,stratified,0.0,744,0.8397808879376676,0.4370145008059305,6.004447739065975,3.894080996884735,0.0269043593470728,0.9198702966700067,Austropotamobius fulcisianus (pooled),random_forest
11,20,plain,0.8064516129032242,744,0.8280978988339587,0.431372192537684,2.891030392883618,4.0,0.0402079770407899,0.8810741680276126,Austropotamobius fulcisianus (pooled),random_forest
11,20,stratified,0.0,744,0.8267434379631349,0.4420872213051044,6.81986656782802,3.5906642728904847,0.0383828189347825,0.8871418834542549,Austropotamobius fulcisianus (pooled),random_forest
12,3,plain,0.2688172043010723,744,0.8777022678279817,0.5036719482890719,2.5502318392581143,6.327160493827161,0.0196891115692393,0.9438380049506782,Austropotamobius fulcisianus (pooled),random_forest
12,3,stratified,0.0,744,0.8652692364806975,0.4644734389898429,2.472952086553323,1.5015015015015014,0.0154339984954368,0.9555942368092442,Austropotamobius fulcisianus (pooled),random_forest
12,10,plain,1.344086021505376,744,0.8736738601711745,0.4943757229335609,4.095826893353941,3.995006242197253,0.0247321387463923,0.9277942997416496,Austropotamobius fulcisianus (pooled),random_forest
12,10,stratified,0.0,744,0.8555279819213418,0.4664960471095657,1.6228748068006182,2.405498281786942,0.0266554059754438,0.9220472666618694,Austropotamobius fulcisianus (pooled),random_forest
12,20,plain,0.5376344086021518,744,0.8218164603369589,0.4120212557816586,18.701700154559507,13.854351687388988,0.0354277522598317,0.8996796948633528,Austropotamobius fulcisianus (pooled),random_forest
12,20,stratified,0.0,744,0.8358178479084183,0.4394118324381091,11.360123647604327,9.41358024691358,0.0402557913789283,0.8863866702480645,Austropotamobius fulcisianus (pooled),random_forest
13,3,plain,0.5376344086021518,744,0.859722462694093,0.5430447244450322,1.445966514459665,0.8298755186721992,0.0169532371264095,0.950260270576871,Austropotamobius fulcisianus (pooled),random_forest
13,3,stratified,0.0,744,0.8564310623144484,0.5351787296503916,0.532724505327245,3.314121037463977,0.0185267081235143,0.9459476108361836,Austropotamobius fulcisianus (pooled),random_forest
13,10,plain,1.2096774193548328,744,0.8558243573701094,0.4912290026883134,6.54490106544901,13.461538461538462,0.0261215004825366,0.9229617057842748,Austropotamobius fulcisianus (pooled),random_forest
13,10,stratified,0.0,744,0.8374314826437066,0.4633958964851611,4.41400304414003,5.208333333333334,0.0231033601075474,0.9306236205809436,Austropotamobius fulcisianus (pooled),random_forest
13,20,plain,0.2688172043010723,744,0.846887578143023,0.5098726955596193,6.54490106544901,7.799442896935933,0.0388261109694395,0.885547326380612,Austropotamobius fulcisianus (pooled),random_forest
13,20,stratified,0.0,744,0.8419277420393286,0.4904746195313731,7.4581430745814306,10.81081081081081,0.0362163893488946,0.8935425383111149,Austropotamobius fulcisianus (pooled),random_forest
14,3,plain,-0.1344086021505361,744,0.862165871442029,0.4578752188996741,7.425742574257425,4.639175257731959,0.0205032181629058,0.9397170367677636,Austropotamobius fulcisianus (pooled),random_forest
14,3,stratified,0.0,744,0.8486278725230805,0.4424817888862027,5.198019801980198,4.95575221238938,0.0174032305548984,0.948400051715405,Austropotamobius fulcisianus (pooled),random_forest
14,10,plain,0.4032258064516085,744,0.8312348709229503,0.4296714419864709,13.696369636963697,8.941877794336811,0.0303497720624406,0.9112310998979284,Austropotamobius fulcisianus (pooled),random_forest
14,10,stratified,0.0,744,0.8473330496577923,0.4561729761223904,7.838283828382838,9.734513274336283,0.0295102192631646,0.9128059640033545,Austropotamobius fulcisianus (pooled),random_forest
14,20,plain,2.016129032258064,744,0.8132578521628847,0.4074759440604035,17.07920792079208,11.683848797250858,0.0403731744028999,0.8817618862145928,Austropotamobius fulcisianus (pooled),random_forest
14,20,stratified,0.0,744,0.8371941602386099,0.4330243385849887,17.904290429042906,15.037593984962406,0.0358653940465863,0.8955645712452086,Austropotamobius fulcisianus (pooled),random_forest
0,3,plain,0.4032258064516085,744,0.8276763961017164,0.4490043868286792,3.51008215085885,5.36231884057971,0.0186449253540213,0.9205237732947916,Austropotamobius fulcisianus (pooled),xgboost
0,3,stratified,0.0,744,0.8183537074281823,0.4474078085741232,3.883495145631068,1.6541353383458646,0.0195364618927316,0.9170556605747284,Austropotamobius fulcisianus (pooled),xgboost
0,10,plain,2.1505376344086,744,0.7940870694110617,0.3703011796641978,3.584764749813293,4.328358208955224,0.026748318064256,0.8849037162139078,Austropotamobius fulcisianus (pooled),xgboost
0,10,stratified,0.0,744,0.8185434368553663,0.4457167364560108,6.572068707991038,-1.3582342954159592,0.0296603224950806,0.8724312567170466,Austropotamobius fulcisianus (pooled),xgboost
0,20,plain,0.8064516129032242,744,0.7661846951700654,0.4072393827951445,4.032860343539955,6.529209621993128,0.0380576371304197,0.8403954760897264,Austropotamobius fulcisianus (pooled),xgboost
0,20,stratified,0.0,744,0.7818945681431537,0.4102198973353831,5.3024645257654965,7.57825370675453,0.0371647030440046,0.8422975622381607,Austropotamobius fulcisianus (pooled),xgboost
1,3,plain,0.5376344086021518,744,0.8505319684413424,0.4824125207361992,-1.1529592621060722,-0.1814882032667876,0.0191780011779515,0.9183610787069766,Austropotamobius fulcisianus (pooled),xgboost
1,3,stratified,0.0,744,0.8565277945652058,0.5230900331227617,1.1529592621060722,2.31404958677686,0.0187911737634909,0.9188476126529854,Austropotamobius fulcisianus (pooled),xgboost
1,10,plain,-0.4032258064516156,744,0.834168483070973,0.4590079997410701,4.458109146810147,3.577235772357724,0.0256741560609865,0.888101264236689,Austropotamobius fulcisianus (pooled),xgboost
1,10,stratified,0.0,744,0.8182600123674765,0.407021595952363,1.9984627209838584,9.54954954954955,0.0299801959480878,0.8715663539881123,Austropotamobius fulcisianus (pooled),xgboost
1,20,plain,0.5376344086021518,744,0.8337729357452516,0.4553166530738975,2.459646425826288,4.465709728867624,0.0371664675259002,0.8416911007627594,Austropotamobius fulcisianus (pooled),xgboost
1,20,stratified,0.0,744,0.8150050213113657,0.4395600483663781,2.3059185242121445,11.882998171846436,0.0315369209938362,0.8647463755932306,Austropotamobius fulcisianus (pooled),xgboost
2,3,plain,-0.1344086021505361,744,0.8333094115842529,0.4510131789932339,-0.1502629601803155,0.334448160535117,0.0196076972501881,0.916992717469297,Austropotamobius fulcisianus (pooled),xgboost
2,3,stratified,0.0,744,0.8428035885842096,0.4851325702526218,-2.779864763335838,-0.3333333333333333,0.019981507628678,0.9130711714750314,Austropotamobius fulcisianus (pooled),xgboost
2,10,plain,1.0752688172042966,744,0.8110191172597069,0.4429196014857495,7.588279489105935,7.38255033557047,0.0269262981001379,0.8828389467643858,Austropotamobius fulcisianus (pooled),xgboost
2,10,stratified,0.0,744,0.8295734984234597,0.4276334302423714,-2.02854996243426,2.671118530884808,0.0269264906678457,0.8860134145293947,Austropotamobius fulcisianus (pooled),xgboost
2,20,plain,1.0752688172042966,744,0.78929673630009,0.3958337174986301,-0.4507888805409466,4.0472175379426645,0.0374538185621708,0.8414763131499128,Austropotamobius fulcisianus (pooled),xgboost
2,20,stratified,0.0,744,0.7992505309792858,0.4119601265369718,1.1269722013523666,8.23293172690763,0.0394109681410212,0.8334422224231272,Austropotamobius fulcisianus (pooled),xgboost
3,3,plain,0.4032258064516085,744,0.8599077652699559,0.4693997282319091,-1.0541110330288124,1.910828025477707,0.0177630082621548,0.928810969136689,Austropotamobius fulcisianus (pooled),xgboost
3,3,stratified,0.0,744,0.8581511124614273,0.4433697090574444,-3.021784961349262,-1.3803680981595092,0.0202617964392067,0.9174761939917488,Austropotamobius fulcisianus (pooled),xgboost
3,10,plain,0.0,744,0.8422294001537587,0.4633298009719845,-3.021784961349262,3.2835820895522385,0.0294277898661714,0.8817729493051915,Austropotamobius fulcisianus (pooled),xgboost
3,10,stratified,0.0,744,0.8446926768015821,0.4661966378387202,3.5137034434293746,4.405286343612335,0.0253914595609047,0.8970548787242798,Austropotamobius fulcisianus (pooled),xgboost
3,20,plain,0.9408602150537604,744,0.8075526574566424,0.4192143498497281,-3.1623330990864367,1.5105740181268883,0.0375194954288876,0.8500498659173421,Austropotamobius fulcisianus (pooled),xgboost
3,20,stratified,0.0,744,0.8212222180943798,0.4163743382267181,3.6542515811665495,2.4060150375939853,0.0336780497563262,0.8626869453559918,Austropotamobius fulcisianus (pooled),xgboost
4,3,plain,0.672043010752688,744,0.8550563754847575,0.5020148066090574,-0.4651162790697674,6.229508196721312,0.0224374309357648,0.9046735739028204,Austropotamobius fulcisianus (pooled),xgboost
4,3,stratified,0.0,744,0.8416948172045136,0.443899518249121,3.565891472868217,6.846846846846846,0.0204733227103974,0.9113456840887182,Austropotamobius fulcisianus (pooled),xgboost
4,10,plain,0.672043010752688,744,0.851563166128776,0.4790128327597143,2.713178294573644,11.443661971830986,0.0297850312909315,0.8726433029223023,Austropotamobius fulcisianus (pooled),xgboost
4,10,stratified,0.0,744,0.8418038430503353,0.4839326095915552,1.627906976744186,13.167259786476867,0.0300734291376311,0.8713322981918772,Austropotamobius fulcisianus (pooled),xgboost
4,20,plain,0.5376344086021518,744,0.8170750380069682,0.4495378937029823,5.503875968992248,21.964285714285715,0.0389958239541949,0.8348421355950221,Austropotamobius fulcisianus (pooled),xgboost
4,20,stratified,0.0,744,0.8173994423034421,0.4415536406051068,1.550387596899225,11.25703564727955,0.0358174134288277,0.8470984554201382,Austropotamobius fulcisianus (pooled),xgboost
5,3,plain,-0.1344086021505361,744,0.8346408135331538,0.4265520567507097,1.107011070110701,5.769230769230769,0.0170766006935741,0.9285845438891398,Austropotamobius fulcisianus (pooled),xgboost
5,3,stratified,0.0,744,0.8340942277063685,0.426538392482864,1.7712177121771218,0.9873060648801129,0.0170924250034373,0.9280272154521068,Austropotamobius fulcisianus (pooled),xgboost
5,10,plain,1.6129032258064484,744,0.8159784115011969,0.4433241849133044,4.280442804428045,0.8486562942008486,0.0254507244634159,0.8916333196925539,Austropotamobius fulcisianus (pooled),xgboost
5,10,stratified,0.0,744,0.824125978285774,0.4612917754587904,4.649446494464945,6.762589928057554,0.0283086558948904,0.8788918212172977,Austropotamobius fulcisianus (pooled),xgboost
5,20,plain,0.4032258064516085,744,0.7966143537870116,0.4333346719057993,3.1734317343173437,8.448753462603879,0.0322008987205769,0.863721060808929,Austropotamobius fulcisianus (pooled),xgboost
5,20,stratified,0.0,744,0.792056172404371,0.408797623771576,1.2546125461254614,7.4074074074074066,0.0347651476640529,0.8543745299022618,Austropotamobius fulcisianus (pooled),xgboost
6,3,plain,-0.5376344086021518,744,0.8426728373623849,0.4775928817074107,3.7642045454545454,1.9696969696969693,0.0194530767992775,0.9177073142672312,Austropotamobius fulcisianus (pooled),xgboost
6,3,stratified,0.0,744,0.8599626540545569,0.4778678867771082,1.349431818181818,2.413273001508296,0.0202721756775417,0.9157668896346624,Austropotamobius fulcisianus (pooled),xgboost
6,10,plain,0.5376344086021518,744,0.8375285297232694,0.4835988771512269,2.840909090909091,3.977272727272727,0.0299281202297542,0.8748202562140691,Austropotamobius fulcisianus (pooled),xgboost
6,10,stratified,0.0,744,0.8344554743995312,0.4621521664246511,2.130681818181818,1.2558869701726845,0.0276870349129525,0.8832557404350675,Austropotamobius fulcisianus (pooled),xgboost
6,20,plain,1.8817204301075208,744,0.8070796796132617,0.4085388825584834,-1.065340909090909,1.0248901903367496,0.0344761425419025,0.8584214796353907,Austropotamobius fulcisianus (pooled),xgboost
6,20,stratified,0.0,744,0.8182879407377054,0.4624495221576446,1.278409090909091,7.623318385650224,0.0369617602959146,0.847744387866297,Austropotamobius fulcisianus (pooled),xgboost
7,3,plain,-0.4032258064516156,744,0.856059995182723,0.489783541061609,2.2745098039215685,-1.4128728414442702,0.0219577376479312,0.9011598974520552,Austropotamobius fulcisianus (pooled),xgboost
7,3,stratified,0.0,744,0.8639863370247324,0.4679039837691558,4.392156862745098,1.37221269296741,0.0212381074199867,0.90353872631919,Austropotamobius fulcisianus (pooled),xgboost
7,10,plain,1.2096774193548328,744,0.836390967178303,0.4387401472278616,7.764705882352942,7.581227436823104,0.0285096776495799,0.8692378786915809,Austropotamobius fulcisianus (pooled),xgboost
7,10,stratified,0.0,744,0.8197819684476212,0.3966255639345851,6.980392156862745,3.4722222222222223,0.0284273772437299,0.869337588309868,Austropotamobius fulcisianus (pooled),xgboost
7,20,plain,0.9408602150537604,744,0.8262264293198576,0.4150387992601207,2.117647058823529,8.996539792387544,0.0351233872219524,0.84402226736882,Austropotamobius fulcisianus (pooled),xgboost
7,20,stratified,0.0,744,0.8178220611788121,0.4042346031606399,2.588235294117647,8.480565371024735,0.0326965193412319,0.8560573853766618,Austropotamobius fulcisianus (pooled),xgboost
8,3,plain,0.0,744,0.846697972910185,0.5275139985736668,-3.936411809235428,-1.5384615384615383,0.0162008944029802,0.9284844304226753,Austropotamobius fulcisianus (pooled),xgboost
8,3,stratified,0.0,744,0.8527391688932361,0.5227053342203751,1.5897047691143074,2.7732463295269167,0.0182100278289587,0.9179348337540334,Austropotamobius fulcisianus (pooled),xgboost
8,10,plain,0.5376344086021518,744,0.8445950472437386,0.5264209208089874,-4.390613171839516,1.4018691588785046,0.0260619864426493,0.8854011852780981,Austropotamobius fulcisianus (pooled),xgboost
8,10,stratified,0.0,744,0.8299842024408155,0.4824106974385226,4.0121120363361085,8.607198748043817,0.0250522538429473,0.8863982813926526,Austropotamobius fulcisianus (pooled),xgboost
8,20,plain,1.344086021505376,744,0.7850976003523763,0.4408170779357966,3.785011355034065,5.457463884430177,0.0304567147650911,0.8621037225221433,Austropotamobius fulcisianus (pooled),xgboost
8,20,stratified,0.0,744,0.7970768087248585,0.4458183551838353,-2.8009084027252085,9.859154929577464,0.0332754212733664,0.8523484740661837,Austropotamobius fulcisianus (pooled),xgboost
9,3,plain,-0.1344086021505361,744,0.8329408198766568,0.4334689936553581,-0.8645533141210375,-1.6366612111292964,0.0201796260058508,0.9175977483114588,Austropotamobius fulcisianus (pooled),xgboost
9,3,stratified,0.0,744,0.8373628707911548,0.4598211919389041,-0.792507204610951,2.3391812865497075,0.0189104826995316,0.92305233305797,Austropotamobius fulcisianus (pooled),xgboost
9,10,plain,0.8064516129032242,744,0.8210321640912882,0.4210042914543685,4.68299711815562,7.582938388625592,0.0282460721086503,0.882997314373849,Austropotamobius fulcisianus (pooled),xgboost
9,10,stratified,0.0,744,0.8285397478755682,0.4427434789035481,2.9538904899135447,7.47800586510264,0.0257459397975047,0.8942534071347953,Austropotamobius fulcisianus (pooled),xgboost
9,20,plain,1.344086021505376,744,0.7933666554525041,0.4005530470938308,0.792507204610951,5.862068965517241,0.036188289590722,0.8527277757701799,Austropotamobius fulcisianus (pooled),xgboost
9,20,stratified,0.0,744,0.795514943363136,0.3775793758144032,3.170028818443804,1.550387596899225,0.0331637727288789,0.8643991488991899,Austropotamobius fulcisianus (pooled),xgboost
10,3,plain,-0.4032258064516156,744,0.8268884565884037,0.4001404526132388,-3.1390134529147984,-3.0349013657056148,0.0216330688773048,0.9080435247887304,Austropotamobius fulcisianus (pooled),xgboost
10,3,stratified,0.0,744,0.8365274214730105,0.4124597665929005,-1.5695067264573992,0.644122383252818,0.0177885617273448,0.9242328683295258,Austropotamobius fulcisianus (pooled),xgboost
10,10,plain,-0.1344086021505361,744,0.8032057340454373,0.4007534210669094,4.484304932735426,4.2993630573248405,0.0265666376641948,0.8824002807440141,Austropotamobius fulcisianus (pooled),xgboost
10,10,stratified,0.0,744,0.809199655576366,0.4043971096602097,2.615844544095665,5.128205128205128,0.0252427560570167,0.8931357100753633,Austropotamobius fulcisianus (pooled),xgboost
10,20,plain,0.9408602150537604,744,0.7925074284555823,0.3956308853167707,-3.2137518684603883,4.852686308492201,0.0372310086361755,0.8404206756023795,Austropotamobius fulcisianus (pooled),xgboost
10,20,stratified,0.0,744,0.8029662531090799,0.40121444326073,0.5979073243647235,2.900763358778626,0.0324535150531768,0.8623334723038011,Austropotamobius fulcisianus (pooled),xgboost
11,3,plain,-0.2688172043010794,744,0.8641580254644468,0.4375800965253484,-3.532008830022075,-1.1922503725782414,0.0193240251529698,0.918539601284956,Austropotamobius fulcisianus (pooled),xgboost
11,3,stratified,0.0,744,0.8604843009582714,0.4445543103882882,-1.6188373804267846,-3.3232628398791544,0.0190261034851759,0.921403022212315,Austropotamobius fulcisianus (pooled),xgboost
11,10,plain,0.1344086021505361,744,0.8465938240169358,0.4531361416103629,1.398086828550405,6.804733727810651,0.0284294676349469,0.8821464541136177,Austropotamobius fulcisianus (pooled),xgboost
11,10,stratified,0.0,744,0.835821942197415,0.4497927890866252,6.475349521707138,8.160237388724036,0.0282086310666636,0.8793196601794859,Austropotamobius fulcisianus (pooled),xgboost
11,20,plain,0.8064516129032242,744,0.825263994028001,0.4336069570791593,-0.2943340691685062,0.84985835694051,0.0367019624283012,0.8480029284190647,Austropotamobius fulcisianus (pooled),xgboost
11,20,stratified,0.0,744,0.811983397931162,0.4783696095159622,3.090507726269316,5.606060606060606,0.0340449225508711,0.8587924995882479,Austropotamobius fulcisianus (pooled),xgboost
12,3,plain,0.2688172043010723,744,0.8576465463514159,0.4570390329984523,5.829596412556054,2.9320987654320985,0.0217952939588359,0.9056720319338112,Austropotamobius fulcisianus (pooled),xgboost
12,3,stratified,0.0,744,0.8572765641676178,0.4780145782120839,5.306427503736921,0.911854103343465,0.0200941619160218,0.9140870587902512,Austropotamobius fulcisianus (pooled),xgboost
12,10,plain,1.344086021505376,744,0.8490844702620175,0.4674166667540267,5.15695067264574,6.404657933042213,0.0262822247923542,0.8873946178910578,Austropotamobius fulcisianus (pooled),xgboost
12,10,stratified,0.0,744,0.8364108685857985,0.4320132863313634,-0.0747384155455904,4.392386530014641,0.0273131902516909,0.8856411446582239,Austropotamobius fulcisianus (pooled),xgboost
12,20,plain,0.5376344086021518,744,0.7774987284965064,0.3973606651350913,11.509715994020926,15.84158415841584,0.0364958627968502,0.8427795417647419,Austropotamobius fulcisianus (pooled),xgboost
12,20,stratified,0.0,744,0.7996210566088515,0.3911769306260365,7.922272047832586,10.911808669656205,0.0384173748871318,0.8349065369417538,Austropotamobius fulcisianus (pooled),xgboost
13,3,plain,0.5376344086021518,744,0.8456518130836602,0.4282142879491589,-0.4219409282700421,-1.5918958031837915,0.0191697271657394,0.9227496074002486,Austropotamobius fulcisianus (pooled),xgboost
13,3,stratified,0.0,744,0.8592521926231389,0.4357082327265513,2.180028129395218,0.99009900990099,0.0202737314467272,0.9171574447431452,Austropotamobius fulcisianus (pooled),xgboost
13,10,plain,1.2096774193548328,744,0.8273096670856576,0.3912368351974418,3.234880450070324,8.108108108108109,0.0251718457311216,0.8956917884780062,Austropotamobius fulcisianus (pooled),xgboost
13,10,stratified,0.0,744,0.7962869687961276,0.3452648276954463,3.0239099859353025,-1.4534883720930232,0.0264183735639869,0.8901740364135493,Austropotamobius fulcisianus (pooled),xgboost
13,20,plain,0.2688172043010723,744,0.8198837497220031,0.4474621907421202,-1.4767932489451476,-2.1834061135371177,0.0345420849652082,0.8597704716561982,Austropotamobius fulcisianus (pooled),xgboost
13,20,stratified,0.0,744,0.8187648602188382,0.3955884364290662,-0.5625879043600562,-0.7132667617689016,0.034771542404027,0.8586663104149435,Austropotamobius fulcisianus (pooled),xgboost
14,3,plain,-0.1344086021505361,744,0.8319054291479356,0.436542351826526,6.823184152604549,4.62962962962963,0.0236165780873752,0.9014355845493346,Austropotamobius fulcisianus (pooled),xgboost
14,3,stratified,0.0,744,0.8333939727730006,0.4092953858650469,2.714600146735143,1.9174041297935105,0.0205547363197638,0.9152188193094928,Austropotamobius fulcisianus (pooled),xgboost
14,10,plain,0.4032258064516085,744,0.7990401906834419,0.3507372646147516,3.88848129126926,7.561728395061729,0.0291816218162815,0.8789421175804288,Austropotamobius fulcisianus (pooled),xgboost
14,10,stratified,0.0,744,0.809521780006279,0.3781766043818222,4.402054292002934,9.861325115562405,0.0299996748848934,0.8756403762475807,Austropotamobius fulcisianus (pooled),xgboost
14,20,plain,2.016129032258064,744,0.7888129755653965,0.3918670552577151,3.88848129126926,5.46875,0.0400638702349042,0.8362714672821221,Austropotamobius fulcisianus (pooled),xgboost
14,20,stratified,0.0,744,0.7956184735580484,0.3919241204460423,5.722670579603815,10.964912280701752,0.0328799959091039,0.8652285742487213,Austropotamobius fulcisianus (pooled),xgboost
0,3,plain,1.162790697674421,1032,0.8333177041070501,0.4582693002543848,14.75548060708263,6.043956043956044,0.0250839801132717,0.9322651358499944,Austropotamobius torrentium (pooled),random_forest
0,3,stratified,0.0,1032,0.839184997420992,0.4825566655354496,9.780775716694771,3.6918138041733553,0.0243247978436657,0.9326892034544768,Austropotamobius torrentium (pooled),random_forest
0,10,plain,3.488372093023262,1032,0.8365792152804976,0.4250493948583422,30.522765598650924,17.94871794871795,0.0519811402312497,0.8641932021887473,Austropotamobius torrentium (pooled),random_forest
0,10,stratified,0.0,1032,0.831834901969959,0.4626530796450016,35.24451939291737,23.92156862745098,0.045243315537693,0.8841820866487407,Austropotamobius torrentium (pooled),random_forest
0,20,plain,7.073643410852714,1032,0.8022933487785305,0.3663495963181886,54.63743676222597,40.92526690391459,0.0815657032760216,0.802015669431687,Austropotamobius torrentium (pooled),random_forest
0,20,stratified,0.0,1032,0.8115559732214334,0.3707358519033658,48.90387858347386,33.76146788990826,0.0691312730634706,0.8336359278310398,Austropotamobius torrentium (pooled),random_forest
1,3,plain,0.7751937984496138,1032,0.8151830660555063,0.433656464737809,10.26137463697967,4.770017035775128,0.0248299169313951,0.92931436776872,Austropotamobius torrentium (pooled),random_forest
1,3,stratified,0.0,1032,0.8195227697310286,0.4360755333738266,9.486931268151016,2.831858407079646,0.023690315748941,0.9331574716260872,Austropotamobius torrentium (pooled),random_forest
1,10,plain,2.90697674418605,1032,0.8000353366967375,0.3609204896317677,31.26815101645693,10.45045045045045,0.0457125299490865,0.8790862437719723,Austropotamobius torrentium (pooled),random_forest
1,10,stratified,0.0,1032,0.8051549084503876,0.3875549007126333,30.00968054211036,16.036036036036037,0.042417086020729,0.882939102538391,Austropotamobius torrentium (pooled),random_forest
1,20,plain,7.655038759689923,1032,0.7544579357043212,0.3096672737025754,59.728944820909966,18.32460732984293,0.0842066321182561,0.7997751583551787,Austropotamobius torrentium (pooled),random_forest
1,20,stratified,0.0,1032,0.8034837880923699,0.3743560225261509,57.21200387221684,30.349344978165934,0.0567394285072519,0.8549093054668262,Austropotamobius torrentium (pooled),random_forest
2,3,plain,0.290697674418606,1032,0.8258404240031021,0.4600854969086673,8.202443280977311,7.169811320754717,0.0230469784847901,0.9371644541816072,Austropotamobius torrentium (pooled),random_forest
2,3,stratified,0.0,1032,0.8410676632484344,0.4698822270373949,8.638743455497382,2.3404255319148937,0.0237244368502117,0.9343995486284442,Austropotamobius torrentium (pooled),random_forest
2,10,plain,3.585271317829463,1032,0.8131614314129779,0.4189069570527943,30.80279232111693,22.86245353159851,0.0515818668977024,0.8681640400354645,Austropotamobius torrentium (pooled),random_forest
2,10,stratified,0.0,1032,0.8343274718179481,0.4556771352358644,19.80802792321117,17.208413001912046,0.0412491951426082,0.8902507821500467,Austropotamobius torrentium (pooled),random_forest
2,20,plain,6.104651162790702,1032,0.807584211048585,0.3602957951145643,55.32286212914486,33.39960238568588,0.0764904396231763,0.8134355225239996,Austropotamobius torrentium (pooled),random_forest
2,20,stratified,0.0,1032,0.8056517869022265,0.372709541815079,49.825479930191975,29.290617848970253,0.0637452151046954,0.8443701628331937,Austropotamobius torrentium (pooled),random_forest
3,3,plain,0.678294573643413,1032,0.8195836638497922,0.4159717114348348,10.20776874435411,5.545927209705372,0.0265276011583878,0.9271948070835386,Austropotamobius torrentium (pooled),random_forest
3,3,stratified,0.0,1032,0.8394181633909993,0.4506351040175883,7.8590785907859075,2.891156462585034,0.0220117419137466,0.9389375721061012,Austropotamobius torrentium (pooled),random_forest
3,10,plain,3.682170542635664,1032,0.8282604438932892,0.4207145406999765,26.82926829268293,17.307692307692307,0.0521458128770376,0.8629117028492492,Austropotamobius torrentium (pooled),random_forest
3,10,stratified,0.0,1032,0.8308458487008,0.4077505716929786,23.757904245709124,16.69724770642202,0.0416531770097976,0.8895524322197703,Austropotamobius torrentium (pooled),random_forest
3,20,plain,7.073643410852714,1032,0.8143468872841098,0.3707625022370757,47.87714543812105,26.12312811980033,0.0787104043296849,0.807189448922451,Austropotamobius torrentium (pooled),random_forest
3,20,stratified,0.0,1032,0.8085485400354017,0.3575189879033444,39.295392953929536,26.42740619902121,0.0624568733153638,0.839238206856818,Austropotamobius torrentium (pooled),random_forest
4,3,plain,1.4534883720930232,1032,0.826657106289849,0.4472373786009118,9.680365296803654,8.084358523725834,0.0259899900526248,0.9281430994212084,Austropotamobius torrentium (pooled),random_forest
4,3,stratified,0.0,1032,0.8262357232639018,0.4585483406680806,12.054794520547944,3.7037037037037033,0.0234914095591066,0.9355899631869352,Austropotamobius torrentium (pooled),random_forest
4,10,plain,3.875968992248062,1032,0.8053421959564759,0.4050548144982768,36.89497716894977,23.022847100175746,0.0515651331798442,0.8693805655264084,Austropotamobius torrentium (pooled),random_forest
4,10,stratified,0.0,1032,0.8272163768081258,0.4114553786402444,31.05022831050228,22.22222222222222,0.047541539717302,0.8772671877730147,Austropotamobius torrentium (pooled),random_forest
4,20,plain,7.655038759689923,1032,0.7875094870012451,0.3240190008574388,65.75342465753424,30.2713987473904,0.0846549171137151,0.802464600348319,Austropotamobius torrentium (pooled),random_forest
4,20,stratified,0.0,1032,0.8100085019042398,0.3665042493199842,48.76712328767123,27.292576419213976,0.0651547841660249,0.837854169672356,Austropotamobius torrentium (pooled),random_forest
5,3,plain,0.7751937984496138,1032,0.8434212099747147,0.4587997622468975,5.743243243243244,4.801324503311259,0.0233167312443845,0.9344727184984236,Austropotamobius torrentium (pooled),random_forest
5,3,stratified,0.0,1032,0.8515121157690264,0.4893667425601544,8.952702702702704,6.089743589743589,0.0223780397654344,0.9380479429552036,Austropotamobius torrentium (pooled),random_forest
5,10,plain,4.166666666666668,1032,0.828916473174946,0.4127003652136469,24.5777027027027,19.49685534591195,0.0521569681095708,0.8625978158862893,Austropotamobius torrentium (pooled),random_forest
5,10,stratified,0.0,1032,0.8349408785989172,0.4471507237242432,28.631756756756754,27.7027027027027,0.0445712589713558,0.8847471202299575,Austropotamobius torrentium (pooled),random_forest
5,20,plain,7.267441860465116,1032,0.8076081078808732,0.375585185855937,48.98648648648648,23.48336594911937,0.0886536643509605,0.7890914726204606,Austropotamobius torrentium (pooled),random_forest
5,20,stratified,0.0,1032,0.8343532918615962,0.4189992544189722,39.61148648648648,38.72340425531915,0.0639107440342489,0.8412301487598359,Austropotamobius torrentium (pooled),random_forest
6,3,plain,0.8720930232558182,1032,0.8375312093948253,0.4760128719078979,6.734534064212999,1.0940919037199124,0.0242656117635733,0.9337038431494066,Austropotamobius torrentium (pooled),random_forest
6,3,stratified,0.0,1032,0.839999988318865,0.4640994586749184,5.951448707909162,3.0303030303030303,0.0214238384032858,0.9418204711028904,Austropotamobius torrentium (pooled),random_forest
6,10,plain,3.294573643410857,1032,0.8137696032224663,0.4298588463484747,31.16679718089272,22.615384615384613,0.0518208592713815,0.8677265162994647,Austropotamobius torrentium (pooled),random_forest
6,10,stratified,0.0,1032,0.8272830004441589,0.4161107563345814,21.221613155833985,18.208516886930983,0.0428261831165427,0.8873596206399081,Austropotamobius torrentium (pooled),random_forest
6,20,plain,6.97674418604651,1032,0.8036342949541394,0.3673145715716187,50.58731401722788,37.389380530973455,0.0749552957071193,0.8201851779134379,Austropotamobius torrentium (pooled),random_forest
6,20,stratified,0.0,1032,0.8145761010034362,0.4030186966556799,44.16601409553642,30.38793103448276,0.0725585884353741,0.8286742911641845,Austropotamobius torrentium (pooled),random_forest
7,3,plain,1.6472868217054284,1032,0.8440314636258822,0.4857987037372225,7.711442786069651,6.826568265682657,0.0268699176132717,0.92532791041059,Austropotamobius torrentium (pooled),random_forest
7,3,stratified,0.0,1032,0.8362285387443781,0.4628595108566166,7.79436152570481,4.471544715447155,0.0222300948209472,0.9382731994718124,Austropotamobius torrentium (pooled),random_forest
7,10,plain,3.100775193798452,1032,0.8214043701634139,0.4296743632911699,27.28026533996683,15.904936014625228,0.0504606971050999,0.8656374565525007,Austropotamobius torrentium (pooled),random_forest
7,10,stratified,0.0,1032,0.8183884685443306,0.401863439606724,24.212271973466,17.88617886178862,0.0453533295629572,0.8798785271663919,Austropotamobius torrentium (pooled),random_forest
7,20,plain,7.751937984496124,1032,0.7975682529408373,0.3518511891698822,49.58540630182421,20.084566596194502,0.0860321413195781,0.7956758542748554,Austropotamobius torrentium (pooled),random_forest
7,20,stratified,0.0,1032,0.8251524092991811,0.4080793204742241,35.90381426202322,41.22287968441815,0.0634507619635904,0.8371887272359304,Austropotamobius torrentium (pooled),random_forest
8,3,plain,0.8720930232558182,1032,0.8603554093632145,0.5017628131969917,12.19065077910174,8.193668528864059,0.0227804445834937,0.9379695122173576,Austropotamobius torrentium (pooled),random_forest
8,3,stratified,0.0,1032,0.8690362930053291,0.5292776898272425,10.81576535288726,8.949416342412452,0.0255084685053266,0.9303076915568266,Austropotamobius torrentium (pooled),random_forest
8,10,plain,3.972868217054263,1032,0.8274939889404446,0.4154937619723787,24.74793767186068,21.98443579766537,0.0503594796881016,0.8656333642565958,Austropotamobius torrentium (pooled),random_forest
8,10,stratified,0.0,1032,0.8425871511509125,0.460397588782922,25.114573785517877,26.548672566371685,0.0428390364951011,0.8864207644417016,Austropotamobius torrentium (pooled),random_forest
8,20,plain,6.395348837209305,1032,0.8119922978431962,0.397009818302098,54.44546287809349,34.04761904761905,0.0800285184646328,0.8068103665912316,Austropotamobius torrentium (pooled),random_forest
8,20,stratified,0.0,1032,0.8307997583641323,0.4073602967124128,49.770852428964254,42.6497277676951,0.0677996153414196,0.8344208570873065,Austropotamobius torrentium (pooled),random_forest
9,3,plain,1.0658914728682198,1032,0.8486082119600182,0.464781974407757,9.446254071661238,7.129455909943714,0.0221721252887947,0.9403591630937388,Austropotamobius torrentium (pooled),random_forest
9,3,stratified,0.0,1032,0.8589336353720697,0.4660577553804886,6.677524429967427,5.316973415132924,0.0219029166265562,0.9395523294511464,Austropotamobius torrentium (pooled),random_forest
9,10,plain,4.3604651162790695,1032,0.8309084284990514,0.435237913301607,32.81758957654723,21.94690265486725,0.0497009091686989,0.8738514878057035,Austropotamobius torrentium (pooled),random_forest
9,10,stratified,0.0,1032,0.8398512913188658,0.4215261419791389,25.0814332247557,21.975806451612904,0.0453967169650879,0.8829504110777591,Austropotamobius torrentium (pooled),random_forest
9,20,plain,6.879844961240309,1032,0.79926303602397,0.3389497152665929,45.60260586319218,30.12345679012346,0.074363924082712,0.8174236522686923,Austropotamobius torrentium (pooled),random_forest
9,20,stratified,0.0,1032,0.8423962304915127,0.4250881609501974,38.51791530944625,44.67713787085515,0.0597629063181876,0.8522397576687811,Austropotamobius torrentium (pooled),random_forest
10,3,plain,1.162790697674421,1032,0.8247920202322614,0.4752255766767081,8.138528138528137,-0.6578947368421052,0.025402991432422,0.928248669218408,Austropotamobius torrentium (pooled),random_forest
10,3,stratified,0.0,1032,0.8320632847148401,0.4455623710319244,10.043290043290042,-0.6578947368421052,0.0238294069278654,0.934692099601915,Austropotamobius torrentium (pooled),random_forest
10,10,plain,4.554263565891475,1032,0.820265883391735,0.4075281583509839,30.04329004329004,10.617283950617283,0.0493542468874342,0.8707455333470551,Austropotamobius torrentium (pooled),random_forest
10,10,stratified,0.0,1032,0.8209220527125848,0.4103980497795921,25.541125541125545,18.003565062388592,0.0403040118405852,0.8932802817887409,Austropotamobius torrentium (pooled),random_forest
10,20,plain,7.751937984496124,1032,0.8098469573439159,0.3877121885464188,47.01298701298701,27.850877192982452,0.077134342711141,0.8196160853219302,Austropotamobius torrentium (pooled),random_forest
10,20,stratified,0.0,1032,0.8122621982502796,0.3652785373356808,34.891774891774894,36.28472222222222,0.0630907670576092,0.8404959707891277,Austropotamobius torrentium (pooled),random_forest
11,3,plain,1.3565891472868223,1032,0.8268251436699998,0.4648953624935687,10.026385224274406,5.783582089552239,0.0261412005840071,0.9263765568723844,Austropotamobius torrentium (pooled),random_forest
11,3,stratified,0.0,1032,0.8339698319260243,0.4565193963502356,12.049252418645558,3.0303030303030303,0.0225321954017456,0.9399601513863112,Austropotamobius torrentium (pooled),random_forest
11,10,plain,4.651162790697676,1032,0.7855945412231228,0.3768714179650039,27.61653474054529,15.342960288808664,0.0564904906970649,0.8503447966963346,Austropotamobius torrentium (pooled),random_forest
11,10,stratified,0.0,1032,0.8231924231452343,0.4274718280573037,23.7467018469657,26.15384615384616,0.041382748122834,0.8909545172540001,Austropotamobius torrentium (pooled),random_forest
11,20,plain,6.97674418604651,1032,0.7859570753545355,0.3561907300976849,65.34740545294635,36.38497652582159,0.0807014036628802,0.8054867996934079,Austropotamobius torrentium (pooled),random_forest
11,20,stratified,0.0,1032,0.8227638741238896,0.4079109794034877,40.45734388742304,43.49514563106796,0.064144908618822,0.8347693021121796,Austropotamobius torrentium (pooled),random_forest
12,3,plain,1.0658914728682198,1032,0.8393370051141409,0.4321002995800386,6.647673314339982,1.9064124783362215,0.0232493514150943,0.9344752355600988,Austropotamobius torrentium (pooled),random_forest
12,3,stratified,0.0,1032,0.8423036259392362,0.4387170103401316,8.92687559354226,3.0063291139240507,0.0223659603228083,0.937755448877824,Austropotamobius torrentium (pooled),random_forest
12,10,plain,4.069767441860464,1032,0.8134068431534615,0.3902672663933347,24.596391263057928,13.535353535353536,0.0515547939930689,0.8606826833670255,Austropotamobius torrentium (pooled),random_forest
12,10,stratified,0.0,1032,0.8408592167004727,0.4187726167509372,26.21082621082621,21.234119782214155,0.0421997924956146,0.8867046525999827,Austropotamobius torrentium (pooled),random_forest
12,20,plain,6.58914728682171,1032,0.785125265722073,0.3224071522399293,52.70655270655271,23.346303501945524,0.0814304731287169,0.7968332951771886,Austropotamobius torrentium (pooled),random_forest
12,20,stratified,0.0,1032,0.8291394292117906,0.3801259474184417,44.53941120607787,32.23570190641248,0.0673042623967826,0.8312266239980799,Austropotamobius torrentium (pooled),random_forest
13,3,plain,0.968992248062019,1032,0.839072196784674,0.4565674085882567,8.65475070555033,4.601769911504425,0.0260199152066486,0.9267366171073012,Austropotamobius torrentium (pooled),random_forest
13,3,stratified,0.0,1032,0.8307775937245023,0.4472781470007747,8.466603951081844,0.8771929824561403,0.0218615166939417,0.9397464131615596,Austropotamobius torrentium (pooled),random_forest
13,10,plain,3.875968992248062,1032,0.8141060389135939,0.4060411765369405,34.148635936030104,19.20415224913495,0.0494637910195524,0.8692410884700539,Austropotamobius torrentium (pooled),random_forest
13,10,stratified,0.0,1032,0.8207927445714116,0.400561527115773,33.11382878645344,22.07547169811321,0.0470702680443246,0.8775049683737309,Austropotamobius torrentium (pooled),random_forest
13,20,plain,6.395348837209305,1032,0.7986990128370285,0.3712143171481525,49.38852304797742,25.206611570247933,0.0760444622369993,0.811680441894744,Austropotamobius torrentium (pooled),random_forest
13,20,stratified,0.0,1032,0.8067296344047516,0.3273847763529136,50.14111006585137,28.08510638297873,0.0669409943497839,0.8293222709166275,Austropotamobius torrentium (pooled),random_forest
14,3,plain,1.0658914728682198,1032,0.8324574805434277,0.4721621698163467,13.081861958266453,3.9080459770114944,0.0254885825792581,0.9315552599850272,Austropotamobius torrentium (pooled),random_forest
14,3,stratified,0.0,1032,0.8332039590742333,0.4659792512338157,7.3836276083467105,5.650684931506849,0.0233945443193,0.93522652799635,Austropotamobius torrentium (pooled),random_forest
14,10,plain,2.90697674418605,1032,0.8123373214146095,0.4258168962308423,25.52166934189406,19.473684210526315,0.0468568255840071,0.8755431704116925,Austropotamobius torrentium (pooled),random_forest
14,10,stratified,0.0,1032,0.8225516470392874,0.4216570853730305,18.298555377207062,13.41222879684418,0.0458940980912805,0.8754262110040012,Austropotamobius torrentium (pooled),random_forest
14,20,plain,7.848837209302328,1032,0.7821758034281596,0.3628190226576989,44.542536115569824,32.996632996633,0.0803093225222479,0.8059090233357765,Austropotamobius torrentium (pooled),random_forest
14,20,stratified,0.0,1032,0.8219193072441617,0.4170832744677604,35.79454253611557,32.75039745627981,0.0638394183459547,0.8399309537307664,Austropotamobius torrentium (pooled),random_forest
0,3,plain,1.162790697674421,1032,0.837538052167338,0.4604756706142298,11.484593837535014,0.37243947858473,0.0293019784661409,0.8504148889384725,Austropotamobius torrentium (pooled),xgboost
0,3,stratified,0.0,1032,0.8250226243366279,0.448727499268416,7.84313725490196,2.6936026936026933,0.0269261829371659,0.8629541627667202,Austropotamobius torrentium (pooled),xgboost
0,10,plain,3.488372093023262,1032,0.8150211494625924,0.4022206308367995,31.559290382819796,10.38961038961039,0.0564657411114877,0.7279559475807078,Austropotamobius torrentium (pooled),xgboost
0,10,stratified,0.0,1032,0.8161659388691251,0.4129819591647205,31.465919701213817,12.794612794612794,0.054079260871405,0.7378631655615873,Austropotamobius torrentium (pooled),xgboost
0,20,plain,7.073643410852714,1032,0.7812898218068474,0.3156216081582564,62.55835667600373,13.181019332161686,0.0926194844226184,0.607824594737047,Austropotamobius torrentium (pooled),xgboost
0,20,stratified,0.0,1032,0.8013567456942693,0.34801247347648,50.42016806722689,18.24561403508772,0.0802632551115964,0.6466892687227204,Austropotamobius torrentium (pooled),xgboost
1,3,plain,0.7751937984496138,1032,0.8224675119599028,0.4732710902085618,7.216494845360824,-3.2846715328467155,0.0284267331703937,0.8551459798540305,Austropotamobius torrentium (pooled),xgboost
1,3,stratified,0.0,1032,0.8198783998602232,0.4438028229947086,7.966260543580131,-0.3460207612456747,0.0270923772086413,0.8626363072425745,Austropotamobius torrentium (pooled),xgboost
1,10,plain,2.90697674418605,1032,0.8150213994501793,0.4054943783982434,28.022492970946576,5.471698113207547,0.0499429875114249,0.7588450632822819,Austropotamobius torrentium (pooled),xgboost
1,10,stratified,0.0,1032,0.8174089937987843,0.3969575864883056,20.05623242736645,6.932409012131716,0.0491870348458979,0.7575953658958764,Austropotamobius torrentium (pooled),xgboost
1,20,plain,7.655038759689923,1032,0.7799373891454534,0.3275825924164383,51.26522961574508,10.363636363636363,0.0867291835212908,0.6304871472273136,Austropotamobius torrentium (pooled),xgboost
1,20,stratified,0.0,1032,0.8128853615442782,0.3782663862376844,50.32802249297095,13.41991341991342,0.0723618193494107,0.6758676142120139,Austropotamobius torrentium (pooled),xgboost
2,3,plain,0.290697674418606,1032,0.8429630898806285,0.4686063400737797,18.589132507149667,13.495934959349592,0.0278346048018961,0.8563199487882625,Austropotamobius torrentium (pooled),xgboost
2,3,stratified,0.0,1032,0.8539265167424146,0.4779296138150354,9.818875119161106,6.634304207119741,0.0271353881742328,0.8585689094180451,Austropotamobius torrentium (pooled),xgboost
2,10,plain,3.585271317829463,1032,0.8258554895983212,0.4519958463154521,30.31458531935176,10.945273631840797,0.0522117875316546,0.7455884785799267,Austropotamobius torrentium (pooled),xgboost
2,10,stratified,0.0,1032,0.8586188678636951,0.4569124662997964,34.2230695900858,25.09157509157509,0.0492208952334155,0.7588570441204113,Austropotamobius torrentium (pooled),xgboost
2,20,plain,6.104651162790702,1032,0.8288241473305786,0.4182611675152999,61.58245948522403,26.557377049180324,0.0843243604492574,0.6371186992067845,Austropotamobius torrentium (pooled),xgboost
2,20,stratified,0.0,1032,0.842380304185426,0.4346610702768835,56.62535748331744,40.57971014492754,0.0756819225365225,0.6659209327376598,Austropotamobius torrentium (pooled),xgboost
3,3,plain,0.678294573643413,1032,0.8245153692110576,0.4499678672102166,11.650485436893204,1.4184397163120568,0.0294752252292369,0.8483173730896001,Austropotamobius torrentium (pooled),xgboost
3,3,stratified,0.0,1032,0.8372759781156688,0.452518183156851,11.359223300970871,5.49645390070922,0.0273670576270887,0.8617048754389689,Austropotamobius torrentium (pooled),xgboost
3,10,plain,3.682170542635664,1032,0.8329061571668936,0.443027264206056,37.4757281553398,9.541984732824428,0.0599234686506662,0.7199734062934222,Austropotamobius torrentium (pooled),xgboost
3,10,stratified,0.0,1032,0.8402320493015999,0.4388060028320097,33.689320388349515,16.051660516605164,0.0516643019044973,0.7493738523591204,Austropotamobius torrentium (pooled),xgboost
3,20,plain,7.073643410852714,1032,0.8110302381900363,0.3815635330151943,62.23300970873786,23.04964539007092,0.0887886095900228,0.6217420362932069,Austropotamobius torrentium (pooled),xgboost
3,20,stratified,0.0,1032,0.8209686106871896,0.4136473833973313,44.95145631067961,31.21693121693121,0.0724755216415433,0.6726103692943823,Austropotamobius torrentium (pooled),xgboost
4,3,plain,1.4534883720930232,1032,0.8373848932673306,0.4749675577064789,12.123974475843209,4.966887417218543,0.0305009506361301,0.8531588666006228,Austropotamobius torrentium (pooled),xgboost
4,3,stratified,0.0,1032,0.8517043878562717,0.4834003820738317,14.40291704649043,3.7701974865350087,0.0275495266368905,0.8669376567398303,Austropotamobius torrentium (pooled),xgboost
4,10,plain,3.875968992248062,1032,0.8267560279814894,0.4106307384436254,36.64539653600729,14.800759013282732,0.0542891319231333,0.7531870540006538,Austropotamobius torrentium (pooled),xgboost
4,10,stratified,0.0,1032,0.8365918870066953,0.4198140915589244,35.369188696444844,14.363636363636363,0.054369368987415,0.7518197052890212,Austropotamobius torrentium (pooled),xgboost
4,20,plain,7.655038759689923,1032,0.8152797484096937,0.3905058134041199,71.64995442114859,29.77099236641221,0.0904586815912258,0.6442485890736004,Austropotamobius torrentium (pooled),xgboost
4,20,stratified,0.0,1032,0.8227390456570576,0.3714452290044356,51.77757520510483,27.513227513227516,0.0761768653090789,0.6739353731777676,Austropotamobius torrentium (pooled),xgboost
5,3,plain,0.7751937984496138,1032,0.8324141093063002,0.4527989726117207,5.0,-1.206896551724138,0.0245769169403163,0.8631951659934021,Austropotamobius torrentium (pooled),xgboost
5,3,stratified,0.0,1032,0.854345634082282,0.4789948129600846,11.73469387755102,6.185567010309279,0.0263312299523477,0.8572734383238829,Austropotamobius torrentium (pooled),xgboost
5,10,plain,4.166666666666668,1032,0.819384051436244,0.4065097557111547,40.51020408163265,6.153846153846154,0.0654965977247472,0.6835936850567673,Austropotamobius torrentium (pooled),xgboost
5,10,stratified,0.0,1032,0.8329324884970171,0.4305806541532671,39.48979591836735,13.54723707664884,0.0534630692245529,0.7312092620802331,Austropotamobius torrentium (pooled),xgboost
5,20,plain,7.267441860465116,1032,0.7996429568223082,0.3382851303455679,73.06122448979592,15.572232645403378,0.0915230660795513,0.60201228438056,Austropotamobius torrentium (pooled),xgboost
5,20,stratified,0.0,1032,0.8299568883514319,0.4093456172061175,55.81632653061225,26.443202979515828,0.0747389737499824,0.6521911181777409,Austropotamobius torrentium (pooled),xgboost
6,3,plain,0.8720930232558182,1032,0.8266630401126683,0.439731875722806,7.841239109390126,4.878048780487805,0.0258477283800158,0.8632630181479144,Austropotamobius torrentium (pooled),xgboost
6,3,stratified,0.0,1032,0.8449406482942146,0.4523201665652553,7.744433688286543,1.858108108108108,0.0219808479926595,0.8843589828145431,Austropotamobius torrentium (pooled),xgboost
6,10,plain,3.294573643410857,1032,0.8049856940675343,0.3992755507574348,29.912875121006778,8.885017421602788,0.0551961030899873,0.7249472762589064,Austropotamobius torrentium (pooled),xgboost
6,10,stratified,0.0,1032,0.8256321216413555,0.4186692433840867,23.23330106485963,9.547738693467336,0.0460065419364817,0.7632195457620071,Austropotamobius torrentium (pooled),xgboost
6,20,plain,6.97674418604651,1032,0.7906219069707017,0.351976006884887,52.6621490803485,14.86013986013986,0.0788346566525011,0.6402809784072152,Austropotamobius torrentium (pooled),xgboost
6,20,stratified,0.0,1032,0.8186611619378958,0.3888941262798584,46.85382381413359,7.829181494661921,0.0786694860256648,0.6412895518452786,Austropotamobius torrentium (pooled),xgboost
7,3,plain,1.6472868217054284,1032,0.8280110409464057,0.4343708871615082,13.993541442411194,4.918032786885246,0.0276247028958493,0.8434325593361767,Austropotamobius torrentium (pooled),xgboost
7,3,stratified,0.0,1032,0.8242901018303485,0.4132091222285241,9.580193756727663,3.7037037037037033,0.0236489596049941,0.8656894779302242,Austropotamobius torrentium (pooled),xgboost
7,10,plain,3.100775193798452,1032,0.8059456464785765,0.3879129930817046,32.18514531754575,12.670565302144247,0.0499101429207262,0.7338929726738148,Austropotamobius torrentium (pooled),xgboost
7,10,stratified,0.0,1032,0.8155435710761536,0.3851508446125566,31.754574811625403,18.482490272373543,0.0479311608221138,0.7416810443228159,Austropotamobius torrentium (pooled),xgboost
7,20,plain,7.751937984496124,1032,0.7707529581680868,0.3416139970818288,63.40150699677072,28.28282828282828,0.0835250747995104,0.6176207017205637,Austropotamobius torrentium (pooled),xgboost
7,20,stratified,0.0,1032,0.8237480035787481,0.4002764223059422,54.25188374596341,36.66026871401152,0.0708853229605167,0.6548961286622252,Austropotamobius torrentium (pooled),xgboost
8,3,plain,0.8720930232558182,1032,0.8439794736244005,0.4374193456979422,12.825458052073287,6.2015503875969,0.0290445766061687,0.8511480989956504,Austropotamobius torrentium (pooled),xgboost
8,3,stratified,0.0,1032,0.8460200331867267,0.4464105335442578,7.232401157184184,6.079664570230608,0.027790167472678,0.8580088123645775,Austropotamobius torrentium (pooled),xgboost
8,10,plain,3.972868217054263,1032,0.8126363670925331,0.414295046708133,31.918997107039537,22.117202268431,0.0536204008145289,0.7449551583556536,Austropotamobius torrentium (pooled),xgboost
8,10,stratified,0.0,1032,0.83344713870831,0.4214982039056091,28.351012536162006,18.235294117647054,0.0511272033306194,0.7507001006419933,Austropotamobius torrentium (pooled),xgboost
8,20,plain,6.395348837209305,1032,0.7810430838951461,0.350190822985721,76.18129218900675,36.007827788649706,0.0947338491588238,0.6201325090943404,Austropotamobius torrentium (pooled),xgboost
8,20,stratified,0.0,1032,0.8144646999661815,0.4232190089565362,59.11282545805208,41.365461847389554,0.0805516778309238,0.6563577833056292,Austropotamobius torrentium (pooled),xgboost
9,3,plain,1.0658914728682198,1032,0.8391067235024311,0.4638678456543061,11.168562564632884,3.278688524590164,0.0277963344879528,0.849097977537286,Austropotamobius torrentium (pooled),xgboost
9,3,stratified,0.0,1032,0.8375064972793494,0.4728383025075296,11.271975180972078,1.7647058823529411,0.0262095059977942,0.8571395143711501,Austropotamobius torrentium (pooled),xgboost
9,10,plain,4.3604651162790695,1032,0.8224195334205507,0.4192199586277048,39.40020682523268,15.953307392996107,0.053399104309425,0.7366406701023496,Austropotamobius torrentium (pooled),xgboost
9,10,stratified,0.0,1032,0.8172334986307598,0.4236716806594163,35.36711478800414,6.530612244897959,0.0526758601508563,0.7354788514118815,Austropotamobius torrentium (pooled),xgboost
9,20,plain,6.879844961240309,1032,0.7911546661875289,0.3585010773190976,72.38883143743536,33.71647509578544,0.0844334707367455,0.6324454526347012,Austropotamobius torrentium (pooled),xgboost
9,20,stratified,0.0,1032,0.8367729876381964,0.4247085417266494,55.73940020682523,29.761904761904763,0.0752887999278706,0.6581769657651688,Austropotamobius torrentium (pooled),xgboost
10,3,plain,1.162790697674421,1032,0.8017999168222806,0.4506919275139062,11.232279171210468,1.11731843575419,0.0310422198726441,0.8261774036248518,Austropotamobius torrentium (pooled),xgboost
10,3,stratified,0.0,1032,0.8064984065221711,0.4315051816390083,13.740458015267176,4.545454545454546,0.0278445767241006,0.8459765749896817,Austropotamobius torrentium (pooled),xgboost
10,10,plain,4.554263565891475,1032,0.8101146925082078,0.4077573443958792,40.56706652126499,10.81081081081081,0.0608859990664441,0.694575176961348,Austropotamobius torrentium (pooled),xgboost
10,10,stratified,0.0,1032,0.8146226297234356,0.4086510950298356,36.85932388222465,11.320754716981131,0.0512930487979978,0.7321376753410167,Austropotamobius torrentium (pooled),xgboost
10,20,plain,7.751937984496124,1032,0.8013107561492805,0.3877381934321569,58.99672846237731,16.363636363636363,0.0784623966089759,0.6391791298171134,Austropotamobius torrentium (pooled),xgboost
10,20,stratified,0.0,1032,0.807757023631076,0.3690477582355631,55.39803707742639,27.915869980879545,0.0757516847746615,0.6424178845903126,Austropotamobius torrentium (pooled),xgboost
11,3,plain,1.3565891472868223,1032,0.8438005984831309,0.4637957675039498,7.51730959446093,3.4951456310679614,0.0287626781955182,0.848394208741093,Austropotamobius torrentium (pooled),xgboost
11,3,stratified,0.0,1032,0.8676258935263648,0.488216074550026,8.30860534124629,6.395348837209303,0.0254774638737305,0.8686833417589821,Austropotamobius torrentium (pooled),xgboost
11,10,plain,4.651162790697676,1032,0.8236814849173927,0.4171659940055753,35.509396636993074,15.655577299412917,0.0571450237186344,0.724190508050798,Austropotamobius torrentium (pooled),xgboost
11,10,stratified,0.0,1032,0.8441788077851746,0.4323255856362539,29.574678536102866,15.24163568773234,0.0473394857872826,0.7666328631578583,Austropotamobius torrentium (pooled),xgboost
11,20,plain,6.97674418604651,1032,0.8055137841320289,0.3917906078447444,64.98516320474778,30.0,0.0905506118176133,0.6159011888244514,Austropotamobius torrentium (pooled),xgboost
11,20,stratified,0.0,1032,0.8501511521475347,0.4629005125845807,47.18100890207715,28.402366863905325,0.0728539093698573,0.6662340482182636,Austropotamobius torrentium (pooled),xgboost
12,3,plain,1.0658914728682198,1032,0.8298724058413036,0.4322433758129108,9.97920997920998,1.475409836065574,0.0275494564326311,0.847821837301298,Austropotamobius torrentium (pooled),xgboost
12,3,stratified,0.0,1032,0.8319054234019098,0.4476119608447691,10.81081081081081,4.475043029259897,0.0257480859033244,0.8567962709804158,Austropotamobius torrentium (pooled),xgboost
12,10,plain,4.069767441860464,1032,0.8050139700677239,0.3808033971255888,35.96673596673597,9.05587668593449,0.0575677274724301,0.7123697020340765,Austropotamobius torrentium (pooled),xgboost
12,10,stratified,0.0,1032,0.8218204479941588,0.413768272948134,37.62993762993763,17.254901960784313,0.0527819139850908,0.7320644079781145,Austropotamobius torrentium (pooled),xgboost
12,20,plain,6.58914728682171,1032,0.7746398291037906,0.3425816457206129,78.06652806652806,12.363636363636363,0.0992035008173958,0.5849949250625924,Austropotamobius torrentium (pooled),xgboost
12,20,stratified,0.0,1032,0.8242664839819951,0.414649644985012,56.029106029106025,12.880143112701251,0.0824200055781528,0.6253655519263186,Austropotamobius torrentium (pooled),xgboost
13,3,plain,0.968992248062019,1032,0.8671387548509958,0.4684173792421959,10.328638497652582,5.823627287853577,0.0267740446571417,0.8588463285237937,Austropotamobius torrentium (pooled),xgboost
13,3,stratified,0.0,1032,0.8621528267063608,0.4346806607591539,10.985915492957748,3.1358885017421603,0.0261690050520096,0.8629057645477809,Austropotamobius torrentium (pooled),xgboost
13,10,plain,3.875968992248062,1032,0.8486739761351428,0.4231087364664497,32.3943661971831,16.666666666666664,0.0555522879897854,0.7287401431123087,Austropotamobius torrentium (pooled),xgboost
13,10,stratified,0.0,1032,0.8512134830840175,0.4427795606024754,32.582159624413144,12.624584717607974,0.0542887363752253,0.7349410709181057,Austropotamobius torrentium (pooled),xgboost
13,20,plain,6.395348837209305,1032,0.8225168980398817,0.403773551156623,55.77464788732394,21.477663230240548,0.0877093517926633,0.6254544977462206,Austropotamobius torrentium (pooled),xgboost
13,20,stratified,0.0,1032,0.8282571643824869,0.3847566275352469,56.8075117370892,25.40834845735027,0.0800689827695208,0.64839773758104,Austropotamobius torrentium (pooled),xgboost
14,3,plain,1.0658914728682198,1032,0.8246146555494949,0.4145589770285873,8.159203980099502,2.6168224299065423,0.0278172275382719,0.8531724478955762,Austropotamobius torrentium (pooled),xgboost
14,3,stratified,0.0,1032,0.8281165435375574,0.4327439591443907,4.875621890547264,3.1982942430703627,0.0233353248165559,0.8791809202587333,Austropotamobius torrentium (pooled),xgboost
14,10,plain,2.90697674418605,1032,0.8183246048443465,0.3938423529206256,36.4179104477612,19.12350597609562,0.0587195684797195,0.7184757538127652,Austropotamobius torrentium (pooled),xgboost
14,10,stratified,0.0,1032,0.8313475814330956,0.4080455380993337,30.74626865671642,16.427104722792606,0.0563075648828582,0.7244871213493234,Austropotamobius torrentium (pooled),xgboost
14,20,plain,7.848837209302328,1032,0.7808662505537717,0.3016676801946008,69.55223880597015,26.11336032388664,0.0924990730726691,0.6149934169111502,Austropotamobius torrentium (pooled),xgboost
14,20,stratified,0.0,1032,0.8090333521543298,0.3709551439730753,59.00497512437811,29.772727272727277,0.0793993750756472,0.6512819983767176,Austropotamobius torrentium (pooled),xgboost
0,3,plain,1.128312778798211,3811,0.7914638917663634,0.4405273625404939,0.604133545310016,0.1796945193171608,0.029351344480541,0.9435289857932352,Faxonius limosus (alien),random_forest
0,3,stratified,0.0,3811,0.8021008751264329,0.4424770465547678,1.7488076311605725,2.170138888888889,0.0264480732239035,0.9500573592408622,Faxonius limosus (alien),random_forest
0,10,plain,3.59485699291524,3811,0.7755746097013909,0.4118906009604295,13.799682034976152,3.862660944206009,0.0602736622228094,0.8850949353719031,Faxonius limosus (alien),random_forest
0,10,stratified,0.0,3811,0.789540804461209,0.4276671823516782,4.419713831478537,1.3733905579399142,0.0445284083209053,0.9134372553268276,Faxonius limosus (alien),random_forest
0,20,plain,6.979795329309891,3811,0.7723738595113796,0.4125593745968132,20.66772655007949,14.428857715430862,0.0844286292513701,0.8388378168401088,Faxonius limosus (alien),random_forest
0,20,stratified,0.0,3811,0.7794728912534562,0.4079269915553151,6.327503974562799,1.1494252873563218,0.063282198038347,0.8773024591391239,Faxonius limosus (alien),random_forest
1,3,plain,1.3119916032537375,3811,0.7853458364691441,0.4201976317788614,1.7704710717673096,1.1754068716094033,0.0290787026746332,0.9447589035617932,Faxonius limosus (alien),random_forest
1,3,stratified,0.0,3811,0.7940514386891337,0.4338934069619232,1.549162187796396,2.957633892885692,0.0263427203952263,0.9508538565281134,Faxonius limosus (alien),random_forest
1,10,plain,2.991340855418521,3811,0.7750594057438777,0.3985708902093337,10.780904204868795,3.150912106135987,0.0560995012570491,0.8888610795828829,Faxonius limosus (alien),random_forest
1,10,stratified,0.0,3811,0.7830929058397347,0.4123444456213371,8.188428706923807,5.102954341987466,0.0460738097504928,0.9105510762054204,Faxonius limosus (alien),random_forest
1,20,plain,7.05851482550511,3811,0.762347431140454,0.3890261035317939,21.46696174517863,15.62962962962963,0.0848592070753127,0.8382196795266486,Faxonius limosus (alien),random_forest
1,20,stratified,0.0,3811,0.7786940313687685,0.3975681812391201,6.165033196332596,2.3703703703703702,0.0673910848568613,0.8702843381059493,Faxonius limosus (alien),random_forest
2,3,plain,0.9708737864077648,3811,0.7881717247609193,0.4297417474002212,3.108320251177394,-0.0862068965517241,0.0286627657376535,0.945634189853205,Faxonius limosus (alien),random_forest
2,3,stratified,0.0,3811,0.7936117019903337,0.434055402320647,1.6326530612244898,0.25,0.0257316305779576,0.9516955463091696,Faxonius limosus (alien),random_forest
2,10,plain,2.965101023353448,3811,0.7739498921060501,0.4079211623756537,12.93563579277865,0.1638001638001638,0.0508713874877699,0.8995103500008904,Faxonius limosus (alien),random_forest
2,10,stratified,0.0,3811,0.7796000528837195,0.4126911884940724,3.642072213500785,2.0276497695852536,0.0434989656258806,0.915311404756725,Faxonius limosus (alien),random_forest
2,20,plain,7.215953817895564,3811,0.7605554075326864,0.3843623321402417,23.736263736263734,6.59025787965616,0.0810406603617031,0.84460711336943,Faxonius limosus (alien),random_forest
2,20,stratified,0.0,3811,0.7802131754875775,0.4187270183140075,5.965463108320251,-3.810160427807487,0.0653718396394039,0.8742107738726063,Faxonius limosus (alien),random_forest
3,3,plain,0.944633954342688,3811,0.7872143245204701,0.4200699276331521,-0.5335844318895167,0.5932203389830508,0.0284310320151732,0.9453585831785678,Faxonius limosus (alien),random_forest
3,3,stratified,0.0,3811,0.7916707535571923,0.4295051035927485,-0.0313873195229127,3.304347826086956,0.0253668507119584,0.9522511481185671,Faxonius limosus (alien),random_forest
3,10,plain,3.804775649435843,3811,0.7694307215725417,0.3953848319673754,11.67608286252354,6.086956521739131,0.0598629910249225,0.8841299034548573,Faxonius limosus (alien),random_forest
3,10,stratified,0.0,3811,0.780938161180788,0.398794249868788,2.1343377275580666,2.551440329218107,0.0460940471872698,0.9098929852599956,Faxonius limosus (alien),random_forest
3,20,plain,7.425872474416163,3811,0.7621011092973701,0.3873630947976924,18.11048336472065,16.16022099447514,0.0813894103937266,0.8430724208203242,Faxonius limosus (alien),random_forest
3,20,stratified,0.0,3811,0.7800996753138283,0.4075307445867731,0.847457627118644,-0.0652741514360313,0.0648816738312998,0.8745779149835484,Faxonius limosus (alien),random_forest
4,3,plain,1.049593282602988,3811,0.7925300816936436,0.4395687093046797,1.7488076311605725,0.4389815627743635,0.0311715499225822,0.9403944423674344,Faxonius limosus (alien),random_forest
4,3,stratified,0.0,3811,0.7969959779065752,0.440767521476697,3.3068362480127185,2.546093064091308,0.0262368356558661,0.9508306005868034,Faxonius limosus (alien),random_forest
4,10,plain,4.014694305956439,3811,0.7805563658362598,0.4019433868685536,20.31796502384737,11.38211382113821,0.0575579514186635,0.8901742617926014,Faxonius limosus (alien),random_forest
4,10,stratified,0.0,3811,0.7920289112136241,0.4235811248877395,5.119236883942766,2.2961203483768804,0.0448206332079162,0.913736496257469,Faxonius limosus (alien),random_forest
4,20,plain,6.612437680398838,3811,0.7710010801610048,0.4034961940279405,20.82670906200318,24.602510460251047,0.0828206354127509,0.8427644847828412,Faxonius limosus (alien),random_forest
4,20,stratified,0.0,3811,0.7875978122800871,0.4209261922383794,7.440381558028617,5.776173285198556,0.0675688180715709,0.8709289920337125,Faxonius limosus (alien),random_forest
5,3,plain,1.2332721070585144,3811,0.791064694825536,0.4325160116324782,4.850031908104659,1.9339242546333604,0.0287250608302972,0.9455557594076592,Faxonius limosus (alien),random_forest
5,3,stratified,0.0,3811,0.7945663782579198,0.4338266902834633,2.8079132099553283,-0.5090909090909091,0.0260885187581552,0.951198705589708,Faxonius limosus (alien),random_forest
5,10,plain,3.2537391760692707,3811,0.7780742084064122,0.4130777387789212,19.112954690491385,4.872563718140929,0.0594570084195233,0.8869380063373438,Faxonius limosus (alien),random_forest
5,10,stratified,0.0,3811,0.7882415240905338,0.4151664542291973,8.136566687938735,1.6116035455278,0.0435232448879666,0.9158523407281236,Faxonius limosus (alien),random_forest
5,20,plain,6.901075833114664,3811,0.7686188341364405,0.3929791891434102,29.92980216975112,11.200644641418211,0.0821645023012318,0.8440705626167514,Faxonius limosus (alien),random_forest
5,20,stratified,0.0,3811,0.7841215722874803,0.4032612373730925,12.029355456285897,3.8461538461538463,0.0618115962206776,0.8815678582521678,Faxonius limosus (alien),random_forest
6,3,plain,1.1020729467331378,3811,0.7998206890541157,0.4389625653303367,3.160638644509612,2.1998166819431715,0.0295655697567277,0.9433830202879864,Faxonius limosus (alien),random_forest
6,3,stratified,0.0,3811,0.8024162698498607,0.4469904603737037,2.346041055718475,1.924839596700275,0.0266364512980536,0.9497057511387486,Faxonius limosus (alien),random_forest
6,10,plain,3.909734977696139,3811,0.7772020419767283,0.4118211226738457,16.911045943304007,3.9250669045495097,0.0615792529718547,0.8811735081403136,Faxonius limosus (alien),random_forest
6,10,stratified,0.0,3811,0.7928448326547338,0.4294629563426447,6.907787552948844,3.617363344051447,0.0441205744573488,0.91359971578145,Faxonius limosus (alien),random_forest
6,20,plain,8.134347940173182,3811,0.7689138739821806,0.3928681465639865,25.48061257738677,18.689788053949904,0.0869740284979887,0.8329925156412854,Faxonius limosus (alien),random_forest
6,20,stratified,0.0,3811,0.776317190789692,0.4029773894971178,6.744868035190615,3.3766233766233764,0.067045624403247,0.870275336519457,Faxonius limosus (alien),random_forest
7,3,plain,1.2857517711886643,3811,0.7991759749076784,0.439706454395632,2.2054190296156277,-0.6024096385542169,0.030295682416194,0.9415925043404542,Faxonius limosus (alien),random_forest
7,3,stratified,0.0,3811,0.8035391607775829,0.4536209724807231,1.1027095148078137,2.0654044750430294,0.0264418102615738,0.9502580928849156,Faxonius limosus (alien),random_forest
7,10,plain,4.0409341380215125,3811,0.7859270827567003,0.4237126784494853,15.91052299936988,5.0,0.0591977194971285,0.8858699494329714,Faxonius limosus (alien),random_forest
7,10,stratified,0.0,3811,0.7947354061740215,0.4424216337933045,5.986137366099559,3.811101905550953,0.0447210118770561,0.9128672072639786,Faxonius limosus (alien),random_forest
7,20,plain,7.268433482025717,3811,0.7729196268477153,0.4005483081142918,20.163831127914303,17.62589928057554,0.0822136566530417,0.8413424727456984,Faxonius limosus (alien),random_forest
7,20,stratified,0.0,3811,0.7882986817344813,0.4247339744937455,4.158790170132325,2.272727272727273,0.0636748741403663,0.8766046013543538,Faxonius limosus (alien),random_forest
8,3,plain,1.049593282602988,3811,0.791719284864907,0.4255582920653721,2.3345059162136232,-1.3245033112582782,0.0285822560548921,0.9456799337978792,Faxonius limosus (alien),random_forest
8,3,stratified,0.0,3811,0.7949571550133814,0.4384625109567477,2.654301247201791,0.0,0.0268563234795879,0.9491105340600404,Faxonius limosus (alien),random_forest
8,10,plain,3.72605615324062,3811,0.776386994847136,0.4043164483571542,17.26894787336105,1.8739352640545144,0.0593555004607069,0.8868540369073228,Faxonius limosus (alien),random_forest
8,10,stratified,0.0,3811,0.7930727136200012,0.4325005086440571,6.299968020466901,2.7868852459016398,0.0436479153011693,0.9152240176253736,Faxonius limosus (alien),random_forest
8,20,plain,6.664917344528991,3811,0.7654739661872951,0.3933210925156704,25.071953949472334,19.79264844486333,0.0866915491799244,0.8353356813486629,Faxonius limosus (alien),random_forest
8,20,stratified,0.0,3811,0.7864040229276206,0.4232222351436082,8.602494403581709,0.9056603773584906,0.0660015164900263,0.8726328224815433,Faxonius limosus (alien),random_forest
9,3,plain,1.1545526108632913,3811,0.7887036296830255,0.4117548431357368,2.1890862944162435,-0.2446982055464926,0.0294675332627232,0.9434201451998984,Faxonius limosus (alien),random_forest
9,3,stratified,0.0,3811,0.7958992685878383,0.4317907017488327,2.030456852791878,0.9482758620689656,0.0263308101317526,0.9502877656438914,Faxonius limosus (alien),random_forest
9,10,plain,3.804775649435843,3811,0.7864928649622822,0.4153849516873997,14.371827411167512,7.306711979609176,0.0594401357408688,0.88561218314376,Faxonius limosus (alien),random_forest
9,10,stratified,0.0,3811,0.7931707796236314,0.4246113886996966,4.758883248730964,6.5420560747663545,0.0451745866770926,0.912211943319536,Faxonius limosus (alien),random_forest
9,20,plain,6.376279191813172,3811,0.763512669607898,0.3900863465546391,19.67005076142132,9.91150442477876,0.0840089948025465,0.838981711903453,Faxonius limosus (alien),random_forest
9,20,stratified,0.0,3811,0.7843005084261929,0.4152302865320198,5.710659898477157,4.331013147718484,0.0655264294472179,0.8739883520931507,Faxonius limosus (alien),random_forest
10,3,plain,0.813434794017315,3811,0.7904263561142999,0.433789038857184,2.858011553663728,1.71990171990172,0.0295631470874139,0.943701662636996,Faxonius limosus (alien),random_forest
10,3,stratified,0.0,3811,0.7960447615112263,0.4387330723661111,1.0641532380662817,-1.4263074484944531,0.0255999124102729,0.9520729246289374,Faxonius limosus (alien),random_forest
10,10,plain,3.542377328785093,3811,0.7728795671045747,0.410927075564065,14.290057768318636,0.2320185614849187,0.0608919016545437,0.883168067648782,Faxonius limosus (alien),random_forest
10,10,stratified,0.0,3811,0.7873704456205974,0.4380592874766199,3.800547278808148,-2.186588921282799,0.0455519836916081,0.9116590445928692,Faxonius limosus (alien),random_forest
10,20,plain,7.504591970611383,3811,0.7614162224026793,0.3909009060376762,17.847370021283066,12.31945624468989,0.0850503011830136,0.8383679864653952,Faxonius limosus (alien),random_forest
10,20,stratified,0.0,3811,0.7752524370877051,0.4092992401814734,3.891760413499544,-5.7654075546719685,0.0657676624974201,0.8738141917158746,Faxonius limosus (alien),random_forest
11,3,plain,1.049593282602988,3811,0.7895580682640915,0.4223913734639737,0.6568658116984674,-4.143646408839778,0.03072299818092,0.9406242365555112,Faxonius limosus (alien),random_forest
11,3,stratified,0.0,3811,0.7979553346246703,0.4389272763806147,2.8151391929934317,0.0831946755407653,0.0276462349730527,0.9474691993943378,Faxonius limosus (alien),random_forest
11,10,plain,2.886381527158221,3811,0.7812950288602228,0.407344605156379,13.794182045667814,-1.909307875894988,0.0555062764194047,0.8886584268996568,Faxonius limosus (alien),random_forest
11,10,stratified,0.0,3811,0.7931802080423854,0.418296208356573,6.255864873318736,0.8856682769726247,0.0459303002525324,0.9101025900184024,Faxonius limosus (alien),random_forest
11,20,plain,7.16347415376541,3811,0.7620658512069568,0.3863173110575777,22.61495151704723,6.826241134751773,0.086786377366898,0.8345031624179831,Faxonius limosus (alien),random_forest
11,20,stratified,0.0,3811,0.7846076879732174,0.3990230086691269,8.351579605880513,-5.166312809624912,0.0674408484693045,0.8704305648818096,Faxonius limosus (alien),random_forest
12,3,plain,0.7609551298871615,3811,0.7892062956273662,0.4352627469939916,2.9049573729081146,-0.4626060138781804,0.0296611665693727,0.9433534313164408,Faxonius limosus (alien),random_forest
12,3,stratified,0.0,3811,0.7961906105998545,0.4353904553900569,3.789074834227976,-1.2749003984063745,0.026226391778202,0.9507795158447624,Faxonius limosus (alien),random_forest
12,10,plain,3.2537391760692707,3811,0.7791768280990649,0.4136713308044435,18.69276918219135,4.672192916352675,0.0579001974627872,0.8892761888181949,Faxonius limosus (alien),random_forest
12,10,stratified,0.0,3811,0.7860828558170341,0.4225547689102842,6.409851594568992,1.195219123505976,0.0443520419636218,0.9131293395715556,Faxonius limosus (alien),random_forest
12,20,plain,7.032274993440037,3811,0.7577958272721291,0.3744862054331448,24.56583517524471,16.315307057745187,0.0831693488560334,0.8405794490298082,Faxonius limosus (alien),random_forest
12,20,stratified,0.0,3811,0.7820438500385143,0.4146057971043884,6.662456583517525,-3.2713754646840147,0.0664047481996913,0.8720557723966446,Faxonius limosus (alien),random_forest
13,3,plain,0.7347152978220919,3811,0.7858996223750097,0.4216671802628267,2.146690518783542,-3.098827470686768,0.0288480991089833,0.9448204340653972,Faxonius limosus (alien),random_forest
13,3,stratified,0.0,3811,0.7936285219785113,0.431114572451802,1.7590936195587357,-3.295750216825672,0.0257855111630395,0.9516482855403536,Faxonius limosus (alien),random_forest
13,10,plain,3.227499344004197,3811,0.7725845871804907,0.4078146524897593,12.731067382230174,-3.373313343328336,0.0537605191581253,0.8920306978837467,Faxonius limosus (alien),random_forest
13,10,stratified,0.0,3811,0.7802652496438852,0.4086056436729035,4.174120453190221,-0.411522633744856,0.0456579384869181,0.9107766185097,Faxonius limosus (alien),random_forest
13,20,plain,6.140120703227499,3811,0.7519903592050969,0.3695728081706969,21.7948717948718,5.761316872427984,0.0842870159682173,0.839609049293837,Faxonius limosus (alien),random_forest
13,20,stratified,0.0,3811,0.7754291033630586,0.3836657250058031,5.485986881335719,-7.813525935653316,0.06662413826864,0.8722875270303074,Faxonius limosus (alien),random_forest
14,3,plain,1.049593282602988,3811,0.7978290046520297,0.4405628163736663,4.353312302839116,1.195219123505976,0.0296491596056602,0.9432355064641844,Faxonius limosus (alien),random_forest
14,3,stratified,0.0,3811,0.8013637776275458,0.4522812286147271,3.501577287066246,2.7978339350180503,0.027272534149307,0.9487893960091656,Faxonius limosus (alien),random_forest
14,10,plain,3.988454473891366,3811,0.7792604414897534,0.4075259093631269,17.160883280757098,7.741935483870968,0.0599594902064157,0.885549079593584,Faxonius limosus (alien),random_forest
14,10,stratified,0.0,3811,0.7960831583559181,0.4329912441950101,7.602523659305993,2.670856245090338,0.0447837023630336,0.9136399784838704,Faxonius limosus (alien),random_forest
14,20,plain,7.084754657570191,3811,0.7695207778649608,0.4010128477079318,21.892744479495267,12.454873646209386,0.0836745841575584,0.840805438506517,Faxonius limosus (alien),random_forest
14,20,stratified,0.0,3811,0.7968901554744209,0.433267519035498,7.192429022082019,4.870384917517675,0.065926883565932,0.8735742147774752,Faxonius limosus (alien),random_forest
0,3,plain,1.128312778798211,3811,0.784410396477435,0.427978035697826,2.96718972895863,-0.5114083398898506,0.0500875667732782,0.888613040953691,Faxonius limosus (alien),xgboost
0,3,stratified,0.0,3811,0.791290080101328,0.4540449851193998,1.2838801711840229,-3.0728709394205445,0.0473911302945895,0.8949992376198768,Faxonius limosus (alien),xgboost
0,10,plain,3.59485699291524,3811,0.7752042712737258,0.4060593951565714,15.520684736091296,6.206040546131568,0.0807704090718406,0.8208163013151097,Faxonius limosus (alien),xgboost
0,10,stratified,0.0,3811,0.7877890357427723,0.4204846464535708,5.592011412268189,-0.2713178294573643,0.0665289193908696,0.8499187802927985,Faxonius limosus (alien),xgboost
0,20,plain,6.979795329309891,3811,0.7616044860050348,0.4127682882328046,19.486447931526392,12.37645036527718,0.1087912796374798,0.7602361516062193,Faxonius limosus (alien),xgboost
0,20,stratified,0.0,3811,0.7785243220385231,0.4150886165817267,9.101283880171184,2.227622519238558,0.0869136490927331,0.8055286527265453,Faxonius limosus (alien),xgboost
1,3,plain,1.3119916032537375,3811,0.7763990916680469,0.407541935796779,2.4543378995433787,2.792096219931272,0.0487014247699339,0.8930062370310212,Faxonius limosus (alien),xgboost
1,3,stratified,0.0,3811,0.7875172148556133,0.4375669148179,3.4246575342465757,3.341067285382831,0.0457860032359525,0.8999952655790688,Faxonius limosus (alien),xgboost
1,10,plain,2.991340855418521,3811,0.7640733092005891,0.4114382377628522,10.987442922374427,9.271786709112614,0.0776502089894941,0.8269779832272013,Faxonius limosus (alien),xgboost
1,10,stratified,0.0,3811,0.7760581562416937,0.4090478491112663,7.277397260273973,4.730012557555463,0.0680902083279743,0.848506594890342,Faxonius limosus (alien),xgboost
1,20,plain,7.05851482550511,3811,0.7632130986895445,0.4005917947702502,18.83561643835617,16.175115207373274,0.1053492196265094,0.7686711030955413,Faxonius limosus (alien),xgboost
1,20,stratified,0.0,3811,0.776952745051321,0.4217546538504757,5.222602739726027,3.9350912778904665,0.0911216455005558,0.7980439497684639,Faxonius limosus (alien),xgboost
2,3,plain,0.9708737864077648,3811,0.7706064122799944,0.426857878324837,2.6689875253843924,1.7958826106000876,0.0482808833210561,0.8918690092397638,Faxonius limosus (alien),xgboost
2,3,stratified,0.0,3811,0.7803682584191579,0.4319066132023358,3.0461270670147957,0.2589555459646094,0.0446151888666656,0.9005462283995278,Faxonius limosus (alien),xgboost
2,10,plain,2.965101023353448,3811,0.7642975743192499,0.3920792471443897,13.751087902523937,5.140562248995984,0.0745653466326256,0.8310868561343115,Faxonius limosus (alien),xgboost
2,10,stratified,0.0,3811,0.7694484374017893,0.4155475574683303,8.732230925442414,1.7864077669902914,0.0668535037296329,0.8486073997988706,Faxonius limosus (alien),xgboost
2,20,plain,7.215953817895564,3811,0.7541764378072225,0.3871686991894421,21.990136350449667,15.540015540015538,0.1050296184756267,0.7660467405728041,Faxonius limosus (alien),xgboost
2,20,stratified,0.0,3811,0.7771227629551972,0.4296741897467231,6.78851174934726,-0.2702702702702703,0.0885863611556681,0.8005737219500274,Faxonius limosus (alien),xgboost
3,3,plain,0.944633954342688,3811,0.7788039926327859,0.4287322205635867,5.04127358490566,1.545972335231896,0.0506553041558889,0.8869721617335291,Faxonius limosus (alien),xgboost
3,3,stratified,0.0,3811,0.7881085834736504,0.4268038081952935,0.9433962264150944,2.211499798954564,0.0456718546972692,0.8986548450986305,Faxonius limosus (alien),xgboost
3,10,plain,3.804775649435843,3811,0.7776649168876367,0.410333332102467,15.831367924528305,7.832345469940728,0.082766354602785,0.8155178935963567,Faxonius limosus (alien),xgboost
3,10,stratified,0.0,3811,0.7835192349962719,0.4282644253840424,10.023584905660378,5.433526011560693,0.0701105642263068,0.8411998295280363,Faxonius limosus (alien),xgboost
3,20,plain,7.425872474416163,3811,0.7703852577839541,0.4032984772708518,25.235849056603776,22.14602662363857,0.1068482290025468,0.7634379822130737,Faxonius limosus (alien),xgboost
3,20,stratified,0.0,3811,0.7851316261512112,0.4262451596440852,11.762971698113208,7.072438919845691,0.0876168598270194,0.8032926664934177,Faxonius limosus (alien),xgboost
4,3,plain,1.049593282602988,3811,0.7907553445968587,0.4454240782436199,3.0097373856594865,-0.2156101768003449,0.0502540500249784,0.8867577856662173,Faxonius limosus (alien),xgboost
4,3,stratified,0.0,3811,0.7874005610987433,0.4453783392432001,2.950722927117144,0.4585243851604835,0.0455714471725386,0.8979524900576049,Faxonius limosus (alien),xgboost
4,10,plain,4.014694305956439,3811,0.7756908810878375,0.4236133954513622,16.258483328415462,12.916495269436446,0.0801053233060674,0.8208669363136994,Faxonius limosus (alien),xgboost
4,10,stratified,0.0,3811,0.7861601928455634,0.4405051587566614,4.92770728828563,2.2699635184434537,0.0664186326919082,0.8491266800143786,Faxonius limosus (alien),xgboost
4,20,plain,6.612437680398838,3811,0.7660071027643298,0.4089897060944302,17.61581587488935,14.665653495440733,0.1051749797036713,0.7640637096335463,Faxonius limosus (alien),xgboost
4,20,stratified,0.0,3811,0.786192700430182,0.4394135782458442,9.678371200944232,4.970360237118103,0.0881878558058965,0.799989908980419,Faxonius limosus (alien),xgboost
5,3,plain,1.2332721070585144,3811,0.7884576889501501,0.4393373776165879,6.116560877091748,-1.195219123505976,0.0480288868661257,0.8945702158122806,Faxonius limosus (alien),xgboost
5,3,stratified,0.0,3811,0.7848376140818613,0.4432922519327033,3.0294287362954413,0.3869969040247678,0.0449711388166509,0.9017370548489888,Faxonius limosus (alien),xgboost
5,10,plain,3.2537391760692707,3811,0.765043791746025,0.4028013911661321,16.474321984997115,4.41306266548985,0.0823987996190714,0.8188270828893531,Faxonius limosus (alien),xgboost
5,10,stratified,0.0,3811,0.7837566492054939,0.4312867182022708,7.587997691863819,2.2504537205081667,0.0652998690005118,0.8544759867934837,Faxonius limosus (alien),xgboost
5,20,plain,6.901075833114664,3811,0.7607594330207146,0.3950865999053501,25.07212925562608,11.229946524064172,0.1089904671763494,0.7612869733188207,Faxonius limosus (alien),xgboost
5,20,stratified,0.0,3811,0.7795189703149373,0.4038320032559488,12.752452394691286,6.76,0.0866308611276343,0.807609388519174,Faxonius limosus (alien),xgboost
6,3,plain,1.1020729467331378,3811,0.7756031967008907,0.4288944394330869,2.2136953955135774,0.9064885496183206,0.0496175993388924,0.8881040849187752,Faxonius limosus (alien),xgboost
6,3,stratified,0.0,3811,0.7822406846093306,0.445920461063363,3.394332939787485,2.8534923339011926,0.0464816692515765,0.8958199360518954,Faxonius limosus (alien),xgboost
6,10,plain,3.909734977696139,3811,0.7765107658265962,0.4274426471869941,15.938606847697756,11.480637813211846,0.0811367964879204,0.8168000441076598,Faxonius limosus (alien),xgboost
6,10,stratified,0.0,3811,0.7829319403282092,0.4390588793952777,8.47107438016529,6.48870636550308,0.0682727359087387,0.8445531144484562,Faxonius limosus (alien),xgboost
6,20,plain,8.134347940173182,3811,0.7629135494139103,0.3995062529300145,26.53482880755608,21.44089732528041,0.1095415474786464,0.754820979666597,Faxonius limosus (alien),xgboost
6,20,stratified,0.0,3811,0.7671761751966157,0.4144001700257188,11.629279811097993,10.003985651654046,0.0890591554344106,0.7977249488447857,Faxonius limosus (alien),xgboost
7,3,plain,1.2857517711886643,3811,0.7818004942514637,0.4143277802375913,5.103857566765579,1.5456674473067915,0.0507826920887496,0.8858817273220914,Faxonius limosus (alien),xgboost
7,3,stratified,0.0,3811,0.782439655009373,0.4087965869538458,2.6112759643916914,2.66497461928934,0.0456358302949152,0.8985649961566835,Faxonius limosus (alien),xgboost
7,10,plain,4.0409341380215125,3811,0.7695982396805834,0.3936865469873866,13.382789317507418,5.731225296442688,0.0792872985534827,0.8217975969884047,Faxonius limosus (alien),xgboost
7,10,stratified,0.0,3811,0.7736012420512693,0.4169594242160173,6.676557863501484,2.188392007611798,0.0671561601195856,0.8486580940592272,Faxonius limosus (alien),xgboost
7,20,plain,7.268433482025717,3811,0.7536815145790311,0.3786077825207419,20.32640949554896,18.56314145470772,0.1062889895593017,0.762648240601806,Faxonius limosus (alien),xgboost
7,20,stratified,0.0,3811,0.7718645544226596,0.4071505487330566,11.661721068249255,6.196581196581197,0.0884339810197571,0.8001068582729751,Faxonius limosus (alien),xgboost
8,3,plain,1.049593282602988,3811,0.7885511351173509,0.4285254157921636,3.695082921152167,1.375,0.0462384569292484,0.896636298264487,Faxonius limosus (alien),xgboost
8,3,stratified,0.0,3811,0.7901788686497828,0.4361809728604222,4.626127436718068,2.699283002952341,0.045656126036455,0.8978569153201197,Faxonius limosus (alien),xgboost
8,10,plain,3.72605615324062,3811,0.7864164954724316,0.4123565595544868,9.01949374454466,3.3693304535637147,0.0791848483034719,0.8227579261872511,Faxonius limosus (alien),xgboost
8,10,stratified,0.0,3811,0.7901666956099171,0.4315277917802421,7.302880418970031,1.460197833254828,0.0651155144655216,0.8524813389121245,Faxonius limosus (alien),xgboost
8,20,plain,6.664917344528991,3811,0.7702680369780557,0.3990219590120243,24.06168169915624,17.2787979966611,0.1081859132100812,0.759632402729811,Faxonius limosus (alien),xgboost
8,20,stratified,0.0,3811,0.7818496972384504,0.4166493946915491,6.633692173407041,-0.8315098468271335,0.0878275009233888,0.8014136030959258,Faxonius limosus (alien),xgboost
9,3,plain,1.1545526108632913,3811,0.7775646062550974,0.4296026781944605,1.7648733276401936,-2.056555269922879,0.049578777935643,0.889324924326481,Faxonius limosus (alien),xgboost
9,3,stratified,0.0,3811,0.7916935628069979,0.4445604580706961,1.138627953316254,-0.3686635944700461,0.045908607349511,0.8983964354467681,Faxonius limosus (alien),xgboost
9,10,plain,3.804775649435843,3811,0.7714345153914478,0.4069330490241407,12.126387702818104,2.4050632911392404,0.0807933334772937,0.8195776856758048,Faxonius limosus (alien),xgboost
9,10,stratified,0.0,3811,0.7756441292546842,0.4235960936145169,6.54711073156846,1.490066225165563,0.068702982248598,0.8458494668137096,Faxonius limosus (alien),xgboost
9,20,plain,6.376279191813172,3811,0.762287752192141,0.4080041264673971,19.698263592371195,13.615664845173042,0.1074397289952561,0.7615950528440709,Faxonius limosus (alien),xgboost
9,20,stratified,0.0,3811,0.7829905098270742,0.435865422456048,9.336749217193285,4.100480236424086,0.0877237759848335,0.8034585240818501,Faxonius limosus (alien),xgboost
10,3,plain,0.813434794017315,3811,0.7698204587893075,0.417656249372949,4.479418886198547,-0.3318125259228535,0.0489656727194843,0.8908200676038751,Faxonius limosus (alien),xgboost
10,3,stratified,0.0,3811,0.782599203230079,0.432812474209772,4.025423728813559,1.693480101608806,0.0442600697434829,0.9018798580034008,Faxonius limosus (alien),xgboost
10,10,plain,3.542377328785093,3811,0.7694652485812855,0.4153261770927464,15.466101694915254,8.347826086956523,0.0791146629934063,0.8238621656577695,Faxonius limosus (alien),xgboost
10,10,stratified,0.0,3811,0.7710758522288986,0.4172056418907015,7.929782082324454,4.028837998303647,0.066723013179173,0.84946710316478,Faxonius limosus (alien),xgboost
10,20,plain,7.504591970611383,3811,0.7447724791424024,0.3854718106521252,25.45399515738499,18.709150326797385,0.1041433261188949,0.769258814993639,Faxonius limosus (alien),xgboost
10,20,stratified,0.0,3811,0.7697098094620842,0.4162420115271505,9.049636803874092,4.493891797556719,0.0865588543645299,0.8048603355694643,Faxonius limosus (alien),xgboost
11,3,plain,1.049593282602988,3811,0.7630814386153607,0.41270630803075,2.317183268131207,-1.2463647694225175,0.0498438548859892,0.88711472907964,Faxonius limosus (alien),xgboost
11,3,stratified,0.0,3811,0.7760842988496478,0.4268972541100638,1.1134517002708395,0.4405286343612335,0.0470318843682035,0.8941926351812384,Faxonius limosus (alien),xgboost
11,10,plain,2.886381527158221,3811,0.756273653132974,0.3932995352075012,11.104423713511888,5.02838605028386,0.0800835917840827,0.8172122630873282,Faxonius limosus (alien),xgboost
11,10,stratified,0.0,3811,0.7745765393445896,0.4232416148810719,6.4700571772494735,2.8536485935589075,0.067398063887415,0.8465018058069429,Faxonius limosus (alien),xgboost
11,20,plain,7.16347415376541,3811,0.7471204527377784,0.3807722358250175,22.449593740595848,17.405857740585773,0.1093435301986019,0.7561938206514778,Faxonius limosus (alien),xgboost
11,20,stratified,0.0,3811,0.765181781086202,0.3970872710133359,6.98164309359013,4.211362733412793,0.0880644452434722,0.8003406083694408,Faxonius limosus (alien),xgboost
12,3,plain,0.7609551298871615,3811,0.7776935614441297,0.4239703250290868,4.87225193107546,0.0412541254125412,0.0493183842968298,0.8887019049725376,Faxonius limosus (alien),xgboost
12,3,stratified,0.0,3811,0.7863473293141081,0.4299065290446831,5.228758169934641,0.6747638326585695,0.0461355102661511,0.8963303070773825,Faxonius limosus (alien),xgboost
12,10,plain,3.2537391760692707,3811,0.7692117318814415,0.4210059224340108,15.775401069518717,7.950931394820536,0.0789135022038358,0.8215973457872966,Faxonius limosus (alien),xgboost
12,10,stratified,0.0,3811,0.7794318424726443,0.4196503393443095,7.66488413547237,2.244811520542143,0.067588244492896,0.8460176218087758,Faxonius limosus (alien),xgboost
12,20,plain,7.032274993440037,3811,0.7581549595539585,0.3892471293582969,25.0445632798574,20.709281961471103,0.105534603723559,0.7636554949483048,Faxonius limosus (alien),xgboost
12,20,stratified,0.0,3811,0.77868006257014,0.4157961007754263,11.259655377302437,4.345991561181434,0.0877044988499265,0.8007593949697398,Faxonius limosus (alien),xgboost
13,3,plain,0.7347152978220919,3811,0.7702784605498266,0.4210311654830993,3.928987194412107,0.9603340292275574,0.04877493127409,0.8915674966113923,Faxonius limosus (alien),xgboost
13,3,stratified,0.0,3811,0.7814606713728999,0.433917888797299,4.161816065192084,0.786308973172988,0.0461050061528206,0.8982798086589912,Faxonius limosus (alien),xgboost
13,10,plain,3.227499344004197,3811,0.7662508070346735,0.4166684397180988,12.427240977881256,5.786113328012769,0.078040547593373,0.8241832604111328,Faxonius limosus (alien),xgboost
13,10,stratified,0.0,3811,0.768664987470161,0.4166124669240534,5.471478463329453,3.2454361054766734,0.0693630717496135,0.8447642234994122,Faxonius limosus (alien),xgboost
13,20,plain,6.140120703227499,3811,0.7452180972932537,0.387801141966035,23.77764842840512,18.40670859538784,0.1074621486395345,0.7638188581666621,Faxonius limosus (alien),xgboost
13,20,stratified,0.0,3811,0.7706112207318876,0.4145989134384675,7.683352735739232,6.627218934911243,0.0895054381726563,0.8011709591064127,Faxonius limosus (alien),xgboost
14,3,plain,1.049593282602988,3811,0.7790171738928019,0.4213941648154553,4.920447849145552,0.2607561929595828,0.0491750305996343,0.8898005436707129,Faxonius limosus (alien),xgboost
14,3,stratified,0.0,3811,0.7841532384617488,0.4319730264872848,2.975839717147908,2.5523012552301254,0.0454038487722178,0.8989046933080271,Faxonius limosus (alien),xgboost
14,10,plain,3.988454473891366,3811,0.7641053675125611,0.4039618057271862,14.997053624042428,6.151773686573867,0.0790041936054804,0.8222909294317806,Faxonius limosus (alien),xgboost
14,10,stratified,0.0,3811,0.7763502242047085,0.4219416497280587,8.190925162050677,3.752665245202559,0.0666992650541721,0.8487864695524509,Faxonius limosus (alien),xgboost
14,20,plain,7.084754657570191,3811,0.7614742086707328,0.3911797278485958,20.624631703005303,15.243154883530854,0.1042695040757973,0.7662502846355298,Faxonius limosus (alien),xgboost
14,20,stratified,0.0,3811,0.7757018347167034,0.416790175992155,10.901591043017088,5.369127516778524,0.0884279067567073,0.7998179697323498,Faxonius limosus (alien),xgboost
0,3,plain,1.078877966914412,4171,0.8799717163457438,0.6185159016638281,5.718569286785178,2.5711159737417946,0.0240290053520406,0.9291876549211616,Pacifastacus leniusculus (alien),random_forest
0,3,stratified,0.0,4171,0.8814189634128218,0.6122576499788819,4.540586849432426,1.5779092702169626,0.0218390024401439,0.9369732632581014,Pacifastacus leniusculus (alien),random_forest
0,10,plain,3.6921601534404234,4171,0.8624649843214814,0.569578843726009,17.605482972799315,14.149888143176732,0.044146209212976,0.8672956034645501,Pacifastacus leniusculus (alien),random_forest
0,10,stratified,0.0,4171,0.8618093815359896,0.575961761860714,7.324908974084386,4.69678953626635,0.0361337970115547,0.890648865645656,Pacifastacus leniusculus (alien),random_forest
0,20,plain,7.26444497722369,4171,0.8339003664406283,0.5060833324254341,32.212465195973444,27.774172615184945,0.0667397864058081,0.8132482648067819,Pacifastacus leniusculus (alien),random_forest
0,20,stratified,0.0,4171,0.8493748190002525,0.5553367411530429,13.514671235810663,5.989731888191671,0.045911516106349,0.8622936408706554,Pacifastacus leniusculus (alien),random_forest
1,3,plain,1.0549029009829771,4171,0.8654774680087977,0.593703991273171,5.388951521984216,0.3418803418803419,0.0240476701782437,0.9281293290412682,Pacifastacus leniusculus (alien),random_forest
1,3,stratified,0.0,4171,0.8647131553084555,0.5910458588712013,2.7959413754227733,4.776902887139108,0.022144690302621,0.9352982724385912,Pacifastacus leniusculus (alien),random_forest
1,10,plain,3.4284344281946773,4171,0.8371323658718053,0.5385535685045812,16.392333709131908,9.299781181619256,0.0454772230339081,0.8617305021749837,Pacifastacus leniusculus (alien),random_forest
1,10,stratified,0.0,4171,0.8511926433667263,0.5516038819073347,5.501691093573845,4.570791527313267,0.0369406142830439,0.8879575593942243,Pacifastacus leniusculus (alien),random_forest
1,20,plain,7.672021098058018,4171,0.8113758505828335,0.4754401055727694,36.50507328072153,21.15732368896926,0.0681742361607938,0.8078789213539576,Pacifastacus leniusculus (alien),random_forest
1,20,stratified,0.0,4171,0.824410644224335,0.5124623667189012,6.741826381059752,-0.2440512507626601,0.0468223647171215,0.858061680474413,Pacifastacus leniusculus (alien),random_forest
2,3,plain,1.078877966914412,4171,0.866979355683318,0.6110199255818183,3.401677539608574,2.553413236060448,0.0222046839574837,0.9337792710365354,Pacifastacus leniusculus (alien),random_forest
2,3,stratified,0.0,4171,0.8724365687551293,0.6133087816205206,3.0521901211556384,1.6319639842431062,0.021316299119183,0.9361550949062298,Pacifastacus leniusculus (alien),random_forest
2,10,plain,4.459362263246224,4171,0.8437275300577806,0.5368389563890112,16.076421248835043,11.09792284866469,0.0443524602983867,0.8616183338280808,Pacifastacus leniusculus (alien),random_forest
2,10,stratified,0.0,4171,0.850037052380463,0.5635897047266892,8.504193849021435,6.697341513292433,0.0362446332071742,0.8877694786984426,Pacifastacus leniusculus (alien),random_forest
2,20,plain,7.504195636538004,4171,0.815962381030088,0.4980201912067324,29.520037278657966,18.729747245625404,0.0672269683787748,0.8070947071666438,Pacifastacus leniusculus (alien),random_forest
2,20,stratified,0.0,4171,0.8369134144049833,0.550341540739277,5.335507921714818,2.61172373766686,0.0496949860622375,0.8473954565762772,Pacifastacus leniusculus (alien),random_forest
3,3,plain,1.1268280987772703,4171,0.8687144531475567,0.5930400299613086,4.714582851860412,2.70568746548868,0.0235993295855908,0.9290379249287916,Pacifastacus leniusculus (alien),random_forest
3,3,stratified,0.0,4171,0.8687356551364843,0.5957454027730877,3.258608735844696,2.8846153846153846,0.0212997500092188,0.9367071387385996,Pacifastacus leniusculus (alien),random_forest
3,10,plain,3.8839606808918745,4171,0.8345282018613371,0.5192643526024223,19.27432401201756,11.31848284166165,0.0464594380844721,0.8587336279093085,Pacifastacus leniusculus (alien),random_forest
3,10,stratified,0.0,4171,0.8483822941799674,0.5410965138922187,9.45227640397504,8.034188034188034,0.0373973427989049,0.8862305482611645,Pacifastacus leniusculus (alien),random_forest
3,20,plain,7.312395109086552,4171,0.8075826539431277,0.4598113007768948,40.744164548185815,23.637602179836517,0.0677852386046369,0.8084685787072545,Pacifastacus leniusculus (alien),random_forest
3,20,stratified,0.0,4171,0.8323071315043965,0.5184862482200759,7.811416685925583,3.729355354288759,0.0474736708513284,0.8567019641535478,Pacifastacus leniusculus (alien),random_forest
4,3,plain,0.8631023735315289,4171,0.8567948670063784,0.5765333160354593,2.284669865204478,2.4456521739130435,0.0249808074854818,0.9251089939014254,Pacifastacus leniusculus (alien),random_forest
4,3,stratified,0.0,4171,0.8594976771034284,0.5732629907575647,2.558830249029015,4.023292747485442,0.021723418812548,0.9361601550486582,Pacifastacus leniusculus (alien),random_forest
4,10,plain,4.051786142411888,4171,0.832454183342692,0.5290853170224166,20.08224811514736,8.929503916449086,0.0449660546867067,0.8633097014469504,Pacifastacus leniusculus (alien),random_forest
4,10,stratified,0.0,4171,0.8364714293774007,0.5229341527231867,8.70459218642906,6.888633754305396,0.0365980619144682,0.8884683365116068,Pacifastacus leniusculus (alien),random_forest
4,20,plain,7.695996163989449,4171,0.8031856776572199,0.4808028920600896,39.68471555860178,17.792207792207794,0.068679553994298,0.8083532117758006,Pacifastacus leniusculus (alien),random_forest
4,20,stratified,0.0,4171,0.8246431506608806,0.5184457999308838,12.040210189627595,3.048780487804878,0.0482120636446519,0.8560808330144947,Pacifastacus leniusculus (alien),random_forest
5,3,plain,0.935027571325822,4171,0.8684678922719877,0.5843607440711093,4.72802386963507,3.137039075399009,0.0232605430157501,0.9305665194304102,Pacifastacus leniusculus (alien),random_forest
5,3,stratified,0.0,4171,0.8637321157247723,0.5655848409483301,3.741106265779206,4.886174347584675,0.0215154196373734,0.936591744932949,Pacifastacus leniusculus (alien),random_forest
5,10,plain,4.219611603931913,4171,0.832953909514345,0.5210535605692361,18.20059674087675,11.365040148239654,0.0460652661087091,0.8602585864729779,Pacifastacus leniusculus (alien),random_forest
5,10,stratified,0.0,4171,0.8458680095332415,0.5379066256802543,9.088822584347028,8.500590318772137,0.0380936509689734,0.8846296980349004,Pacifastacus leniusculus (alien),random_forest
5,20,plain,7.600095900263728,4171,0.8071486047526073,0.4604681505231573,39.70621987606151,19.681908548707757,0.0691346427832569,0.8029671064221702,Pacifastacus leniusculus (alien),random_forest
5,20,stratified,0.0,4171,0.8318073007168919,0.5153321381947349,12.990589855405096,6.92063492063492,0.0507156736124091,0.8478447504371511,Pacifastacus leniusculus (alien),random_forest
6,3,plain,1.438503955885878,4171,0.873069351232184,0.600269410859535,4.113924050632911,0.5656108597285068,0.0246553196156296,0.926570776278765,Pacifastacus leniusculus (alien),random_forest
6,3,stratified,0.0,4171,0.8766309958364549,0.6072853481863877,1.1528028933092225,-0.5238649592549476,0.0212846103081142,0.9377165016072504,Pacifastacus leniusculus (alien),random_forest
6,10,plain,4.171661472069051,4171,0.8433044555475622,0.5287627088725935,16.455696202531644,11.926605504587156,0.0443223221464789,0.8654505299554953,Pacifastacus leniusculus (alien),random_forest
6,10,stratified,0.0,4171,0.852305807989766,0.5456925564397108,8.860759493670885,3.5274356103023514,0.0364622790487126,0.8887450546817506,Pacifastacus leniusculus (alien),random_forest
6,20,plain,6.952769120115082,4171,0.8103634443215664,0.469097852885211,26.69529837251357,21.410090556274252,0.0652124492426583,0.8084505049595965,Pacifastacus leniusculus (alien),random_forest
6,20,stratified,0.0,4171,0.8363856811765328,0.5266190910295573,9.22242314647378,5.089820359281437,0.0473203015610609,0.8574564857010084,Pacifastacus leniusculus (alien),random_forest
7,3,plain,1.1987532965715637,4171,0.8710364978808892,0.6009755271012936,3.028263795423957,5.035971223021583,0.0248250646911545,0.9256601752713944,Pacifastacus leniusculus (alien),random_forest
7,3,stratified,0.0,4171,0.8719425332652547,0.5921115401130689,2.983400628084343,2.867602196461257,0.0218595486051506,0.9355248041025692,Pacifastacus leniusculus (alien),random_forest
7,10,plain,3.47638456005754,4171,0.8497224915697961,0.5550092437958869,16.41991924629879,9.866511897852584,0.0451792661241992,0.8619464602847349,Pacifastacus leniusculus (alien),random_forest
7,10,stratified,0.0,4171,0.8548575312976436,0.5629977029679574,10.385823239120684,7.361268403171008,0.0378935760676848,0.8842118730146425,Pacifastacus leniusculus (alien),random_forest
7,20,plain,7.576120834332297,4171,0.8193761316421861,0.5005698533731224,37.23642889187977,21.071428571428573,0.069543144028452,0.803145909868811,Pacifastacus leniusculus (alien),random_forest
7,20,stratified,0.0,4171,0.8363475379137298,0.5338843991315559,14.490803050695378,5.83756345177665,0.0499286872031484,0.848813947055153,Pacifastacus leniusculus (alien),random_forest
8,3,plain,1.0069527691201152,4171,0.8681135776899302,0.5863742887135079,2.9466791393826006,0.4098360655737705,0.0244473439221256,0.9265779923788948,Pacifastacus leniusculus (alien),random_forest
8,3,stratified,0.0,4171,0.8710251099410679,0.5838110516117854,2.104770813844715,0.6440281030444965,0.0217994352954939,0.9352230274285612,Pacifastacus leniusculus (alien),random_forest
8,10,plain,4.2915368017262026,4171,0.8448929336933516,0.5347892663365139,16.931711880261926,9.263521288837746,0.0445793553306571,0.8642603309578617,Pacifastacus leniusculus (alien),random_forest
8,10,stratified,0.0,4171,0.847242601648391,0.5247739325952246,8.676333021515434,5.014925373134329,0.0367264665784813,0.8882849673363196,Pacifastacus leniusculus (alien),random_forest
8,20,plain,8.007672021098056,4171,0.8090464562186711,0.4664837548562747,32.15622076707203,15.343283582089551,0.0665439795177718,0.8113997089065006,Pacifastacus leniusculus (alien),random_forest
8,20,stratified,0.0,4171,0.8431650225320382,0.5372196922106092,5.753040224508887,-0.7917174177831912,0.0477057838035167,0.8561082046779195,Pacifastacus leniusculus (alien),random_forest
9,3,plain,0.9590026372572532,4171,0.8690520728128066,0.6047519590979978,4.7240618101545255,4.245283018867925,0.0226464466383275,0.9335768080474816,Pacifastacus leniusculus (alien),random_forest
9,3,stratified,0.0,4171,0.8667235224107189,0.5879938725439938,2.185430463576159,3.265940902021773,0.0221302201894046,0.9356692836242676,Pacifastacus leniusculus (alien),random_forest
9,10,plain,3.9079357468233056,4171,0.8418762276198839,0.5423019368611687,16.777041942604857,10.36655211912944,0.0448071844375016,0.8653515372502256,Pacifastacus leniusculus (alien),random_forest
9,10,stratified,0.0,4171,0.844725327125884,0.5488859172205938,7.682119205298013,5.612829324169531,0.0378079581824354,0.8861751796007716,Pacifastacus leniusculus (alien),random_forest
9,20,plain,8.103572284823784,4171,0.8143585480315655,0.4686768636000851,29.094922737306845,18.080210387902696,0.0669073707337105,0.8112365942382476,Pacifastacus leniusculus (alien),random_forest
9,20,stratified,0.0,4171,0.8328876112017672,0.524652196635273,7.836644591611479,7.200929152148665,0.0495691790386855,0.8525549182036798,Pacifastacus leniusculus (alien),random_forest
10,3,plain,1.0549029009829771,4171,0.8697326277002001,0.594598031393756,6.551561021759697,3.619909502262444,0.0244563129030084,0.927557692864106,Pacifastacus leniusculus (alien),random_forest
10,3,stratified,0.0,4171,0.871868366299756,0.5973322484349171,4.422894985808893,3.4464189553042544,0.022924433747453,0.9326108102967416,Pacifastacus leniusculus (alien),random_forest
10,10,plain,3.8839606808918745,4171,0.8463909384810594,0.5428735160307633,24.716177861873227,15.726062143310084,0.0453792306531591,0.8623741883977388,Pacifastacus leniusculus (alien),random_forest
10,10,stratified,0.0,4171,0.8498869814119336,0.5442151168931875,9.67360454115421,7.942028985507246,0.0379606908685856,0.8842652496618065,Pacifastacus leniusculus (alien),random_forest
10,20,plain,7.839846559578039,4171,0.8183347535856934,0.4955799828128788,38.83632923368023,31.84754521963824,0.0686297018798861,0.8063460991485321,Pacifastacus leniusculus (alien),random_forest
10,20,stratified,0.0,4171,0.8422937224921937,0.5316246296815109,16.225165562913908,7.090788601722996,0.0496606434910208,0.8504566793086248,Pacifastacus leniusculus (alien),random_forest
11,3,plain,1.078877966914412,4171,0.8736248211184982,0.5891704595618565,4.645365964196692,1.38811771238201,0.0240904588335374,0.9287398281413428,Pacifastacus leniusculus (alien),random_forest
11,3,stratified,0.0,4171,0.8731474241558721,0.5910617132895292,2.0620892816678,2.0097442143727164,0.0211434038546391,0.9387054503984006,Pacifastacus leniusculus (alien),random_forest
11,10,plain,3.9079357468233056,4171,0.8436043546724774,0.5275724758753548,14.97847269431226,6.626865671641791,0.0459289910207878,0.8602924359036335,Pacifastacus leniusculus (alien),random_forest
11,10,stratified,0.0,4171,0.8547826004491338,0.5620104485315713,3.059143439836846,3.561004086398132,0.0364005023339678,0.8900750544010747,Pacifastacus leniusculus (alien),random_forest
11,20,plain,7.983696955166625,4171,0.8194730059908799,0.4640804565363868,36.34715612961704,25.77617328519856,0.0710149149432935,0.8038690156180183,Pacifastacus leniusculus (alien),random_forest
11,20,stratified,0.0,4171,0.8422014734573824,0.5394394996572249,10.333106730115569,4.156626506024097,0.0492008849283703,0.8532529281883883,Pacifastacus leniusculus (alien),random_forest
12,3,plain,1.1747782306401326,4171,0.8709217233637649,0.5858985732803351,4.875148632580261,3.1194820482636847,0.0252511562815376,0.9230763832081016,Pacifastacus leniusculus (alien),random_forest
12,3,stratified,0.0,4171,0.877774945905779,0.5990453217200926,4.233055885850178,6.515242080095636,0.0203048006452797,0.941088054339654,Pacifastacus leniusculus (alien),random_forest
12,10,plain,4.051786142411888,4171,0.853003701380588,0.5534174020374855,21.117717003567183,12.358803986710964,0.0455536807942399,0.861379241362692,Pacifastacus leniusculus (alien),random_forest
12,10,stratified,0.0,4171,0.8552959012746829,0.5551431195779662,9.20332936979786,6.219512195121951,0.0373630574830446,0.8867936008820482,Pacifastacus leniusculus (alien),random_forest
12,20,plain,7.86382162550947,4171,0.8220021352877614,0.500486005668955,37.43162901307967,28.067700987306065,0.0681550581537403,0.8069699807729152,Pacifastacus leniusculus (alien),random_forest
12,20,stratified,0.0,4171,0.839744514066329,0.540452510017557,10.297265160523189,5.240174672489083,0.0482506879042848,0.8539251384768722,Pacifastacus leniusculus (alien),random_forest
13,3,plain,1.0549029009829771,4171,0.8705754062245078,0.5888150386039117,4.924820222270647,2.585258525852585,0.0240890543414175,0.9291634002276375,Pacifastacus leniusculus (alien),random_forest
13,3,stratified,0.0,4171,0.8766927480389411,0.6020256518870727,2.7892787099585967,2.951002227171492,0.0214547297976041,0.9377663925408338,Pacifastacus leniusculus (alien),random_forest
13,10,plain,4.051786142411888,4171,0.8483183196995109,0.5428199942339522,17.56373937677054,11.302895322939866,0.0430690275494248,0.8703960186567172,Pacifastacus leniusculus (alien),random_forest
13,10,stratified,0.0,4171,0.8524217044543525,0.543105006552089,10.220091523207673,7.920792079207921,0.0361327059442496,0.8917200216908281,Pacifastacus leniusculus (alien),random_forest
13,20,plain,7.672021098058018,4171,0.8083119780378812,0.4605464219562181,29.439965134016127,23.243933588761177,0.0671352562803576,0.812489031221185,Pacifastacus leniusculus (alien),random_forest
13,20,stratified,0.0,4171,0.8501456826201294,0.5501765267152691,8.912617127914578,2.89532293986637,0.0468007351942623,0.8612697912778323,Pacifastacus leniusculus (alien),random_forest
14,3,plain,1.1268280987772703,4171,0.8742647390709434,0.5996604090903855,5.272686128083277,2.1299254526091587,0.0236805610127127,0.9289413136580515,Pacifastacus leniusculus (alien),random_forest
14,3,stratified,0.0,4171,0.8728185823033859,0.5983065443739825,2.828694274722788,0.2918855808523058,0.0213324167004692,0.937135682904011,Pacifastacus leniusculus (alien),random_forest
14,10,plain,3.524334691920401,4171,0.8453381595224572,0.5514797190863336,17.899977370445804,7.24400871459695,0.0442608658675269,0.8645226997498167,Pacifastacus leniusculus (alien),random_forest
14,10,stratified,0.0,4171,0.8582797220445653,0.569190378588842,9.459153654673004,5.840220385674931,0.0359671008656428,0.8904942495897562,Pacifastacus leniusculus (alien),random_forest
14,20,plain,7.887796691440901,4171,0.8217521796263925,0.4931968857000433,35.14369766915591,18.2374541003672,0.0686203313045498,0.8066374489662539,Pacifastacus leniusculus (alien),random_forest
14,20,stratified,0.0,4171,0.8421557009592552,0.5447892429295979,9.05182167911292,3.3369214208826694,0.0480477742139121,0.8547244198210766,Pacifastacus leniusculus (alien),random_forest
0,3,plain,1.078877966914412,4171,0.8829379504722943,0.6132930150197241,6.988058381247236,1.1513714866237723,0.0356664617967112,0.868923663688145,Pacifastacus leniusculus (alien),xgboost
0,3,stratified,0.0,4171,0.883274718041144,0.6139881818908568,3.847854931446263,-0.4751461988304093,0.0336740140328563,0.877646752272592,Pacifastacus leniusculus (alien),xgboost
0,10,plain,3.6921601534404234,4171,0.8587024589639454,0.5639300964269562,21.627598407784166,8.556326395771391,0.0599478580261757,0.7808085709034007,Pacifastacus leniusculus (alien),xgboost
0,10,stratified,0.0,4171,0.8659570706960277,0.5771806479738042,12.4281291463954,3.829646748101684,0.0502727521992977,0.8141463829516393,Pacifastacus leniusculus (alien),xgboost
0,20,plain,7.26444497722369,4171,0.8306202281681099,0.50939086515905,37.35072976559045,19.617064158548875,0.0840203012556876,0.7069399293883143,Pacifastacus leniusculus (alien),xgboost
0,20,stratified,0.0,4171,0.8490478011568894,0.5274744522402818,18.50950906678461,4.952912452040461,0.0620473077613484,0.7743687912522621,Pacifastacus leniusculus (alien),xgboost
1,3,plain,1.0549029009829771,4171,0.8787070794842461,0.614841980516303,7.628101089728727,-0.145719489981785,0.0352697499806021,0.8672617173209105,Pacifastacus leniusculus (alien),xgboost
1,3,stratified,0.0,4171,0.8829135422586976,0.6179145440274147,4.822629260375608,3.6283485927433032,0.0323767065957401,0.8804585253919304,Pacifastacus leniusculus (alien),xgboost
1,10,plain,3.4284344281946773,4171,0.8525555595560442,0.5540165708409569,20.38024576860654,10.641728474685586,0.0601683357359676,0.7758720812746323,Pacifastacus leniusculus (alien),xgboost
1,10,stratified,0.0,4171,0.8625890282425807,0.5721150723638547,12.265244609320655,5.369357045143639,0.0494014890185497,0.8139793036783661,Pacifastacus leniusculus (alien),xgboost
1,20,plain,7.672021098058018,4171,0.824565936085055,0.4884330849694024,37.32900533271505,22.17785843920145,0.0805443931069573,0.7123527351023486,Pacifastacus leniusculus (alien),xgboost
1,20,stratified,0.0,4171,0.8440560510612773,0.5441470087828073,16.80964525852075,3.3736707004033737,0.0604169770928252,0.7743301670362058,Pacifastacus leniusculus (alien),xgboost
2,3,plain,1.078877966914412,4171,0.877660278604453,0.598629860879621,4.6757829730921925,-1.633208574345015,0.032872490284357,0.8791559057512948,Pacifastacus leniusculus (alien),xgboost
2,3,stratified,0.0,4171,0.8792604534561742,0.6008065059743611,4.565505072783414,-1.4079895219384413,0.0317242407870233,0.8841739266313756,Pacifastacus leniusculus (alien),xgboost
2,10,plain,4.459362263246224,4171,0.8418545997030306,0.5079113653467302,20.71018967798853,6.895414054767403,0.0585475847410071,0.7832642035562571,Pacifastacus leniusculus (alien),xgboost
2,10,stratified,0.0,4171,0.853255890240431,0.5297033622929052,12.461402734891928,3.233256351039261,0.0493730188561596,0.8164751206751171,Pacifastacus leniusculus (alien),xgboost
2,20,plain,7.504195636538004,4171,0.8266456633008826,0.4796625036994503,37.09748566387296,21.12676056338028,0.0825246885639385,0.7096585382160339,Pacifastacus leniusculus (alien),xgboost
2,20,stratified,0.0,4171,0.8507716611916171,0.5427841312655626,12.792236435818264,0.1273074474856779,0.0643920323612294,0.7630673048286235,Pacifastacus leniusculus (alien),xgboost
3,3,plain,1.1268280987772703,4171,0.8854723733088077,0.613418908388059,5.365344467640918,1.2759170653907497,0.0344875165964539,0.8777542317964673,Pacifastacus leniusculus (alien),xgboost
3,3,stratified,0.0,4171,0.8840382504324729,0.6226301819070763,3.02713987473904,-0.2099370188943317,0.0324261550104403,0.886021149824862,Pacifastacus leniusculus (alien),xgboost
3,10,plain,3.8839606808918745,4171,0.8491492620355924,0.5328200264283536,17.57828810020877,6.324732536186281,0.0607546290921282,0.7830670854206433,Pacifastacus leniusculus (alien),xgboost
3,10,stratified,0.0,4171,0.8624503318076369,0.567048397528278,7.661795407098121,-1.3647219379051518,0.0512463753260797,0.8165819986725246,Pacifastacus leniusculus (alien),xgboost
3,20,plain,7.312395109086552,4171,0.81816197142419,0.4753345922341614,33.987473903966595,17.046215673141326,0.0827062742596571,0.7181493645962203,Pacifastacus leniusculus (alien),xgboost
3,20,stratified,0.0,4171,0.846403875278506,0.5335391531506225,9.06054279749478,0.1421262080727686,0.0618067174706965,0.7802329491238351,Pacifastacus leniusculus (alien),xgboost
4,3,plain,0.8631023735315289,4171,0.8806490846974366,0.6235999676884701,1.1902088479676622,-4.661759551349457,0.0369532072100714,0.8630833147121755,Pacifastacus leniusculus (alien),xgboost
4,3,stratified,0.0,4171,0.8860479819275402,0.6332001758452525,3.278688524590164,1.2636012636012637,0.0328065412898368,0.8796144107933436,Pacifastacus leniusculus (alien),xgboost
4,10,plain,4.051786142411888,4171,0.8561113161976068,0.5481517654976119,20.75005614192679,5.940922668436774,0.0592709934174099,0.7806978004099588,Pacifastacus leniusculus (alien),xgboost
4,10,stratified,0.0,4171,0.8622556988525599,0.5685349538226736,11.048731192454524,5.034324942791762,0.0497400024028644,0.8145974285143337,Pacifastacus leniusculus (alien),xgboost
4,20,plain,7.695996163989449,4171,0.825031639021066,0.5111191360956555,37.72737480350325,20.44728434504792,0.0833886178861463,0.7065796010019338,Pacifastacus leniusculus (alien),xgboost
4,20,stratified,0.0,4171,0.8529348667105173,0.5493613139889093,13.271951493375251,3.002001334222816,0.0629751745858679,0.7682354092179556,Pacifastacus leniusculus (alien),xgboost
5,3,plain,0.935027571325822,4171,0.8848407204632062,0.6289996927941717,4.164800716524854,-1.2408526885141584,0.0333985097656667,0.8765459562986876,Pacifastacus leniusculus (alien),xgboost
5,3,stratified,0.0,4171,0.8843932675793539,0.6286445432792933,5.441110613524407,1.6381507098653074,0.0320921712966207,0.8822791524150071,Pacifastacus leniusculus (alien),xgboost
5,10,plain,4.219611603931913,4171,0.8539254937381429,0.563960861445077,21.00313479623825,5.839917554105119,0.0601070565685238,0.7793496546431038,Pacifastacus leniusculus (alien),xgboost
5,10,stratified,0.0,4171,0.8720035206670964,0.5962742944858918,12.51679355127631,0.5296610169491525,0.0499139470509877,0.81467108328226,Pacifastacus leniusculus (alien),xgboost
5,20,plain,7.600095900263728,4171,0.8211367166706075,0.503715697034951,34.930586654724586,19.282658769332016,0.0827770165114644,0.7060342941218618,Pacifastacus leniusculus (alien),xgboost
5,20,stratified,0.0,4171,0.8542231270095776,0.5720459628867798,16.278549037169725,5.545286506469501,0.0659637418265988,0.7593447381206412,Pacifastacus leniusculus (alien),xgboost
6,3,plain,1.438503955885878,4171,0.8804445193918524,0.6039184625490395,6.19489034591906,2.263565891472868,0.0356824308522766,0.8670175118854482,Pacifastacus leniusculus (alien),xgboost
6,3,stratified,0.0,4171,0.8854194525801524,0.619152720666985,5.403572236038888,0.8499509643674402,0.0328776187553644,0.8782379318460998,Pacifastacus leniusculus (alien),xgboost
6,10,plain,4.171661472069051,4171,0.8421454751998549,0.5070272153826647,24.056070540357226,13.612217795484726,0.0591778870071078,0.7811626305802014,Pacifastacus leniusculus (alien),xgboost
6,10,stratified,0.0,4171,0.8669041811897207,0.5719695132271176,14.017635089305902,6.9421487603305785,0.0513565256210665,0.8085324292304527,Pacifastacus leniusculus (alien),xgboost
6,20,plain,6.952769120115082,4171,0.814942339131845,0.4561306699542589,35.69975130002261,21.664994984954863,0.0827687526038681,0.7032701570644382,Pacifastacus leniusculus (alien),xgboost
6,20,stratified,0.0,4171,0.8497949458907599,0.5327789103214614,16.527243952068734,6.364545151616128,0.0619237573171515,0.7706944880319855,Pacifastacus leniusculus (alien),xgboost
7,3,plain,1.1987532965715637,4171,0.8762545647692501,0.6099105349443694,4.979157017137563,2.074235807860262,0.0349435545135171,0.8705241759031314,Pacifastacus leniusculus (alien),xgboost
7,3,stratified,0.0,4171,0.8855012963996586,0.6278822332563769,1.2505789717461788,2.1072088724584104,0.0314083475438719,0.8852008894203399,Pacifastacus leniusculus (alien),xgboost
7,10,plain,3.47638456005754,4171,0.8597549828949124,0.5652082714155405,20.310328855951827,9.736747205192932,0.0591598225123281,0.7821007405678833,Pacifastacus leniusculus (alien),xgboost
7,10,stratified,0.0,4171,0.8571312436786725,0.5658351990234396,14.080592867068088,7.736877982276755,0.0499693087876442,0.8142273983245831,Pacifastacus leniusculus (alien),xgboost
7,20,plain,7.576120834332297,4171,0.8189195954408327,0.4961803400112065,39.18480778138027,22.48933695230709,0.0845828884354492,0.7019333883900396,Pacifastacus leniusculus (alien),xgboost
7,20,stratified,0.0,4171,0.8395892173636589,0.5323802399441911,19.70819823992589,9.961685823754788,0.0634740246490424,0.7668895268711236,Pacifastacus leniusculus (alien),xgboost
8,3,plain,1.0069527691201152,4171,0.8734646302652209,0.6031780265242882,4.813450023030861,2.0314547837483614,0.0349275050852882,0.8697545685876723,Pacifastacus leniusculus (alien),xgboost
8,3,stratified,0.0,4171,0.8780861165054299,0.6096372893228474,3.22432058959005,1.466275659824047,0.0325725894251437,0.8794515995075342,Pacifastacus leniusculus (alien),xgboost
8,10,plain,4.2915368017262026,4171,0.8573678694703987,0.5619627189564571,20.405343159834175,13.366174055829228,0.0581533335877054,0.7835200643479678,Pacifastacus leniusculus (alien),xgboost
8,10,stratified,0.0,4171,0.8647800862274717,0.5747103862044459,12.34454168585905,7.536557930258718,0.0498259241774564,0.8129948827090272,Pacifastacus leniusculus (alien),xgboost
8,20,plain,8.007672021098056,4171,0.821726700401694,0.4965087229481412,33.78627360663289,25.371586588316624,0.081444817200048,0.7096523513999337,Pacifastacus leniusculus (alien),xgboost
8,20,stratified,0.0,4171,0.8481287765213086,0.5303549695567289,10.087517273146016,3.246294989414256,0.061869190612495,0.7701146833033885,Pacifastacus leniusculus (alien),xgboost
9,3,plain,0.9590026372572532,4171,0.8794948044628976,0.6065852437693181,6.30755064456722,2.3485784919653896,0.0345008812522418,0.8712830487002965,Pacifastacus leniusculus (alien),xgboost
9,3,stratified,0.0,4171,0.8791987194705212,0.6068623915761426,2.8775322283609577,0.2598366740905716,0.0336217569263504,0.8746531469483095,Pacifastacus leniusculus (alien),xgboost
9,10,plain,3.9079357468233056,4171,0.8604302659117307,0.55327674792101,23.04327808471455,10.815363881401616,0.060125969720438,0.776092546918504,Pacifastacus leniusculus (alien),xgboost
9,10,stratified,0.0,4171,0.8584187000278896,0.5549132012998756,11.23388581952118,4.022000687521484,0.0517760381953826,0.8054852658261498,Pacifastacus leniusculus (alien),xgboost
9,20,plain,8.103572284823784,4171,0.8250043462876903,0.4907057042128652,38.55893186003684,25.49928673323823,0.0839921645053203,0.7025639438210074,Pacifastacus leniusculus (alien),xgboost
9,20,stratified,0.0,4171,0.8428906367994736,0.5269518896847802,17.03499079189687,2.921597633136095,0.0650498591891655,0.7588843852941544,Pacifastacus leniusculus (alien),xgboost
10,3,plain,1.0549029009829771,4171,0.8742309231163362,0.5952561103206236,6.3024257537973245,4.672589667653834,0.0351630313177288,0.8696393871775977,Pacifastacus leniusculus (alien),xgboost
10,3,stratified,0.0,4171,0.8771052996721698,0.6022819709015893,3.196554069372024,1.6,0.0321124934873631,0.8816477081162039,Pacifastacus leniusculus (alien),xgboost
10,10,plain,3.8839606808918745,4171,0.8508208751812613,0.5548412366592992,19.950124688279303,11.9579945799458,0.0594124177761601,0.7794325850242886,Pacifastacus leniusculus (alien),xgboost
10,10,stratified,0.0,4171,0.8589079763979501,0.5698348297519217,10.17909771026978,4.848093083387202,0.050192420451309,0.8109560857006024,Pacifastacus leniusculus (alien),xgboost
10,20,plain,7.839846559578039,4171,0.8232437074690566,0.4909330211711686,33.98322375878486,21.90114068441065,0.0835668704926809,0.7036604394357906,Pacifastacus leniusculus (alien),xgboost
10,20,stratified,0.0,4171,0.8493582822281388,0.5332629481876912,13.761051915665382,7.32315363041446,0.0636836210839081,0.76395983596388,Pacifastacus leniusculus (alien),xgboost
11,3,plain,1.078877966914412,4171,0.8812704367271139,0.6144201097019085,3.718820861678005,2.527202527202527,0.035026028153866,0.8700312263590778,Pacifastacus leniusculus (alien),xgboost
11,3,stratified,0.0,4171,0.8865236640810653,0.6156883999283431,4.648526077097506,3.141891891891892,0.031064107589526,0.8859728118091146,Pacifastacus leniusculus (alien),xgboost
11,10,plain,3.9079357468233056,4171,0.8519478791504989,0.5436866767389497,16.984126984126984,4.9102607517778525,0.0589199945478389,0.781184702964831,Pacifastacus leniusculus (alien),xgboost
11,10,stratified,0.0,4171,0.864388557669824,0.5871077550338601,6.077097505668935,2.782669954209229,0.0480048319074002,0.820520747531178,Pacifastacus leniusculus (alien),xgboost
11,20,plain,7.983696955166625,4171,0.8116897288883027,0.4652471652765602,35.3968253968254,24.75317348377997,0.0844037203045101,0.702329328455194,Pacifastacus leniusculus (alien),xgboost
11,20,stratified,0.0,4171,0.8426615920271127,0.5281018041761615,14.71655328798186,4.343182627269491,0.064146167466836,0.7634863746623297,Pacifastacus leniusculus (alien),xgboost
12,3,plain,1.1747782306401326,4171,0.8717807662274548,0.5981930589366821,4.963918652963044,0.2029083530605343,0.0370509290939757,0.8641012509428971,Pacifastacus leniusculus (alien),xgboost
12,3,stratified,0.0,4171,0.8830519919181914,0.6176077367976596,2.2960857205335667,2.2319918836658776,0.0306751841710128,0.8900201249012769,Pacifastacus leniusculus (alien),xgboost
12,10,plain,4.051786142411888,4171,0.8566466681554765,0.5631174729932641,20.35862672206429,8.594771241830065,0.0612619772787731,0.7771975703500089,Pacifastacus leniusculus (alien),xgboost
12,10,stratified,0.0,4171,0.8559292568417708,0.5622904955988584,11.196151322982724,4.545454545454546,0.0510082284813723,0.8143592523430924,Pacifastacus leniusculus (alien),xgboost
12,20,plain,7.86382162550947,4171,0.8089374538833798,0.4653005665895979,30.76754865514979,20.16754576481539,0.0840307314832304,0.7075369800457117,Pacifastacus leniusculus (alien),xgboost
12,20,stratified,0.0,4171,0.8480996504671221,0.5388918023669284,12.245790509512355,4.093740729753782,0.0631259029744478,0.7715234778501385,Pacifastacus leniusculus (alien),xgboost
13,3,plain,1.0549029009829771,4171,0.8726404454267401,0.6021124736552033,7.098409771836829,1.9638043896804005,0.0347623111391742,0.8689396213470941,Pacifastacus leniusculus (alien),xgboost
13,3,stratified,0.0,4171,0.8761475034719296,0.6138148914784202,4.102327725282323,1.911589008363202,0.0321184164944727,0.8796532802780501,Pacifastacus leniusculus (alien),xgboost
13,10,plain,4.051786142411888,4171,0.8448619503659446,0.5523996723950612,21.179995390643004,12.822144447979635,0.0583009094702638,0.7807071956417085,Pacifastacus leniusculus (alien),xgboost
13,10,stratified,0.0,4171,0.8559111348526727,0.5610259510907519,12.376123530767458,8.522932466594439,0.0488951543772089,0.8149641302129556,Pacifastacus leniusculus (alien),xgboost
13,20,plain,7.672021098058018,4171,0.8156071640920345,0.4924388949603173,36.85180917262042,25.0,0.0830323162379307,0.7050149590998551,Pacifastacus leniusculus (alien),xgboost
13,20,stratified,0.0,4171,0.844950705514038,0.5507098705160892,13.505415994468772,8.888170652876536,0.0610204289933869,0.7714454146564844,Pacifastacus leniusculus (alien),xgboost
14,3,plain,1.1268280987772703,4171,0.8793127395470718,0.6021923548965261,4.743083003952568,0.6788866259334692,0.0351218818893694,0.8711499083731,Pacifastacus leniusculus (alien),xgboost
14,3,stratified,0.0,4171,0.8805044248790922,0.6013446169804486,3.711023276240667,2.481649772806711,0.0308532597120358,0.8883269894302932,Pacifastacus leniusculus (alien),xgboost
14,10,plain,3.524334691920401,4171,0.8574030108592803,0.560529984573018,20.28985507246377,9.65781899584266,0.0610708369358025,0.7765482568135553,Pacifastacus leniusculus (alien),xgboost
14,10,stratified,0.0,4171,0.8658337087444968,0.5663469449857622,11.857707509881422,6.36030636030636,0.0491297948869411,0.8193052218015778,Pacifastacus leniusculus (alien),xgboost
14,20,plain,7.887796691440901,4171,0.8224923907996848,0.4843264474589874,36.36363636363637,23.49206349206349,0.0832236676126303,0.7078796762002854,Pacifastacus leniusculus (alien),xgboost
14,20,stratified,0.0,4171,0.8499476082597014,0.5491878016680906,14.668423364075538,4.093760316936282,0.0632134678072919,0.7700441995021059,Pacifastacus leniusculus (alien),xgboost
0,3,plain,0.1336898395721917,1496,0.7741949333436458,0.409756037832665,-2.7572940044886183,-2.243371855880353,0.0237905109526922,0.9574372622937596,Pontastacus leptodactylus (pooled),random_forest
0,3,stratified,0.0,1496,0.7729326753160818,0.4063943436430339,-0.6732927220262905,-0.6934812760055479,0.0252595303468957,0.9549424951192846,Pontastacus leptodactylus (pooled),random_forest
0,10,plain,1.3368983957219245,1496,0.7704721439596175,0.4032597886686866,-3.3985251683231805,-5.209840810419681,0.0334920009546638,0.9400327435983185,Pontastacus leptodactylus (pooled),random_forest
0,10,stratified,0.0,1496,0.7604315844111408,0.3966994898274411,2.404616864379609,-2.795248078266946,0.0312089234435693,0.9441679367182454,Pontastacus leptodactylus (pooled),random_forest
0,20,plain,2.740641711229941,1496,0.7460272727959557,0.3670563598625722,-5.065726194293043,-14.954577218728163,0.0432506564037158,0.9215372825842668,Pontastacus leptodactylus (pooled),random_forest
0,20,stratified,0.0,1496,0.7437368997618599,0.3625928839296118,-4.007694773966015,-14.344543582704189,0.04310040155941,0.922019144599106,Pontastacus leptodactylus (pooled),random_forest
1,3,plain,0.8021390374331574,1496,0.7720464706563677,0.4256377982137655,-0.1656177542232527,-3.9239730226854688,0.0233642650644916,0.9576452805303686,Pontastacus leptodactylus (pooled),random_forest
1,3,stratified,0.0,1496,0.7773453679074181,0.4393945269099432,-0.8943358728055647,-1.4566181127295756,0.0239100432711764,0.9566677504147584,Pontastacus leptodactylus (pooled),random_forest
1,10,plain,1.3368983957219245,1496,0.7670771277426498,0.4221835607874251,1.6230539913878768,-3.64656381486676,0.0319388497338355,0.9415911195256936,Pontastacus leptodactylus (pooled),random_forest
1,10,stratified,0.0,1496,0.7616307479116597,0.4098381397820031,3.2129844319311025,-7.244094488188976,0.0323854400273947,0.9413476298587592,Pontastacus leptodactylus (pooled),random_forest
1,20,plain,2.87433155080214,1496,0.7535064001807478,0.4034248424344908,-0.9605829744948658,-13.080771979985704,0.0482903500274452,0.9117250861833172,Pontastacus leptodactylus (pooled),random_forest
1,20,stratified,0.0,1496,0.764132363270674,0.4156466530227337,-2.947996025173899,-12.180889861415023,0.0414543158069503,0.924553139722322,Pontastacus leptodactylus (pooled),random_forest
2,3,plain,0.1336898395721917,1496,0.78330290480861,0.4243618029604276,-0.6064281382656156,-1.167076167076167,0.022584371426496,0.9597910118800032,Pontastacus leptodactylus (pooled),random_forest
2,3,stratified,0.0,1496,0.7954569583748639,0.4588508211386242,1.5160703456640388,-2.197802197802198,0.023682978966265,0.9576607740271972,Pontastacus leptodactylus (pooled),random_forest
2,10,plain,1.470588235294116,1496,0.7752703460432332,0.4084339354081431,0.7883565797453002,-3.359173126614987,0.0319129417828001,0.9422829535342576,Pontastacus leptodactylus (pooled),random_forest
2,10,stratified,0.0,1496,0.7857597857019403,0.4251548376172552,-3.608247422680412,-3.86977886977887,0.0327267919490015,0.9406938775782362,Pontastacus leptodactylus (pooled),random_forest
2,20,plain,2.2727272727272734,1496,0.7670669751277586,0.3966072504458227,1.910248635536689,-4.924242424242424,0.0463014323070697,0.9169567238258716,Pontastacus leptodactylus (pooled),random_forest
2,20,stratified,0.0,1496,0.7660644242332866,0.4123748092164144,-1.6979987871437234,-9.142141515341264,0.0441755794221516,0.9203481704564128,Pontastacus leptodactylus (pooled),random_forest
3,3,plain,0.0,1496,0.7744131467538642,0.4131356850047082,-0.0653381247958183,0.326797385620915,0.0242227187165997,0.956628532521462,Pontastacus leptodactylus (pooled),random_forest
3,3,stratified,0.0,1496,0.770326213433772,0.4127101335465973,0.3266906239790918,-0.2578981302385558,0.0224695526569747,0.9597312545988872,Pontastacus leptodactylus (pooled),random_forest
3,10,plain,1.5374331550802085,1496,0.7674944979738179,0.3982634627492576,0.6533812479581836,-3.738910012674272,0.0338644319231288,0.9386804689491426,Pontastacus leptodactylus (pooled),random_forest
3,10,stratified,0.0,1496,0.7687092421992675,0.3918765786249615,-1.99281280627246,-5.428954423592494,0.0318759288775436,0.9423894975281406,Pontastacus leptodactylus (pooled),random_forest
3,20,plain,2.6737967914438485,1496,0.747902477789382,0.3506606550344117,-4.606337798105194,-16.065109695682946,0.046944311656238,0.9143807476477572,Pontastacus leptodactylus (pooled),random_forest
3,20,stratified,0.0,1496,0.7506740873747692,0.3663203653337987,-3.462920614178373,-13.304721030042918,0.0464550394836513,0.9151816391136348,Pontastacus leptodactylus (pooled),random_forest
4,3,plain,0.0668449197860923,1496,0.777292239761271,0.430136456969343,1.4418455623197692,0.0,0.0236644149052081,0.9573825520449823,Pontastacus leptodactylus (pooled),random_forest
4,3,stratified,0.0,1496,0.7764853198242191,0.4283490939809193,1.473886574815764,-2.963917525773196,0.0233398131141757,0.958004340049998,Pontastacus leptodactylus (pooled),random_forest
4,10,plain,0.6016042780748663,1496,0.7715204016699301,0.4313129836779567,-0.4806151874399231,-7.328145265888457,0.0341662960080523,0.9377849168295214,Pontastacus leptodactylus (pooled),random_forest
4,10,stratified,0.0,1496,0.7678569127889424,0.4024170327901479,-1.4418455623197692,-8.50253807106599,0.0324091726938469,0.9411526889226322,Pontastacus leptodactylus (pooled),random_forest
4,20,plain,2.606951871657749,1496,0.7514013018978333,0.3780083018679368,-1.2495994873438,-19.633152173913043,0.0514586335854891,0.9068555949786936,Pontastacus leptodactylus (pooled),random_forest
4,20,stratified,0.0,1496,0.7616803791653655,0.388871734673306,-2.8196090996475487,-17.54152823920266,0.0489305725498926,0.9110968072423432,Pontastacus leptodactylus (pooled),random_forest
5,3,plain,0.1336898395721917,1496,0.7582971875579663,0.3803421207312902,0.8633980881899477,-2.2808267997148968,0.0238821899158443,0.9576672926047904,Pontastacus leptodactylus (pooled),random_forest
5,3,stratified,0.0,1496,0.7611295465089707,0.3895825871999231,0.2158495220474869,-1.675257731958763,0.0235381069638576,0.9583336418631304,Pontastacus leptodactylus (pooled),random_forest
5,10,plain,1.2700534759358248,1496,0.758136638911978,0.3775387238448124,1.6959605303731111,-5.199516324062878,0.0336071267731324,0.94014881775105,Pontastacus leptodactylus (pooled),random_forest
5,10,stratified,0.0,1496,0.7550840968249306,0.3807717125139866,1.356768424298489,-6.557377049180328,0.0325250036837572,0.9419457479500905,Pontastacus leptodactylus (pooled),random_forest
5,20,plain,2.87433155080214,1496,0.7518194787941672,0.3583233740675097,2.0351526364477337,-8.627450980392156,0.0438159426281086,0.921374252312894,Pontastacus leptodactylus (pooled),random_forest
5,20,stratified,0.0,1496,0.7373012518037384,0.3497839855001861,-2.2201665124884364,-11.72106824925816,0.0439545177391069,0.9213767495779775,Pontastacus leptodactylus (pooled),random_forest
6,3,plain,-0.0668449197860994,1496,0.777305279771992,0.4345254424722897,0.148720999405116,0.5724098454493417,0.0233025306893295,0.9581028637158302,Pontastacus leptodactylus (pooled),random_forest
6,3,stratified,0.0,1496,0.7780689147703033,0.4287060967941631,-0.9220701963117192,-0.7945516458569807,0.0231212028764436,0.9583569481872966,Pontastacus leptodactylus (pooled),random_forest
6,10,plain,2.205882352941174,1496,0.7598179411155002,0.4099673776197933,-2.4390243902439024,-7.914572864321608,0.0365343884444167,0.9331524674917828,Pontastacus leptodactylus (pooled),random_forest
6,10,stratified,0.0,1496,0.7685519579627249,0.4126272153748782,-4.491374182034504,-7.836822329575953,0.0320245643308532,0.9413874708861706,Pontastacus leptodactylus (pooled),random_forest
6,20,plain,2.87433155080214,1496,0.7524018964855432,0.3844618148714153,-2.97441998810232,-12.372304199772984,0.052453063992979,0.9039127488571848,Pontastacus leptodactylus (pooled),random_forest
6,20,stratified,0.0,1496,0.7646129889539511,0.4104842165530077,-2.379535990481856,-12.964090079123554,0.0409935036508974,0.9257294746089288,Pontastacus leptodactylus (pooled),random_forest
7,3,plain,0.0668449197860923,1496,0.7841271660729158,0.4405158534311191,-1.936108422071636,-0.5144694533762058,0.0238045238614077,0.9574259955047956,Pontastacus leptodactylus (pooled),random_forest
7,3,stratified,0.0,1496,0.78431578316666,0.4385811336701115,1.6134236850596968,1.8006430868167205,0.0241642575932094,0.9568959038917914,Pontastacus leptodactylus (pooled),random_forest
7,10,plain,1.9385026737967903,1496,0.7649901592819185,0.3979380043863544,-2.6137463697967087,-7.100199071001991,0.037427902333738,0.9313072630377306,Pontastacus leptodactylus (pooled),random_forest
7,10,stratified,0.0,1496,0.7688553127493767,0.4033669165848827,0.935785737334624,-5.109034267912772,0.0343261720055204,0.9381130524287484,Pontastacus leptodactylus (pooled),random_forest
7,20,plain,2.406417112299458,1496,0.7852718135381404,0.4415357870491638,-4.808002581477896,-17.212041884816752,0.052018752710934,0.906028099280622,Pontastacus leptodactylus (pooled),random_forest
7,20,stratified,0.0,1496,0.7622963210208602,0.3871435100589482,-4.549854791868345,-14.340836012861736,0.0462344005255053,0.916151049339595,Pontastacus leptodactylus (pooled),random_forest
8,3,plain,0.8021390374331574,1496,0.7716516215406822,0.4049002341590962,2.4072216649949847,-0.7822685788787485,0.0225127590822775,0.9592124819569112,Pontastacus leptodactylus (pooled),random_forest
8,3,stratified,0.0,1496,0.7702442288065189,0.4017639707132399,-0.8692744901370779,-0.8264462809917356,0.0250390063194595,0.9543819844987969,Pontastacus leptodactylus (pooled),random_forest
8,10,plain,1.0695187165775335,1496,0.7582292337254425,0.4039956280615584,0.4680708793045804,-6.89419795221843,0.0376774767819527,0.9305659968392936,Pontastacus leptodactylus (pooled),random_forest
8,10,stratified,0.0,1496,0.7759881416823434,0.4088432504268042,-1.3373453694416584,-0.6222775357809583,0.0335753766598525,0.9387280186206663,Pontastacus leptodactylus (pooled),random_forest
8,20,plain,2.6737967914438485,1496,0.7495940676251447,0.3543605250387137,-2.8084252758274824,-13.398940196820591,0.0482497446620109,0.9104735798484224,Pontastacus leptodactylus (pooled),random_forest
8,20,stratified,0.0,1496,0.7566091496366865,0.3893850489792545,-1.2704781009695754,-10.98976109215017,0.048585464689544,0.9098554496233922,Pontastacus leptodactylus (pooled),random_forest
9,3,plain,0.2673796791443834,1496,0.7890398048237359,0.4490731226782589,1.953875720691864,0.4507405022537025,0.0235152146437132,0.9580764684314904,Pontastacus leptodactylus (pooled),random_forest
9,3,stratified,0.0,1496,0.8006051766568023,0.4757529541891985,2.4663677130044843,1.1979823455233292,0.0248777791613485,0.955798999369513,Pontastacus leptodactylus (pooled),random_forest
9,10,plain,1.6042780748663077,1496,0.7841795979792089,0.4512361187888806,-0.7687379884689303,-6.122448979591836,0.032880399609833,0.9409730799380792,Pontastacus leptodactylus (pooled),random_forest
9,10,stratified,0.0,1496,0.7882569890842851,0.4483625640688035,2.690582959641256,-3.221384509938314,0.0309569498490178,0.9445837092031064,Pontastacus leptodactylus (pooled),random_forest
9,20,plain,2.4732620320855574,1496,0.7664420073603707,0.4005660473281292,-2.274183215887252,-13.426573426573428,0.0497177714825307,0.9104034206197242,Pontastacus leptodactylus (pooled),random_forest
9,20,stratified,0.0,1496,0.7608129612022924,0.4028984024503331,-2.978859705317104,-17.05163043478261,0.0457853115282577,0.9176096897215682,Pontastacus leptodactylus (pooled),random_forest
10,3,plain,0.4679144385026745,1496,0.768419989862734,0.403332424863312,-0.6556353418669997,-1.829988193624557,0.024960111446627,0.9557697282786832,Pontastacus leptodactylus (pooled),random_forest
10,3,stratified,0.0,1496,0.772457803200949,0.3955024472140242,-2.0605682172962845,-0.5583126550868486,0.0235384472185038,0.9581909472357032,Pontastacus leptodactylus (pooled),random_forest
10,10,plain,1.671122994652407,1496,0.7655090713541128,0.387757663045757,2.0293474867311896,-3.3083645443196,0.0330395810893544,0.9409334896813418,Pontastacus leptodactylus (pooled),random_forest
10,10,stratified,0.0,1496,0.7674699054830719,0.3981428876871242,-2.653762098033094,-3.2467532467532463,0.0289173899282964,0.948117535298603,Pontastacus leptodactylus (pooled),random_forest
10,20,plain,3.342245989304814,1496,0.7349776273917291,0.3298867636552386,0.2497658445207618,-7.12484237074401,0.0430519897477404,0.9229110374182736,Pontastacus leptodactylus (pooled),random_forest
10,20,stratified,0.0,1496,0.749770623032019,0.3851498612584397,-0.1248829222603809,-5.821710127349909,0.0401890715202329,0.9273640338964864,Pontastacus leptodactylus (pooled),random_forest
11,3,plain,0.200534759358284,1496,0.7820717943194032,0.4213953057525745,-0.4789272030651341,-1.8354860639021076,0.0226646508732061,0.9593607150345872,Pontastacus leptodactylus (pooled),random_forest
11,3,stratified,0.0,1496,0.7802969792581593,0.412277429889117,0.7982120051085568,-1.6058394160583942,0.0249447793377538,0.9553329005995,Pontastacus leptodactylus (pooled),random_forest
11,10,plain,0.4679144385026745,1496,0.7765636814316603,0.4104989458747896,-1.851851851851852,-5.917553191489362,0.0326136067960997,0.9408408225290108,Pontastacus leptodactylus (pooled),random_forest
11,10,stratified,0.0,1496,0.7776038436755534,0.4137236462913871,-0.6385696040868455,-6.126482213438735,0.0312168909434915,0.9438678337670972,Pontastacus leptodactylus (pooled),random_forest
11,20,plain,2.406417112299458,1496,0.7549268422857057,0.3888887431209852,1.0855683269476373,-14.69964664310954,0.0496229729099984,0.9107186039933464,Pontastacus leptodactylus (pooled),random_forest
11,20,stratified,0.0,1496,0.7639671662290455,0.4037334489970797,-2.969348659003832,-11.419558359621451,0.0449124038850667,0.9185842215794168,Pontastacus leptodactylus (pooled),random_forest
12,3,plain,-0.0668449197860994,1496,0.7629788209029972,0.4032969090258599,-0.034494653328734,-0.8358662613981762,0.0244581379904326,0.9559924723348072,Pontastacus leptodactylus (pooled),random_forest
12,3,stratified,0.0,1496,0.7585732212339926,0.3953107093250894,-1.7937219730941705,-3.015427769985975,0.0234181738940945,0.9577279572908044,Pontastacus leptodactylus (pooled),random_forest
12,10,plain,1.2700534759358248,1496,0.7428916819484678,0.3630042027493368,2.242152466367713,-5.156136528685548,0.0340425695676687,0.9381551537965797,Pontastacus leptodactylus (pooled),random_forest
12,10,stratified,0.0,1496,0.7504588580320465,0.3856397097785023,1.8282166264229045,-3.233256351039261,0.0300789417381485,0.945495437432389,Pontastacus leptodactylus (pooled),random_forest
12,20,plain,3.275401069518715,1496,0.7526410868493497,0.4014612778710829,2.3801310796826494,-7.625272331154684,0.0482311812235608,0.9120648626297384,Pontastacus leptodactylus (pooled),random_forest
12,20,stratified,0.0,1496,0.7438129197099523,0.3523499279030593,-2.932045532942394,-8.362128541810643,0.0421702382697566,0.9229701857330388,Pontastacus leptodactylus (pooled),random_forest
13,3,plain,0.4679144385026745,1496,0.7870594655315798,0.4371994093134779,-2.94018249408584,-2.159568086382724,0.0239947904409094,0.956584791772771,Pontastacus leptodactylus (pooled),random_forest
13,3,stratified,0.0,1496,0.7822695823865133,0.436427627159922,0.0675904021628928,0.8880994671403196,0.0230871159812802,0.9582720880520736,Pontastacus leptodactylus (pooled),random_forest
13,10,plain,1.2032085561497323,1496,0.7721133273535424,0.4218351572074529,1.2504224400135182,-5.098980203959208,0.0315686063668783,0.9426410019572128,Pontastacus leptodactylus (pooled),random_forest
13,10,stratified,0.0,1496,0.7730653730923405,0.4261285414150935,0.4393376140588036,-5.957719410634208,0.0315075098838838,0.942376638674209,Pontastacus leptodactylus (pooled),random_forest
13,20,plain,4.1443850267379645,1496,0.7570398159167419,0.3898285565084489,-2.6360256843528216,-13.276089828269486,0.0510342586654768,0.9067559415898754,Pontastacus leptodactylus (pooled),random_forest
13,20,stratified,0.0,1496,0.7644679549244718,0.4096530646346267,-2.2304832713754648,-8.578912901113293,0.0421980350527659,0.9229297157256996,Pontastacus leptodactylus (pooled),random_forest
14,3,plain,0.6684491978609657,1496,0.7608032068798696,0.3980574857072353,1.8763457397723775,-1.4714537963507943,0.0248080070700467,0.956051264659352,Pontastacus leptodactylus (pooled),random_forest
14,3,stratified,0.0,1496,0.7651779884150317,0.4088733424900513,0.3691171947093202,-3.0285035629453683,0.0232604352021915,0.9585889846776668,Pontastacus leptodactylus (pooled),random_forest
14,10,plain,1.1363636363636331,1496,0.7541702042110905,0.4083613362163044,0.7382343894186404,-4.5145330859616575,0.0334353366054782,0.939811022763674,Pontastacus leptodactylus (pooled),random_forest
14,10,stratified,0.0,1496,0.7504038651726231,0.3847008683550516,3.598892648415872,-4.9273531269741,0.0361073601469352,0.9357916158409002,Pontastacus leptodactylus (pooled),random_forest
14,20,plain,3.275401069518715,1496,0.7440579210769265,0.3738823854910883,-1.1073515841279606,-16.20603015075377,0.0470386255607785,0.914970076121136,Pontastacus leptodactylus (pooled),random_forest
14,20,stratified,0.0,1496,0.7427611183529175,0.3790153140550595,-0.0615195324515533,-13.708149084017688,0.0476291273473143,0.9149136432751604,Pontastacus leptodactylus (pooled),random_forest
0,3,plain,0.1336898395721917,1496,0.7956590211954221,0.4688178975523191,-1.6600061481709192,-3.130059363194819,0.0428794247544673,0.8918807832651083,Pontastacus leptodactylus (pooled),xgboost
0,3,stratified,0.0,1496,0.8052722846752021,0.467859598999095,-0.0614817091915155,-2.4622271964185787,0.042678011100153,0.8927782490891427,Pontastacus leptodactylus (pooled),xgboost
0,10,plain,1.3368983957219245,1496,0.8087256289253288,0.4725418663307595,-2.2133415308945588,-4.065934065934066,0.0532999154738747,0.8659140135724488,Pontastacus leptodactylus (pooled),xgboost
0,10,stratified,0.0,1496,0.785278486160209,0.442996639992281,4.303719643406087,1.1213047910295617,0.0555328439839885,0.8590311266908227,Pontastacus leptodactylus (pooled),xgboost
0,20,plain,2.740641711229941,1496,0.773183021540898,0.4103294856732739,-4.857055026129727,-10.04390779363337,0.069322790956412,0.8253231754788172,Pontastacus leptodactylus (pooled),xgboost
0,20,stratified,0.0,1496,0.7662797316439723,0.4018308166173557,-4.1500153704272975,-8.941418293936279,0.0671361709108154,0.830096726284016,Pontastacus leptodactylus (pooled),xgboost
1,3,plain,0.8021390374331574,1496,0.7633716724695124,0.3902947245346599,0.9222256378727328,-1.1995637949836424,0.0417525619610331,0.8948587023228177,Pontastacus leptodactylus (pooled),xgboost
1,3,stratified,0.0,1496,0.7606699033221634,0.4048173566409365,-0.645557946510913,-1.1935651271406331,0.0428205318315888,0.8921637769466154,Pontastacus leptodactylus (pooled),xgboost
1,10,plain,1.3368983957219245,1496,0.7600549439878289,0.3952473482393333,-0.0307408545957577,-2.1863117870722437,0.0559283170236337,0.8579641878701179,Pontastacus leptodactylus (pooled),xgboost
1,10,stratified,0.0,1496,0.755905071896652,0.4125443564460264,-0.8300030740854596,-3.395225464190981,0.0516698060591036,0.8687427254454783,Pontastacus leptodactylus (pooled),xgboost
1,20,plain,2.87433155080214,1496,0.7545004881869314,0.3964185884676537,-0.3381494005533353,-6.426099851705389,0.0691020718778251,0.8249544851958295,Pontastacus leptodactylus (pooled),xgboost
1,20,stratified,0.0,1496,0.76738884329727,0.398937864719214,-2.151859821703044,-4.449648711943794,0.0645727060886344,0.8372920113993074,Pontastacus leptodactylus (pooled),xgboost
2,3,plain,0.1336898395721917,1496,0.7838821665148316,0.4537250056329607,0.3621995390187685,-0.1841620626151013,0.0427669470037515,0.889256488623998,Pontastacus leptodactylus (pooled),xgboost
2,3,stratified,0.0,1496,0.7893960441130148,0.4411238283079872,0.3951267698386566,1.019757807520714,0.0433442188507269,0.8875764862706708,Pontastacus leptodactylus (pooled),xgboost
2,10,plain,1.470588235294116,1496,0.7769446857603384,0.4358296944140465,-0.0658544616397761,-4.240052185257665,0.0550242399376693,0.8569877797939267,Pontastacus leptodactylus (pooled),xgboost
2,10,stratified,0.0,1496,0.7844959886351047,0.4410567530755625,-2.074415541652947,-5.745642349903164,0.0525065278646453,0.8635029443923308,Pontastacus leptodactylus (pooled),xgboost
2,20,plain,2.2727272727272734,1496,0.7677138295604725,0.4023377433927648,2.0085610800131706,-2.1603183627060827,0.0698079117630724,0.8192144557973371,Pontastacus leptodactylus (pooled),xgboost
2,20,stratified,0.0,1496,0.760681355758924,0.3903178071552008,-2.239051695752387,-11.400462962962964,0.0697231950954749,0.8185132640765381,Pontastacus leptodactylus (pooled),xgboost
3,3,plain,0.0,1496,0.7904173149951775,0.4477351300936246,-2.520759193357058,-4.495005549389567,0.0438351070993251,0.8922506915056092,Pontastacus leptodactylus (pooled),xgboost
3,3,stratified,0.0,1496,0.7962470560114235,0.4647246305743412,-2.25385527876631,-4.922566371681416,0.041835411589507,0.895821345836515,Pontastacus leptodactylus (pooled),xgboost
3,10,plain,1.5374331550802085,1496,0.7870736146278606,0.4257267037656629,-1.2158956109134045,-1.1598587997982854,0.0579165621079537,0.8576521399049676,Pontastacus leptodactylus (pooled),xgboost
3,10,stratified,0.0,1496,0.7783133610474715,0.4096411303528836,-2.550415183867141,-2.7902341803687096,0.0545289897952816,0.8657694265386793,Pontastacus leptodactylus (pooled),xgboost
3,20,plain,2.6737967914438485,1496,0.7540632622573585,0.3929621800731838,-6.376037959667853,-15.35312180143296,0.0690055748348915,0.830000637348044,Pontastacus leptodactylus (pooled),xgboost
3,20,stratified,0.0,1496,0.754848731053185,0.3767248815320581,-6.227758007117438,-13.612056392805057,0.0729570553121972,0.820016731523087,Pontastacus leptodactylus (pooled),xgboost
4,3,plain,0.0668449197860923,1496,0.7741541384826851,0.4047613519161744,-0.5344231373781829,-1.4248704663212437,0.0431563612931642,0.8894183091374228,Pontastacus leptodactylus (pooled),xgboost
4,3,stratified,0.0,1496,0.7713184896976786,0.3948264606318844,4.023891857906318,-1.9375,0.0437906275072557,0.8878272013514541,Pontastacus leptodactylus (pooled),xgboost
4,10,plain,0.6016042780748663,1496,0.77342968625421,0.406279923201207,1.5089594467148697,-3.1707317073170733,0.0569596571282234,0.8540376874058921,Pontastacus leptodactylus (pooled),xgboost
4,10,stratified,0.0,1496,0.763947386564236,0.3794253683091272,-2.8292989625903804,-9.685379395434916,0.0560652462702813,0.8557989571905555,Pontastacus leptodactylus (pooled),xgboost
4,20,plain,2.606951871657749,1496,0.7590537570335221,0.3733075223171625,-4.966991512103112,-12.011173184357542,0.0736050051972262,0.8109958445483262,Pontastacus leptodactylus (pooled),xgboost
4,20,stratified,0.0,1496,0.7663541902805386,0.3835517813585211,-0.8802263439170073,-12.485345838218054,0.0776033881295856,0.8015924325817088,Pontastacus leptodactylus (pooled),xgboost
5,3,plain,0.1336898395721917,1496,0.7915852560242305,0.4561448644009975,-1.2504007694773966,-7.138344914718889,0.0464056092105234,0.8800518378393928,Pontastacus leptodactylus (pooled),xgboost
5,3,stratified,0.0,1496,0.7858571199442369,0.4481851830124655,-0.7694773966014749,-0.0570776255707762,0.0447986366353679,0.8840042112450824,Pontastacus leptodactylus (pooled),xgboost
5,10,plain,1.2700534759358248,1496,0.79284530554286,0.4416285330330602,-0.4488618146841936,-5.415162454873646,0.0595502634726436,0.8455724954629814,Pontastacus leptodactylus (pooled),xgboost
5,10,stratified,0.0,1496,0.7883597659129379,0.4512179282272304,0.0320615581917281,-5.692108667529108,0.057550120219008,0.8509427873510216,Pontastacus leptodactylus (pooled),xgboost
5,20,plain,2.87433155080214,1496,0.7728773277923526,0.4033513823800322,-2.3404937479961525,-8.744534665833854,0.0725742701333792,0.8121823180448153,Pontastacus leptodactylus (pooled),xgboost
5,20,stratified,0.0,1496,0.7566293867068601,0.3964972574668174,-6.540557871112536,-15.720263000597727,0.0725429433510939,0.8116570584447959,Pontastacus leptodactylus (pooled),xgboost
6,3,plain,-0.0668449197860994,1496,0.8048571767802982,0.4632577693087963,-2.263493905977945,0.3365114974761637,0.0428783794381643,0.8940533730725386,Pontastacus leptodactylus (pooled),xgboost
6,3,stratified,0.0,1496,0.8020604427511548,0.4678758337526817,-5.745792222867093,-4.499437570303712,0.042858825931116,0.8935683367852778,Pontastacus leptodactylus (pooled),xgboost
6,10,plain,2.205882352941174,1496,0.7809490903741904,0.4476807883454966,-3.2211259431224613,-2.6635784597568035,0.0588267438476558,0.8547475039601615,Pontastacus leptodactylus (pooled),xgboost
6,10,stratified,0.0,1496,0.7991043680270924,0.4639861496941867,-1.7991874637260592,-8.191313908741067,0.0535656498561011,0.8672645663242342,Pontastacus leptodactylus (pooled),xgboost
6,20,plain,2.87433155080214,1496,0.7987706035682818,0.4627269624998565,2.1474172954149737,-8.488862131246238,0.0777505531335355,0.8070425298785343,Pontastacus leptodactylus (pooled),xgboost
6,20,stratified,0.0,1496,0.8021020971115477,0.4615162584347625,-2.089378990133488,-9.06449738524114,0.0656525982338038,0.837784526751544,Pontastacus leptodactylus (pooled),xgboost
7,3,plain,0.0668449197860923,1496,0.7942456961978073,0.4473488113446052,-2.5905118601747814,-3.951890034364261,0.0445817582635229,0.8874833127293582,Pontastacus leptodactylus (pooled),xgboost
7,3,stratified,0.0,1496,0.783629468576569,0.4156353122426571,1.1235955056179776,-2.533783783783784,0.0444510024082668,0.8877818995595265,Pontastacus leptodactylus (pooled),xgboost
7,10,plain,1.9385026737967903,1496,0.7720629721337849,0.4008747969311733,0.9363295880149812,-3.0584380120152925,0.0587730159076171,0.8505685103313039,Pontastacus leptodactylus (pooled),xgboost
7,10,stratified,0.0,1496,0.7728676266197422,0.4018101412060562,0.0,-5.282112845138055,0.0564580421735703,0.8566301145249897,Pontastacus leptodactylus (pooled),xgboost
7,20,plain,2.406417112299458,1496,0.7817672779045175,0.4219153201290919,-5.274656679151061,-13.197424892703864,0.0746898348695625,0.8114085790316105,Pontastacus leptodactylus (pooled),xgboost
7,20,stratified,0.0,1496,0.7645758802851513,0.3926164809747466,-5.087390761548065,-13.358572201189832,0.0715218959912857,0.8189515555516905,Pontastacus leptodactylus (pooled),xgboost
8,3,plain,0.8021390374331574,1496,0.7899890459393614,0.4319165405282182,-1.4084507042253522,-6.0022650056625135,0.0426040092725481,0.89216151156434,Pontastacus leptodactylus (pooled),xgboost
8,3,stratified,0.0,1496,0.7908949231880632,0.4346333941802437,-0.0938967136150234,-5.342237061769616,0.0462116445056521,0.8832292098489481,Pontastacus leptodactylus (pooled),xgboost
8,10,plain,1.0695187165775335,1496,0.7732400680118549,0.4213841568577398,1.6275430359937404,-3.2275132275132274,0.0603258842375325,0.8461622625428064,Pontastacus leptodactylus (pooled),xgboost
8,10,stratified,0.0,1496,0.7945546194046637,0.4359894012627586,-2.3474178403755865,-3.597122302158273,0.0548527261341841,0.8617447253378381,Pontastacus leptodactylus (pooled),xgboost
8,20,plain,2.6737967914438485,1496,0.7606633200180708,0.3758653971771479,-4.068857589984351,-9.758501724987678,0.0755947469554922,0.8085103593023982,Pontastacus leptodactylus (pooled),xgboost
8,20,stratified,0.0,1496,0.7596210392549393,0.377031908228027,-3.380281690140845,-9.496919917864478,0.0756970597332076,0.808409734280778,Pontastacus leptodactylus (pooled),xgboost
9,3,plain,0.2673796791443834,1496,0.791001808638367,0.4466496616777425,0.5490956072351421,-1.684717208182912,0.0424904025700984,0.8918436862139841,Pontastacus leptodactylus (pooled),xgboost
9,3,stratified,0.0,1496,0.7929203506285173,0.4409907303666215,2.002583979328165,1.100811123986095,0.0460121330977982,0.8830406280121625,Pontastacus leptodactylus (pooled),xgboost
9,10,plain,1.6042780748663077,1496,0.7960859492644093,0.4664868379230248,-3.294573643410853,-8.724428399518652,0.055327111729718,0.8589045474489532,Pontastacus leptodactylus (pooled),xgboost
9,10,stratified,0.0,1496,0.7898242091072252,0.4355014080613412,-0.516795865633075,-2.492917847025496,0.0531123791165478,0.8645331893961595,Pontastacus leptodactylus (pooled),xgboost
9,20,plain,2.4732620320855574,1496,0.763810457007304,0.3942601327225305,1.03359173126615,-10.795454545454543,0.0723949280943781,0.8153682957253965,Pontastacus leptodactylus (pooled),xgboost
9,20,stratified,0.0,1496,0.765096631862631,0.4018099327278518,1.3242894056847545,-11.52800435019032,0.0735813852193951,0.8125709232906577,Pontastacus leptodactylus (pooled),xgboost
10,3,plain,0.4679144385026745,1496,0.7991787395575454,0.457998443270758,1.360329009807023,1.5081967213114755,0.0455392986521667,0.883515691771044,Pontastacus leptodactylus (pooled),xgboost
10,3,stratified,0.0,1496,0.8028189574895039,0.4595299213066129,1.4236001265422336,0.8700696055684455,0.042892058924992,0.8904174789632334,Pontastacus leptodactylus (pooled),xgboost
10,10,plain,1.671122994652407,1496,0.782181331827975,0.4233011403934604,4.587155963302752,-3.4782608695652173,0.0576902570458101,0.8524202509022791,Pontastacus leptodactylus (pooled),xgboost
10,10,stratified,0.0,1496,0.791965901096414,0.4555716715768905,-0.7908889591901298,-5.204252937884723,0.0534164188914755,0.8629267963976315,Pontastacus leptodactylus (pooled),xgboost
10,20,plain,3.342245989304814,1496,0.7690638101112358,0.4235426799839603,6.6434672571970905,-8.07061790668348,0.0720020260751948,0.8152587314947618,Pontastacus leptodactylus (pooled),xgboost
10,20,stratified,0.0,1496,0.7710967140852831,0.4261138223638048,1.803226826953496,-6.153846153846154,0.0697000090618215,0.8207642389185233,Pontastacus leptodactylus (pooled),xgboost
11,3,plain,0.200534759358284,1496,0.7983439424031815,0.4595722959575928,0.2778635381290522,-5.169340463458111,0.0417327065459595,0.8964999541777523,Pontastacus leptodactylus (pooled),xgboost
11,3,stratified,0.0,1496,0.8027101860564073,0.4643339346858929,1.605433775856746,-1.9384264538198404,0.0431539300864713,0.8930311059321205,Pontastacus leptodactylus (pooled),xgboost
11,10,plain,0.4679144385026745,1496,0.7891341228672291,0.4387169572168004,-0.1234949058351343,-3.2842582106455263,0.0554800264339334,0.8621110651292138,Pontastacus leptodactylus (pooled),xgboost
11,10,stratified,0.0,1496,0.7963830997400602,0.445888489668009,1.8524235875270143,-4.648588821250692,0.0523370976629809,0.8701910530082266,Pontastacus leptodactylus (pooled),xgboost
11,20,plain,2.406417112299458,1496,0.7719424279847509,0.4010387682771469,5.341154677369558,-10.45751633986928,0.0748940489727529,0.8135259316800568,Pontastacus leptodactylus (pooled),xgboost
11,20,stratified,0.0,1496,0.7837301296177417,0.4353864941939552,2.3772769373263354,-7.447382622773881,0.0717526222087225,0.8213552912044445,Pontastacus leptodactylus (pooled),xgboost
12,3,plain,-0.0668449197860994,1496,0.785134604389755,0.4420628110902549,-3.0870279146141213,-4.973357015985791,0.042545794238638,0.8908513154317936,Pontastacus leptodactylus (pooled),xgboost
12,3,stratified,0.0,1496,0.7890291597714971,0.443827424196188,-2.594417077175698,-5.415968732551647,0.0423257941682736,0.8913734950011868,Pontastacus leptodactylus (pooled),xgboost
12,10,plain,1.2700534759358248,1496,0.7725179534693289,0.4216795691623092,1.0509031198686372,-4.949314251639833,0.056123940649789,0.8550535013321152,Pontastacus leptodactylus (pooled),xgboost
12,10,stratified,0.0,1496,0.7828238726635028,0.4460780719112503,-0.1313628899835796,-4.522328999434709,0.0524659973964833,0.8652300867230582,Pontastacus leptodactylus (pooled),xgboost
12,20,plain,3.275401069518715,1496,0.7720264794769464,0.4215192427667329,-1.2479474548440066,-6.484848484848485,0.0724708920300036,0.8135213216288626,Pontastacus leptodactylus (pooled),xgboost
12,20,stratified,0.0,1496,0.7655640198669442,0.404914283920557,-5.35303776683087,-12.0600115406809,0.0694789368682977,0.82119858801413,Pontastacus leptodactylus (pooled),xgboost
13,3,plain,0.4679144385026745,1496,0.7922994780800416,0.4268709762333053,-4.289544235924933,-1.579778830963665,0.0435800228735472,0.8907904858380662,Pontastacus leptodactylus (pooled),xgboost
13,3,stratified,0.0,1496,0.7886434163738458,0.4231415869055142,1.2809055704498065,1.0796915167095116,0.043742174415798,0.8910738363639229,Pontastacus leptodactylus (pooled),xgboost
13,10,plain,1.2032085561497323,1496,0.7727166765725594,0.4002133727679049,-2.1745606196008342,-3.8987341772151898,0.0545390942517278,0.8636617932508805,Pontastacus leptodactylus (pooled),xgboost
13,10,stratified,0.0,1496,0.7832350660415972,0.4133794855675891,-0.8936550491510277,-4.253056884635832,0.0535856242623523,0.866066213997561,Pontastacus leptodactylus (pooled),xgboost
13,20,plain,4.1443850267379645,1496,0.762033384388386,0.3765352268619658,-4.378909740840036,-14.481305950500264,0.076393747779112,0.8084157281659599,Pontastacus leptodactylus (pooled),xgboost
13,20,stratified,0.0,1496,0.7729760857148242,0.4098447839378265,-2.5320226392612453,-4.552429667519182,0.068013094546643,0.8300401258976048,Pontastacus leptodactylus (pooled),xgboost
14,3,plain,0.6684491978609657,1496,0.7815766095350014,0.4170421607201991,4.645946811919257,3.6482084690553744,0.0465308163166145,0.8837456463574861,Pontastacus leptodactylus (pooled),xgboost
14,3,stratified,0.0,1496,0.7799370274111411,0.421896939724677,2.787568087151554,0.4875076173065204,0.0434925682990578,0.8911737236049613,Pontastacus leptodactylus (pooled),xgboost
14,10,plain,1.1363636363636331,1496,0.7729569775111534,0.4132078665664978,4.9663569368792055,0.3896103896103896,0.0596948467623733,0.850385962411961,Pontastacus leptodactylus (pooled),xgboost
14,10,stratified,0.0,1496,0.7742499177476261,0.4108617984277972,4.549823774431272,-0.3703703703703704,0.0591082141004102,0.8518529162522903,Pontastacus leptodactylus (pooled),xgboost
14,20,plain,3.275401069518715,1496,0.7624473544910365,0.3962871691657129,-2.9477731496315283,-9.390444810543658,0.0759162462218049,0.809139266991965,Pontastacus leptodactylus (pooled),xgboost
14,20,stratified,0.0,1496,0.7574759382926779,0.3809876899607251,1.6661326497917333,-4.073660714285714,0.0721615987642163,0.8189042182175383,Pontastacus leptodactylus (pooled),xgboost
0,3,plain,0.3760861107508759,7711,0.9142482166938984,0.6814659895088573,3.870967741935484,4.235537190082645,0.0166469641915785,0.9502620840452196,Procambarus clarkii (alien),random_forest
0,3,stratified,0.0,7711,0.915021610711147,0.6869415449311239,2.620967741935484,0.7515971439308531,0.0157461843692871,0.9530222807337804,Procambarus clarkii (alien),random_forest
0,10,plain,1.3227856309168755,7711,0.907326643561523,0.6712875355082001,8.790322580645162,9.262557890986818,0.0232599475407822,0.9298660978961792,Procambarus clarkii (alien),random_forest
0,10,stratified,0.0,7711,0.9066997985299676,0.6657594733079236,8.024193548387098,10.282685512367491,0.0229502653021547,0.9304342994072072,Procambarus clarkii (alien),random_forest
0,20,plain,2.1916742316171707,7711,0.8979057059038172,0.6454618008480383,13.77016129032258,21.02473498233216,0.0321181441668669,0.9030349714384688,Procambarus clarkii (alien),random_forest
0,20,stratified,0.0,7711,0.8970132108643283,0.6486393983451778,13.709677419354838,19.18762088974855,0.0313179836539958,0.9053505615273056,Procambarus clarkii (alien),random_forest
1,3,plain,0.0259369731552396,7711,0.9094752197724524,0.6733850301473338,2.357171394326808,1.4401123990165086,0.016212110874004,0.95176571007312,Procambarus clarkii (alien),random_forest
1,3,stratified,0.0,7711,0.9101072991490444,0.6740694941305725,2.317219336795845,4.294917680744453,0.0160751658680336,0.9522617285219956,Procambarus clarkii (alien),random_forest
1,10,plain,0.9207625470107672,7711,0.9002865815778734,0.657940145730839,11.546144626448262,16.49285438393202,0.0231140341838303,0.9310672483331844,Procambarus clarkii (alien),random_forest
1,10,stratified,0.0,7711,0.9033677419339622,0.6595095731559412,7.690771074710348,13.455913079816131,0.021981196402969,0.9345505644227796,Procambarus clarkii (alien),random_forest
1,20,plain,1.8544935805991472,7711,0.8948035693704438,0.6488437492966888,13.823411905713144,25.3042233357194,0.0324850266155692,0.902649036731702,Procambarus clarkii (alien),random_forest
1,20,stratified,0.0,7711,0.8940984951999051,0.6513926243188941,13.403915301638031,22.62907359941413,0.0312539238909491,0.9061053899130468,Procambarus clarkii (alien),random_forest
2,3,plain,0.1945272986642479,7711,0.9127743313241724,0.6796368975482228,2.9605921184236847,3.4416826003824093,0.0162285642101261,0.951637611835652,Procambarus clarkii (alien),random_forest
2,3,stratified,0.0,7711,0.9134464197128928,0.6747038558507059,3.280656131226245,4.986470815616544,0.0164603975044897,0.950960088678868,Procambarus clarkii (alien),random_forest
2,10,plain,1.076384385942163,7711,0.9069362692556804,0.6628949827291337,6.021204240848169,13.282387190684132,0.0231500005740076,0.930393592462545,Procambarus clarkii (alien),random_forest
2,10,stratified,0.0,7711,0.9073087222478464,0.6737990467866409,10.182036407281457,11.673753382296097,0.0235014168213124,0.929324649461506,Procambarus clarkii (alien),random_forest
2,20,plain,1.685903255090139,7711,0.8993375315868742,0.6566539997136734,14.562912582516503,24.19028340080972,0.0317275703427701,0.904599364295261,Procambarus clarkii (alien),random_forest
2,20,stratified,0.0,7711,0.8966496488080631,0.6541591338725734,13.062612522504502,19.436840046929994,0.0318913508421215,0.9038424925446602,Procambarus clarkii (alien),random_forest
3,3,plain,-0.0778109194656977,7711,0.9115039741044588,0.6790613380596652,2.0157226365652083,2.7946537059538272,0.0156117156682356,0.9533374493290708,Procambarus clarkii (alien),random_forest
3,3,stratified,0.0,7711,0.9119604618251008,0.6789167939204032,3.366256803063898,4.160475482912332,0.0161929735752285,0.951581496689751,Procambarus clarkii (alien),random_forest
3,10,plain,0.4538970302165737,7711,0.9038605710630262,0.6632197611772607,8.123362225357791,12.394797245600612,0.0218470294311365,0.934017877311258,Procambarus clarkii (alien),random_forest
3,10,stratified,0.0,7711,0.9074667906114234,0.6716660817997417,5.906067325136061,10.552959501557632,0.0228872977889852,0.9308868198154818,Procambarus clarkii (alien),random_forest
3,20,plain,1.05044741278693,7711,0.8966961409262125,0.6559869088079976,13.404555533158636,24.265687583444592,0.0322849435414138,0.902962133412644,Procambarus clarkii (alien),random_forest
3,20,stratified,0.0,7711,0.8952250928298471,0.6459923926091983,13.162668816770813,21.08521485797524,0.0316453120615063,0.9038716827763444,Procambarus clarkii (alien),random_forest
4,3,plain,0.4668655167941935,7711,0.9127518227366364,0.6798931191424715,3.3822091886608017,4.275862068965517,0.0162378727279125,0.951909519100308,Procambarus clarkii (alien),random_forest
4,3,stratified,0.0,7711,0.909710020385958,0.6749464782574224,3.167155425219941,4.703770197486535,0.0163927544238874,0.951268721381324,Procambarus clarkii (alien),random_forest
4,10,plain,0.7910776812346043,7711,0.904764791718208,0.664647586747801,9.67741935483871,12.987012987012983,0.0232652368673998,0.9307235658824248,Procambarus clarkii (alien),random_forest
4,10,stratified,0.0,7711,0.9075776056660684,0.6672324169512059,7.761485826001955,11.68372749735263,0.0229296143182742,0.9312718545262092,Procambarus clarkii (alien),random_forest
4,20,plain,1.8415250940215344,7711,0.8970334921104444,0.6546128114853837,14.389051808406649,25.110619469026545,0.0306045203775858,0.9084300655094784,Procambarus clarkii (alien),random_forest
4,20,stratified,0.0,7711,0.8963492840482665,0.6481991728243548,11.41739980449658,20.03861003861004,0.0317635510741701,0.9048977450466268,Procambarus clarkii (alien),random_forest
5,3,plain,0.2853067047075655,7711,0.9126586012035164,0.6801222414417648,4.403292181069959,4.395973154362416,0.0160089785455967,0.9522916699311847,Procambarus clarkii (alien),random_forest
5,3,stratified,0.0,7711,0.9145435049224936,0.6860748946011012,1.2757201646090537,2.5178504321683577,0.0155787927668218,0.9535541913003698,Procambarus clarkii (alien),random_forest
5,10,plain,0.739203734924132,7711,0.9057986066997736,0.6720458589934485,7.716049382716049,14.580031695721075,0.0231116850186183,0.9307732310611894,Procambarus clarkii (alien),random_forest
5,10,stratified,0.0,7711,0.9055253705584708,0.6637813751996691,7.386831275720164,9.92108229988726,0.0221330112985933,0.933214790572386,Procambarus clarkii (alien),random_forest
5,20,plain,1.309817144339256,7711,0.8967932855949454,0.6496923296306439,14.69135802469136,21.32564841498559,0.0312839513512364,0.9058652752846242,Procambarus clarkii (alien),random_forest
5,20,stratified,0.0,7711,0.8980562874112592,0.6565024097078596,11.358024691358024,15.568453397063845,0.0314013824511089,0.905222182881497,Procambarus clarkii (alien),random_forest
6,3,plain,0.12968486577617,7711,0.9119700066117564,0.6866451500469164,2.468883901244644,2.973694243232939,0.0160168787639916,0.952135905617526,Procambarus clarkii (alien),random_forest
6,3,stratified,0.0,7711,0.9125402173900422,0.6836067128319482,3.101407875943685,2.741756206002223,0.0163853019793009,0.9509932712490607,Procambarus clarkii (alien),random_forest
6,10,plain,0.8948255738555346,7711,0.9075242463918256,0.6730500443392584,7.8351356865945725,10.411263430900334,0.0223041987927841,0.9326337029820476,Procambarus clarkii (alien),random_forest
6,10,stratified,0.0,7711,0.905778596216014,0.669557940071766,8.671699653132015,7.914438502673797,0.0227072328986152,0.9308193348807738,Procambarus clarkii (alien),random_forest
6,20,plain,1.4654389832706514,7711,0.8986080743898585,0.6553477046557746,13.772699449092022,18.53374443302501,0.031218219847684,0.9057867091031108,Procambarus clarkii (alien),random_forest
6,20,stratified,0.0,7711,0.897926038245037,0.6619036502394431,10.895735564170575,17.005347593582886,0.0312169216142614,0.9059587055627484,Procambarus clarkii (alien),random_forest
7,3,plain,0.4798340033718062,7711,0.9140249483460944,0.6851763849856233,4.255765199161425,5.018050541516246,0.0162752791433629,0.9507518468602392,Procambarus clarkii (alien),random_forest
7,3,stratified,0.0,7711,0.9128260184754332,0.6774192020466734,2.138364779874214,2.8157997653500195,0.0167346163585426,0.949209363619764,Procambarus clarkii (alien),random_forest
7,10,plain,0.7781091946569845,7711,0.9056612121663404,0.6710651928327204,11.29979035639413,13.998287671232877,0.0230645015441553,0.9298939348685398,Procambarus clarkii (alien),random_forest
7,10,stratified,0.0,7711,0.9040584108761184,0.6697709163387515,9.140461215932914,11.097256857855362,0.0227825349649142,0.9304694389444962,Procambarus clarkii (alien),random_forest
7,20,plain,2.049020879263395,7711,0.8968132498891503,0.6492528069709003,16.163522012578614,23.377110694183862,0.0323359576933633,0.9012315095145388,Procambarus clarkii (alien),random_forest
7,20,stratified,0.0,7711,0.8950547653166019,0.6460916582044071,16.540880503144653,19.50680898049319,0.0319278534346779,0.9029755814069091,Procambarus clarkii (alien),random_forest
8,3,plain,0.1945272986642479,7711,0.9115206974610256,0.6736959594277603,4.747474747474747,4.497041420118343,0.016167217458407,0.9517829997604608,Procambarus clarkii (alien),random_forest
8,3,stratified,0.0,7711,0.9111703722563976,0.6722955007105099,3.414141414141414,5.215171407731583,0.0158363004551611,0.9527384985750226,Procambarus clarkii (alien),random_forest
8,10,plain,0.8170146543898369,7711,0.902523731910649,0.6638667774089438,10.12121212121212,12.210694333599362,0.0234132021866343,0.9285041346375446,Procambarus clarkii (alien),random_forest
8,10,stratified,0.0,7711,0.904157614965584,0.6571675618166426,10.484848484848484,11.124260355029586,0.0229835812762408,0.9301628565853914,Procambarus clarkii (alien),random_forest
8,20,plain,2.295422124238101,7711,0.8961951340288535,0.6505702848320698,16.2020202020202,25.478857968919407,0.0312779964761908,0.9059333414535216,Procambarus clarkii (alien),random_forest
8,20,stratified,0.0,7711,0.8963664042630748,0.6553075115213209,15.03030303030303,21.164021164021165,0.0311431116390187,0.9057739860764348,Procambarus clarkii (alien),random_forest
9,3,plain,0.2593697315523329,7711,0.9143186647963064,0.6794749384229276,1.7787773461459826,5.1168412570507655,0.0157743825598415,0.9525903542956332,Procambarus clarkii (alien),random_forest
9,3,stratified,0.0,7711,0.9141037813094424,0.6797329364489896,1.962788795747291,5.467571644042232,0.0163768923425614,0.950787208199418,Procambarus clarkii (alien),random_forest
9,10,plain,0.3242121644404108,7711,0.9120441050820782,0.679516786508629,7.237783684318136,13.468869123252858,0.0221475577812702,0.9334322300227784,Procambarus clarkii (alien),random_forest
9,10,stratified,0.0,7711,0.9076751880540342,0.6711655717856944,5.8679206706195055,9.604286892003296,0.0217860506751301,0.9334315837005176,Procambarus clarkii (alien),random_forest
9,20,plain,1.6988717416677517,7711,0.8998482623977567,0.6617628944397391,12.16520139030873,24.12617220801364,0.031366273136582,0.90512071239457,Procambarus clarkii (alien),random_forest
9,20,stratified,0.0,7711,0.8989204255579741,0.6532493582409542,12.635452872623183,20.99708879184862,0.0303991333934307,0.907624871611448,Procambarus clarkii (alien),random_forest
10,3,plain,0.0778109194657048,7711,0.9127728657800294,0.6828056713267259,3.167961745367603,3.434704830053667,0.0160771033546532,0.9521452970608356,Procambarus clarkii (alien),random_forest
10,3,stratified,0.0,7711,0.9108428721576156,0.6825242357304052,3.964933253636183,4.382470119521913,0.0166748256474156,0.9502788330526336,Procambarus clarkii (alien),random_forest
10,10,plain,0.933731033588387,7711,0.9044369583587416,0.6719372822972075,6.774257820282925,11.773203322499096,0.0225782159489164,0.9315624097301508,Procambarus clarkii (alien),random_forest
10,10,stratified,0.0,7711,0.904043921641789,0.6683045270292337,10.420402470611675,13.279036827195467,0.0220474971233097,0.9341660820822528,Procambarus clarkii (alien),random_forest
10,20,plain,1.6988717416677517,7711,0.9014110647121988,0.6625936965572877,13.18987846184499,23.28576400974591,0.0293768251581384,0.9119049610628652,Procambarus clarkii (alien),random_forest
10,20,stratified,0.0,7711,0.9023461424522704,0.6676416181626066,14.724048615262005,23.07692307692308,0.030248086424387,0.9091524641916476,Procambarus clarkii (alien),random_forest
11,3,plain,0.1556218389314025,7711,0.9137833365411586,0.6849126887576246,3.541105819010147,3.3594624860022395,0.0158614259602916,0.9521642989998588,Procambarus clarkii (alien),random_forest
11,3,stratified,0.0,7711,0.9141899362657986,0.6849754564833734,3.1062331745703045,3.3985962319911343,0.0164792074410167,0.9500719377120864,Procambarus clarkii (alien),random_forest
11,10,plain,0.7521722215017519,7711,0.902285790960102,0.6714687929787573,10.2091530337544,12.400835073068892,0.0235771554787341,0.927715124426336,Procambarus clarkii (alien),random_forest
11,10,stratified,0.0,7711,0.90715435827186,0.6687107112032724,9.215158417891905,9.645738337425463,0.0223488824713636,0.9320799611326936,Procambarus clarkii (alien),random_forest
11,20,plain,2.061989365841008,7711,0.8986321670759132,0.6624394379464003,16.297370055912197,22.22608695652174,0.0317202587692301,0.9034257634624706,Procambarus clarkii (alien),random_forest
11,20,stratified,0.0,7711,0.8963995300075869,0.6498957812816194,15.676123420998136,19.406548431105048,0.032853641524025,0.9003503991759687,Procambarus clarkii (alien),random_forest
12,3,plain,0.246401244974713,7711,0.9150409894671346,0.6766585123592748,3.837471783295711,3.2421875000000004,0.0159906385479447,0.9525038033195996,Procambarus clarkii (alien),random_forest
12,3,stratified,0.0,7711,0.9146279721071487,0.6792828258209151,3.550174430535604,4.10203378145467,0.01583664650106,0.9529482020624468,Procambarus clarkii (alien),random_forest
12,10,plain,1.076384385942163,7711,0.9111262630468328,0.6704918725721338,8.290580751077366,9.03894247945695,0.0214819688005311,0.935573036338343,Procambarus clarkii (alien),random_forest
12,10,stratified,0.0,7711,0.9086999041283932,0.6733853514689303,9.357685204186334,9.930715935334874,0.0221055236398328,0.9338319161016267,Procambarus clarkii (alien),random_forest
12,20,plain,1.361691090649721,7711,0.9042136805601269,0.6650123326908172,15.67822696490868,23.07167235494881,0.0313546090214093,0.9063509959009758,Procambarus clarkii (alien),random_forest
12,20,stratified,0.0,7711,0.8975958299458817,0.6475624577268192,15.76031192284014,16.95804195804196,0.0298818722312165,0.909483832962004,Procambarus clarkii (alien),random_forest
13,3,plain,0.4279600570613411,7711,0.910526895341406,0.6757531144157706,2.601279317697228,2.7470431133155286,0.0161451923016843,0.9515662261887384,Procambarus clarkii (alien),random_forest
13,3,stratified,0.0,7711,0.910728504196444,0.6755544517044064,3.134328358208955,2.091456930166608,0.0156949092815274,0.9530605020274764,Procambarus clarkii (alien),random_forest
13,10,plain,1.076384385942163,7711,0.9036177155327836,0.6617252428631342,8.422174840085288,10.53206997084548,0.0231462550918141,0.9295256059670658,Procambarus clarkii (alien),random_forest
13,10,stratified,0.0,7711,0.9033518308538474,0.6636922468941643,9.74413646055437,12.254720473898557,0.0239079601184859,0.927195467864956,Procambarus clarkii (alien),random_forest
13,20,plain,1.608092335624434,7711,0.8978515649346193,0.6504863827454659,16.50319829424307,21.54718509518024,0.0321840787470161,0.90306294519902,Procambarus clarkii (alien),random_forest
13,20,stratified,0.0,7711,0.8982022024909102,0.6493181314899586,15.13859275053305,18.57031857031857,0.0309376379769474,0.9061143130851934,Procambarus clarkii (alien),random_forest
14,3,plain,0.0129684865776198,7711,0.9140311731481406,0.6913964013260686,2.112086992890004,3.385917660638707,0.0160278537605469,0.951758199090194,Procambarus clarkii (alien),random_forest
14,3,stratified,0.0,7711,0.914608970945989,0.6914411508897874,1.9657047260560436,2.3853894893775625,0.0162022976853948,0.9513089437091898,Procambarus clarkii (alien),random_forest
14,10,plain,0.9985734664764648,7711,0.9075515335846754,0.6788359551883711,9.159347553324968,10.657945363601383,0.0216249489469515,0.9344337254600372,Procambarus clarkii (alien),random_forest
14,10,stratified,0.0,7711,0.9099720589609064,0.6806421809344451,7.716436637390213,10.44254658385093,0.0221597336616417,0.932803980202792,Procambarus clarkii (alien),random_forest
14,20,plain,2.1916742316171707,7711,0.9002834032447818,0.6700367231965776,13.739021329987452,19.16124367317426,0.0316963821253895,0.904094406476206,Procambarus clarkii (alien),random_forest
14,20,stratified,0.0,7711,0.9017123797024792,0.661650278866689,13.237139272271015,19.25465838509317,0.0304179001358813,0.9083788794549716,Procambarus clarkii (alien),random_forest
0,3,plain,0.3760861107508759,7711,0.9150216587961444,0.6802449477438878,5.3534006477424265,6.8649318463444855,0.0248707499464411,0.9162786286448116,Procambarus clarkii (alien),xgboost
0,3,stratified,0.0,7711,0.9154757941319996,0.6794633941461509,2.4766622213755003,2.085859810817366,0.0242738713747402,0.9180676244678364,Procambarus clarkii (alien),xgboost
0,10,plain,1.3227856309168755,7711,0.9080896992629722,0.6657140339116913,8.763574014097923,10.561630218687872,0.0307688590978533,0.8960841058816102,Procambarus clarkii (alien),xgboost
0,10,stratified,0.0,7711,0.907642273061116,0.6640321495109591,9.792341398361591,11.838588989845004,0.0316562432667476,0.8931429193699517,Procambarus clarkii (alien),xgboost
0,20,plain,2.1916742316171707,7711,0.9014915904695582,0.6441949767489514,18.57496666031625,21.947449768160745,0.0393856071372398,0.868418743459543,Procambarus clarkii (alien),xgboost
0,20,stratified,0.0,7711,0.9012202893853372,0.6428632951183636,18.841684130310536,23.95598899724931,0.0393351984060311,0.8684671369728756,Procambarus clarkii (alien),xgboost
1,3,plain,0.0259369731552396,7711,0.9151232139450486,0.6795191806519358,1.9107075293227391,1.5854235683861808,0.0249271623335191,0.916245190059546,Procambarus clarkii (alien),xgboost
1,3,stratified,0.0,7711,0.9149513869841764,0.6806451498208632,2.080968596292092,2.2614840989399294,0.0246912174413593,0.9171148393076654,Procambarus clarkii (alien),xgboost
1,10,plain,0.9207625470107672,7711,0.9073410014137664,0.6597119781186436,11.445327279606508,13.200992555831265,0.0313947584394878,0.8950998067450897,Procambarus clarkii (alien),xgboost
1,10,stratified,0.0,7711,0.9089970747166606,0.6656896588191673,9.780552402572834,9.44372574385511,0.0306840939545315,0.8971542703688473,Procambarus clarkii (alien),xgboost
1,20,plain,1.8544935805991472,7711,0.9002922992462568,0.6475366256755491,16.72342035565645,19.78967495219885,0.0409810256901121,0.8638344076361621,Procambarus clarkii (alien),xgboost
1,20,stratified,0.0,7711,0.8997297983872078,0.6491894573936254,15.758607642830116,17.8639846743295,0.038516656183124,0.8715582062280847,Procambarus clarkii (alien),xgboost
2,3,plain,0.1945272986642479,7711,0.9164347326578444,0.6839360228219472,3.977164605137964,4.165696997905515,0.0244031059800023,0.9170132649467552,Procambarus clarkii (alien),xgboost
2,3,stratified,0.0,7711,0.9154557520905898,0.6831630449194518,2.835394862036156,3.379139445821131,0.0239113841913989,0.9187714672256132,Procambarus clarkii (alien),xgboost
2,10,plain,1.076384385942163,7711,0.910399910799281,0.665198429153186,8.867745004757374,9.640522875816997,0.0301883226658118,0.8976697344444581,Procambarus clarkii (alien),xgboost
2,10,stratified,0.0,7711,0.9111489479468388,0.6639604558849473,10.466222645099906,10.15848272278514,0.0310136921309857,0.8949348274294147,Procambarus clarkii (alien),xgboost
2,20,plain,1.685903255090139,7711,0.90284213818531,0.6553136230933837,15.394862036156043,17.600352889280988,0.0386552594593647,0.8695676969521109,Procambarus clarkii (alien),xgboost
2,20,stratified,0.0,7711,0.8985082120272695,0.6482289305562906,14.823977164605138,17.199814557255447,0.0388853945845947,0.8685547088887245,Procambarus clarkii (alien),xgboost
3,3,plain,-0.0778109194656977,7711,0.9153436990560616,0.6746001615093137,2.7001510574018126,3.15058298189035,0.0241401578500393,0.918937361912412,Procambarus clarkii (alien),xgboost
3,3,stratified,0.0,7711,0.9156514466435908,0.6798841804900975,3.153323262839879,3.586698337292161,0.0245031040111666,0.9177440413556576,Procambarus clarkii (alien),xgboost
3,10,plain,0.4538970302165737,7711,0.910291941469812,0.6629450195558765,8.062688821752266,8.314454009968282,0.0298873850422953,0.8994498909504769,Procambarus clarkii (alien),xgboost
3,10,stratified,0.0,7711,0.9119399793893934,0.6690909171963076,8.04380664652568,8.066457982181555,0.0309067707819988,0.8960364290335956,Procambarus clarkii (alien),xgboost
3,20,plain,1.05044741278693,7711,0.8992873613835257,0.6486331112062728,17.862537764350453,20.7168458781362,0.0393534140469863,0.8689964116470374,Procambarus clarkii (alien),xgboost
3,20,stratified,0.0,7711,0.8992683756160015,0.6499173024797792,14.860271903323262,16.940789473684212,0.0389457937393739,0.8693281957187161,Procambarus clarkii (alien),xgboost
4,3,plain,0.4668655167941935,7711,0.9148020769820554,0.6667778454726482,2.716435411373852,3.1841255191509004,0.0243710039489358,0.9171282338206664,Procambarus clarkii (alien),xgboost
4,3,stratified,0.0,7711,0.9147656306205186,0.6731751602627671,2.9704905217901114,4.5717156493343385,0.0246161487556209,0.916215752341586,Procambarus clarkii (alien),xgboost
4,10,plain,0.7910776812346043,7711,0.9061997635656482,0.6504097565390944,10.279460621457885,11.842717543043277,0.0314210693449346,0.8933129855376807,Procambarus clarkii (alien),xgboost
4,10,stratified,0.0,7711,0.9089001074890632,0.6595369454646774,7.699824115692788,9.073451752280365,0.0300762798237774,0.8975715732360104,Procambarus clarkii (alien),xgboost
4,20,plain,1.8415250940215344,7711,0.9008761155437316,0.6418918696357566,18.58510846198945,21.15205223880597,0.0384982626713561,0.8701954319494124,Procambarus clarkii (alien),xgboost
4,20,stratified,0.0,7711,0.896873700129393,0.6282348753608556,17.627516122728164,18.59573448358495,0.0402472595229745,0.8635798414240801,Procambarus clarkii (alien),xgboost
5,3,plain,0.2853067047075655,7711,0.9138882804720224,0.6729643434973516,5.338145896656535,5.232806492951729,0.0246443232280053,0.9170123701006492,Procambarus clarkii (alien),xgboost
5,3,stratified,0.0,7711,0.9139454241271994,0.6751237080907099,0.5319148936170213,1.531492666091458,0.0239896892126574,0.9192762457358268,Procambarus clarkii (alien),xgboost
5,10,plain,0.739203734924132,7711,0.9070705702163868,0.6619707657507385,9.631458966565347,10.49396767584794,0.0315591998294994,0.8937870763770912,Procambarus clarkii (alien),xgboost
5,10,stratified,0.0,7711,0.904972514544787,0.6525683220539654,9.38449848024316,9.071428571428571,0.0310626388346524,0.8951082966721237,Procambarus clarkii (alien),xgboost
5,20,plain,1.309817144339256,7711,0.8979800100709996,0.6407759241757528,16.641337386018236,19.37529356505401,0.0387148280604097,0.8708548494733377,Procambarus clarkii (alien),xgboost
5,20,stratified,0.0,7711,0.8987449022176288,0.6419494706255285,14.722644376899696,14.9233234149691,0.0392226507491979,0.8685263860250751,Procambarus clarkii (alien),xgboost
6,3,plain,0.12968486577617,7711,0.9153491818034154,0.6835771355112202,3.90713476783692,5.400904116107543,0.0252102981994591,0.9153002442680018,Procambarus clarkii (alien),xgboost
6,3,stratified,0.0,7711,0.9163240793888012,0.6833836484978417,3.756134390335976,4.605757196495619,0.0248397604481466,0.9166273960541376,Procambarus clarkii (alien),xgboost
6,10,plain,0.8948255738555346,7711,0.9116742069260484,0.6638039847112138,8.644771611929029,9.358356581283289,0.0309817493097625,0.8958159256067966,Procambarus clarkii (alien),xgboost
6,10,stratified,0.0,7711,0.9089443533077168,0.6648735639670419,9.267648169120422,9.30610350429334,0.0320655089640246,0.8917387603560146,Procambarus clarkii (alien),xgboost
6,20,plain,1.4654389832706514,7711,0.9015689382636622,0.6457858670435065,16.7044167610419,19.59162574308607,0.0394402365713329,0.8685920509238818,Procambarus clarkii (alien),xgboost
6,20,stratified,0.0,7711,0.9035039932253396,0.6497861668652198,13.00490751226878,15.44771018455229,0.0389501210510623,0.869864232762785,Procambarus clarkii (alien),xgboost
7,3,plain,0.4798340033718062,7711,0.9105975338850892,0.6709066951931584,3.155479059093517,4.244147888864581,0.0244618309282944,0.9174945118891216,Procambarus clarkii (alien),xgboost
7,3,stratified,0.0,7711,0.9109706839518488,0.6753163009239959,1.1091986995601453,2.636282394995532,0.0254878434943058,0.9137302371371072,Procambarus clarkii (alien),xgboost
7,10,plain,0.7781091946569845,7711,0.9044339388429086,0.6596137200789135,12.411550965767832,13.584474885844749,0.0315157580044535,0.8939786147747503,Procambarus clarkii (alien),xgboost
7,10,stratified,0.0,7711,0.9032496157016878,0.6593969134468652,9.81067125645439,10.757434944237918,0.0318015861115103,0.8928601801095459,Procambarus clarkii (alien),xgboost
7,20,plain,2.049020879263395,7711,0.8984082609975182,0.6416455032918197,15.280168292216484,17.334801762114537,0.0397831285896555,0.8667770012578168,Procambarus clarkii (alien),xgboost
7,20,stratified,0.0,7711,0.8945189421669123,0.6385882289218575,15.681774717919298,16.609634114240592,0.0397923953967909,0.8661606550812518,Procambarus clarkii (alien),xgboost
8,3,plain,0.1945272986642479,7711,0.914283072694696,0.6727268436071929,4.196576477084483,4.619897335614764,0.0247760411149521,0.9174593509512464,Procambarus clarkii (alien),xgboost
8,3,stratified,0.0,7711,0.9140236890818748,0.678603548752856,2.852935762930241,2.0731163620151585,0.0250804439961618,0.9163904243400864,Procambarus clarkii (alien),xgboost
8,10,plain,0.8170146543898369,7711,0.905561075522602,0.6551933673667394,9.607951408061846,11.34892981582877,0.0332673322952913,0.8889925626690296,Procambarus clarkii (alien),xgboost
8,10,stratified,0.0,7711,0.9068791892202204,0.6561274104614909,10.657095527332965,12.176854312635903,0.0316684472665003,0.894693380752607,Procambarus clarkii (alien),xgboost
8,20,plain,2.295422124238101,7711,0.8980633438726993,0.643126597656359,15.681943677526228,20.316753278891365,0.0405307184377135,0.8658670630733091,Procambarus clarkii (alien),xgboost
8,20,stratified,0.0,7711,0.900832050160608,0.6531716441968647,13.859745996686916,17.424593967517403,0.03868689050697,0.8717366839906531,Procambarus clarkii (alien),xgboost
9,3,plain,0.2593697315523329,7711,0.9134476204230952,0.6789607123901539,2.854953056141023,2.7052023121387285,0.0236943885242767,0.9196297212345816,Procambarus clarkii (alien),xgboost
9,3,stratified,0.0,7711,0.9136332852284528,0.6805861292713041,2.8932745736731174,3.264390730127087,0.0246457825476557,0.916339338958058,Procambarus clarkii (alien),xgboost
9,10,plain,0.3242121644404108,7711,0.9146950237427556,0.6726535825801556,8.75646675608354,9.800362976406534,0.0300983582469312,0.8981883314797389,Procambarus clarkii (alien),xgboost
9,10,stratified,0.0,7711,0.9100163794039235,0.6769430455205047,7.702625023950949,8.424257802588176,0.0301308321985997,0.8978635856732087,Procambarus clarkii (alien),xgboost
9,20,plain,1.6988717416677517,7711,0.902846040550634,0.6561412906295558,17.053075301781952,16.985864113087096,0.039326683147215,0.8676668366534402,Procambarus clarkii (alien),xgboost
9,20,stratified,0.0,7711,0.8995216619879648,0.6408030720071956,18.94999041962061,18.423403305046897,0.0394619543283053,0.8669936430884615,Procambarus clarkii (alien),xgboost
10,3,plain,0.0778109194657048,7711,0.9159671594216936,0.6796661707669371,1.7036753445635526,1.0939941951328422,0.0243849075395718,0.917550775081506,Procambarus clarkii (alien),xgboost
10,3,stratified,0.0,7711,0.9152457177225956,0.6779757856926388,1.167687595712098,1.5027322404371584,0.0253313700882208,0.914210315728912,Procambarus clarkii (alien),xgboost
10,10,plain,0.933731033588387,7711,0.9054112400294192,0.6521507776454915,9.111791730474732,8.828213879408418,0.030976232088233,0.8949535905137516,Procambarus clarkii (alien),xgboost
10,10,stratified,0.0,7711,0.9078284375732864,0.6558418018056881,10.222052067381316,9.789702683103698,0.0313958862465785,0.8938804577535154,Procambarus clarkii (alien),xgboost
10,20,plain,1.6988717416677517,7711,0.9022453851803696,0.6479668160828103,15.122511485451762,16.423529411764708,0.0384126560020408,0.8709444476259481,Procambarus clarkii (alien),xgboost
10,20,stratified,0.0,7711,0.9032403368553676,0.6493213661985612,17.26646248085758,18.158403090792017,0.0385597301274886,0.8705828216576426,Procambarus clarkii (alien),xgboost
11,3,plain,0.1556218389314025,7711,0.9113769247357216,0.6737177251207714,3.425435276305829,2.8411633109619685,0.0247133374486367,0.9171383507817952,Procambarus clarkii (alien),xgboost
11,3,stratified,0.0,7711,0.9103103944760266,0.6772561943325208,3.1794095382286147,2.859119206824994,0.0254843675964726,0.9144564850895944,Procambarus clarkii (alien),xgboost
11,10,plain,0.7521722215017519,7711,0.9013870529189016,0.6533506397726824,10.635881907645722,10.043248438250842,0.0332799299327161,0.8879546484474534,Procambarus clarkii (alien),xgboost
11,10,stratified,0.0,7711,0.9039990601468108,0.6528102263397284,8.421650264950795,9.25627446465577,0.0320790965555334,0.8921997022174475,Procambarus clarkii (alien),xgboost
11,20,plain,2.061989365841008,7711,0.8955507201138188,0.6395018160950746,15.707797123391371,16.721234798877454,0.0399329844332023,0.86679567811709,Procambarus clarkii (alien),xgboost
11,20,stratified,0.0,7711,0.8971655045827422,0.6322169228131024,15.651021953065856,16.016521340064248,0.0409804182884383,0.862619620243789,Procambarus clarkii (alien),xgboost
12,3,plain,0.246401244974713,7711,0.9132752956203132,0.6740487138790351,4.325159297161614,2.9396857577293463,0.0243199792466451,0.9171827894878688,Procambarus clarkii (alien),xgboost
12,3,stratified,0.0,7711,0.9142502990762672,0.6772786114522072,4.653407993821201,2.6976307764485106,0.0240554476046541,0.9180261192075272,Procambarus clarkii (alien),xgboost
12,10,plain,1.076384385942163,7711,0.9095892129220552,0.6656468723907223,9.422668468816374,8.34070796460177,0.0303552725990266,0.8967445425091174,Procambarus clarkii (alien),xgboost
12,10,stratified,0.0,7711,0.9088371154910622,0.6681689944540409,9.364742228229389,8.954890576150067,0.0298115221473849,0.898401683474731,Procambarus clarkii (alien),xgboost
12,20,plain,1.361691090649721,7711,0.9021177159166538,0.6455351084000128,17.725429619617685,19.062205466541,0.0388942941792243,0.8689428702929486,Procambarus clarkii (alien),xgboost
12,20,stratified,0.0,7711,0.8966959192074178,0.6353483652589971,17.590268391581386,16.641753861484805,0.0376977552214198,0.8719711633346717,Procambarus clarkii (alien),xgboost
13,3,plain,0.4279600570613411,7711,0.909255387953856,0.6726022566029198,2.536231884057971,2.079272254710851,0.0254469002229144,0.9143914687708018,Procambarus clarkii (alien),xgboost
13,3,stratified,0.0,7711,0.9122233764017468,0.6716891648898861,2.1929824561403506,1.4986967854039963,0.0243027452773352,0.9183328945285952,Procambarus clarkii (alien),xgboost
13,10,plain,1.076384385942163,7711,0.9023910133761522,0.6542973136390392,7.761250953470633,9.51577933028186,0.0316054712241341,0.8934807619283665,Procambarus clarkii (alien),xgboost
13,10,stratified,0.0,7711,0.9040265377223188,0.6603997611912141,10.144927536231885,10.360884749708964,0.0321310804412658,0.8917962780133762,Procambarus clarkii (alien),xgboost
13,20,plain,1.608092335624434,7711,0.8988395672128566,0.6461842949980029,17.620137299771166,20.845410628019323,0.0396166723745273,0.8683222583087349,Procambarus clarkii (alien),xgboost
13,20,stratified,0.0,7711,0.899193997215535,0.6449227812740219,15.350877192982455,17.486958493989565,0.0391411582023908,0.8693125687107374,Procambarus clarkii (alien),xgboost
14,3,plain,0.0129684865776198,7711,0.9185308884778314,0.6789400441750765,2.347603077530085,2.165898617511521,0.024520749480667,0.91668714841091,Procambarus clarkii (alien),xgboost
14,3,stratified,0.0,7711,0.9171198702563156,0.6734192432926391,2.604063917932532,2.936821322803554,0.0250703912916784,0.9148242852293496,Procambarus clarkii (alien),xgboost
14,10,plain,0.9985734664764648,7711,0.9101510305585152,0.6554838815044105,11.9550207141448,11.4930991217064,0.0302610701299545,0.8974100647176549,Procambarus clarkii (alien),xgboost
14,10,stratified,0.0,7711,0.912347567616656,0.6608967373849859,8.699940816729137,9.178617992177314,0.0302033268431113,0.8975115647899944,Procambarus clarkii (alien),xgboost
14,20,plain,2.1916742316171707,7711,0.9040898468305268,0.6526883042823205,17.991714342079305,20.22049611626159,0.0391521855000858,0.8683805607506364,Procambarus clarkii (alien),xgboost
14,20,stratified,0.0,7711,0.9038616973466552,0.6426167561167648,17.340698362596175,20.62368972746331,0.0382592174388507,0.8716413256820381,Procambarus clarkii (alien),xgboost
0,3,plain,0.3655352480417804,1915,0.8773445915111601,0.5498076174841174,-0.7230657989877078,3.2494758909853245,0.0100472665877945,0.954644198312167,Procambarus clarkii (native),random_forest
0,3,stratified,0.0,1915,0.8787732016992622,0.5516401919749905,-0.3615328994938539,-1.1088709677419355,0.0101271677511584,0.9542148537958136,Procambarus clarkii (native),random_forest
0,10,plain,0.0,1915,0.8798182044506746,0.5587377670231871,0.7953723788864787,0.6376195536663124,0.0119075163495349,0.9450905268893792,Procambarus clarkii (native),random_forest
0,10,stratified,0.0,1915,0.8780064691018787,0.5563315064083624,-0.2169197396963123,2.224469160768453,0.0127853002070393,0.9415063848748648,Procambarus clarkii (native),random_forest
0,20,plain,0.9921671018276754,1915,0.8658344222747848,0.5212846531143538,-1.8799710773680405,4.827586206896552,0.016809763506852,0.9218523477755638,Procambarus clarkii (native),random_forest
0,20,stratified,0.0,1915,0.8605026458215004,0.5139034191764827,-2.0245842371655822,2.650356778797146,0.0162375352683893,0.9268695651655706,Procambarus clarkii (native),random_forest
1,3,plain,-0.2088772845952959,1915,0.8699919562484197,0.5292239203237016,-1.918649270913277,1.0526315789473684,0.0108779862138091,0.9501100677811628,Procambarus clarkii (native),random_forest
1,3,stratified,0.0,1915,0.8675548464567064,0.5332813841498747,0.6139677666922486,2.8151774785801718,0.0110811714975845,0.9491983981389848,Procambarus clarkii (native),random_forest
1,10,plain,0.3655352480417804,1915,0.8717837505721691,0.5422851189813308,-4.528012279355334,1.1389521640091116,0.0138605235921773,0.9355994130472997,Procambarus clarkii (native),random_forest
1,10,stratified,0.0,1915,0.8787851733464257,0.5441669657138116,-3.453568687643899,3.4642032332563506,0.014328812604752,0.9316827723793928,Procambarus clarkii (native),random_forest
1,20,plain,0.6266318537859021,1915,0.8787359438576918,0.5211257511255216,-7.828089025326171,3.033980582524272,0.018976501281672,0.9117482360193904,Procambarus clarkii (native),random_forest
1,20,stratified,0.0,1915,0.8669658129105594,0.5458672360853242,-4.374520337682272,4.734411085450346,0.0173609794110881,0.9193171287138476,Procambarus clarkii (native),random_forest
2,3,plain,-0.3655352480417733,1915,0.8711085292859901,0.5524708356562316,2.365114560236512,0.6112469437652812,0.0102936701419698,0.9537783188323103,Procambarus clarkii (native),random_forest
2,3,stratified,0.0,1915,0.8742695004722193,0.5649036423628186,0.2217294900221729,-1.773049645390071,0.0106335881888987,0.9522818975008728,Procambarus clarkii (native),random_forest
2,10,plain,0.3133159268929475,1915,0.8705759668385913,0.5594880221677201,-0.6651884700665188,0.2096436058700209,0.0129333195307108,0.9416882893674066,Procambarus clarkii (native),random_forest
2,10,stratified,0.0,1915,0.8732003269024753,0.5553182462911956,2.217294900221729,2.5056947608200453,0.0126748293157842,0.9425218812304356,Procambarus clarkii (native),random_forest
2,20,plain,-0.1566579634464773,1915,0.8687439713204803,0.546769674441232,-1.5521064301552108,-1.7679558011049723,0.0159851641526175,0.928558291192985,Procambarus clarkii (native),random_forest
2,20,stratified,0.0,1915,0.8686263448904309,0.5332695890968382,-2.4390243902439024,0.3359462486002239,0.0178653124897301,0.9189438487570704,Procambarus clarkii (native),random_forest
3,3,plain,0.5744125326370764,1915,0.8739079104354385,0.5397477335972358,0.7733952049497294,1.4752370916754478,0.0110075077639751,0.949237183129678,Procambarus clarkii (native),random_forest
3,3,stratified,0.0,1915,0.8799917448418427,0.5298044882325152,1.8561484918793505,2.947845804988662,0.0106473258651286,0.9508583134956262,Procambarus clarkii (native),random_forest
3,10,plain,-0.6266318537859021,1915,0.8791258648508096,0.5431273386101959,-1.7788089713843775,1.4573991031390134,0.0120513694994906,0.9443400043980238,Procambarus clarkii (native),random_forest
3,10,stratified,0.0,1915,0.8726694015506804,0.5429079349873435,2.784222737819025,4.596412556053812,0.0141090174482177,0.9349180859636318,Procambarus clarkii (native),random_forest
3,20,plain,0.5221932114882506,1915,0.8703329832789861,0.491527877847492,1.005413766434648,5.149700598802395,0.0176391232048374,0.918637559590074,Procambarus clarkii (native),random_forest
3,20,stratified,0.0,1915,0.8626913384926731,0.5244173567581385,-4.098994586233565,1.1138613861386135,0.0178295562210391,0.9170518986393592,Procambarus clarkii (native),random_forest
4,3,plain,0.5221932114882506,1915,0.8698115618918607,0.5418409991649209,-0.5767844268204758,-0.2207505518763796,0.010913768115942,0.9503900361924612,Procambarus clarkii (native),random_forest
4,3,stratified,0.0,1915,0.8716690921866641,0.529689031936449,-0.6488824801730353,0.6211180124223602,0.0105604182687567,0.9522286301136308,Procambarus clarkii (native),random_forest
4,10,plain,0.0,1915,0.861277950157119,0.5237351237753253,-1.009372746935833,2.237136465324385,0.0138746768707483,0.9371042425159144,Procambarus clarkii (native),random_forest
4,10,stratified,0.0,1915,0.8602816799502835,0.522275812640802,-1.658255227108868,1.545253863134658,0.0134812567780735,0.938377110185956,Procambarus clarkii (native),random_forest
4,20,plain,0.5744125326370764,1915,0.8552954797710612,0.5132660620811136,-3.532804614275414,1.511879049676026,0.0168799651648098,0.9227918107515644,Procambarus clarkii (native),random_forest
4,20,stratified,0.0,1915,0.8640317920320936,0.5101669329888445,-1.0814708002883922,1.3333333333333337,0.0169338359788359,0.9217288185189796,Procambarus clarkii (native),random_forest
5,3,plain,0.2610966057441288,1915,0.8813212677463104,0.5478554999666932,-1.0775862068965518,0.4444444444444444,0.0104575256334417,0.9522418700570896,Procambarus clarkii (native),random_forest
5,3,stratified,0.0,1915,0.8817802274317346,0.5530601829139901,-2.514367816091954,-0.477326968973747,0.0104929102583062,0.951925233339868,Procambarus clarkii (native),random_forest
5,10,plain,0.9399477806788497,1915,0.8769580186454243,0.545509402268653,-2.083333333333333,0.4629629629629629,0.0135109689769627,0.9384052626304268,Procambarus clarkii (native),random_forest
5,10,stratified,0.0,1915,0.8822305496438946,0.5120395634061744,1.6522988505747127,7.822085889570553,0.013541182835453,0.9381412014855398,Procambarus clarkii (native),random_forest
5,20,plain,-0.2088772845952959,1915,0.8734353525123587,0.5063324202928646,-0.0718390804597701,-0.1103752759381898,0.0169040752840442,0.9226863441334586,Procambarus clarkii (native),random_forest
5,20,stratified,0.0,1915,0.885399491056681,0.5251173194579115,-4.525862068965517,0.2339181286549707,0.017630309655263,0.918531024955926,Procambarus clarkii (native),random_forest
6,3,plain,0.4699738903394248,1915,0.889174175853356,0.5289425451130386,-0.5704971475142625,3.391959798994975,0.0107333333333333,0.949620914724106,Procambarus clarkii (native),random_forest
6,3,stratified,0.0,1915,0.8926109132161388,0.5498861742540512,0.5704971475142625,0.805523590333717,0.0109073370797594,0.948617079511166,Procambarus clarkii (native),random_forest
6,10,plain,-0.1566579634464773,1915,0.8926280458455467,0.5491147759476364,0.3259983700081499,4.949381327334083,0.0127041450589897,0.9406861594432692,Procambarus clarkii (native),random_forest
6,10,stratified,0.0,1915,0.8835269389936945,0.5309696679713735,-0.6519967400162999,-0.1182033096926714,0.013886915360347,0.9349675312365954,Procambarus clarkii (native),random_forest
6,20,plain,0.7832898172323794,1915,0.871706085960329,0.5021934243691027,-1.8744906275468625,0.4634994206257242,0.0194908100824871,0.9075070809664716,Procambarus clarkii (native),random_forest
6,20,stratified,0.0,1915,0.8799364711827079,0.5306260662968008,-2.363488182559087,1.7743979721166032,0.0163226369581649,0.9243577827873802,Procambarus clarkii (native),random_forest
7,3,plain,0.3655352480417804,1915,0.8851113208119302,0.5575022759217751,-1.5053763440860215,-1.9230769230769231,0.0102116977225672,0.953248075251875,Procambarus clarkii (native),random_forest
7,3,stratified,0.0,1915,0.8772460612646455,0.5619374055059906,-1.0752688172043012,0.4836759371221281,0.0102573370797594,0.9528931628704,Procambarus clarkii (native),random_forest
7,10,plain,0.2610966057441288,1915,0.8822387286974706,0.5198954344224351,-0.3584229390681003,0.0,0.0141769200433796,0.9342417432509924,Procambarus clarkii (native),random_forest
7,10,stratified,0.0,1915,0.8753443004319245,0.531495936033329,-3.655913978494624,-1.497326203208556,0.0135241853166387,0.937659983739918,Procambarus clarkii (native),random_forest
7,20,plain,2.036553524804184,1915,0.8629995345240932,0.4997882119265015,-2.508960573476702,0.2259887005649717,0.0155895635742219,0.9288340138914734,Procambarus clarkii (native),random_forest
7,20,stratified,0.0,1915,0.8701717713843441,0.5145356230442194,-1.0752688172043012,0.7608695652173914,0.0175526018877028,0.9197338822268936,Procambarus clarkii (native),random_forest
8,3,plain,1.0443864229765012,1915,0.8811653359211731,0.5482628287028652,-1.1560693641618496,1.1615628299894405,0.0106876680962239,0.9516801374019932,Procambarus clarkii (native),random_forest
8,3,stratified,0.0,1915,0.8824396203386554,0.543068194355127,-0.6502890173410405,1.2987012987012987,0.0108755469289164,0.9506361941612912,Procambarus clarkii (native),random_forest
8,10,plain,0.8355091383812052,1915,0.8765398789194133,0.5301906668920333,-2.239884393063584,0.8264462809917356,0.0130043671744059,0.9411757858215386,Procambarus clarkii (native),random_forest
8,10,stratified,0.0,1915,0.8795737478208665,0.5400660226990842,-6.430635838150289,0.8368200836820083,0.0127335669098557,0.9421142530127036,Procambarus clarkii (native),random_forest
8,20,plain,0.1044386422976515,1915,0.8742215782242081,0.5250973491011592,-2.167630057803468,1.7222820236813776,0.0162818364023255,0.9263295391647666,Procambarus clarkii (native),random_forest
8,20,stratified,0.0,1915,0.8742644584287709,0.5187325453134489,-1.1560693641618496,0.9297520661157024,0.0174574207544238,0.9211758386990224,Procambarus clarkii (native),random_forest
9,3,plain,0.0522193211488257,1915,0.8814937113467091,0.5458779446505757,-2.199528672427337,0.0,0.0106575453514739,0.9496855784986272,Procambarus clarkii (native),random_forest
9,3,stratified,0.0,1915,0.874406380015772,0.5244419601352233,0.3927729772191673,0.0,0.0108672885241052,0.950175158324536,Procambarus clarkii (native),random_forest
9,10,plain,0.4699738903394248,1915,0.8758022685389488,0.5076151152457677,-0.2356637863315004,-0.7583965330444203,0.0127123924545663,0.9401876521650908,Procambarus clarkii (native),random_forest
9,10,stratified,0.0,1915,0.8814061691214815,0.5468640977602828,0.0,1.7142857142857144,0.0137828959067157,0.936376805038019,Procambarus clarkii (native),random_forest
9,20,plain,0.5221932114882506,1915,0.8671903037856573,0.511490068120714,-4.791830322073841,-0.3285870755750273,0.0161238240658582,0.9255471050169346,Procambarus clarkii (native),random_forest
9,20,stratified,0.0,1915,0.8700822192775785,0.5062230254734646,2.04241948153967,6.24249699879952,0.0161768309836011,0.925390835305392,Procambarus clarkii (native),random_forest
10,3,plain,0.3655352480417804,1915,0.8949798151310112,0.5567564708122675,0.9181331293037492,0.8998875140607425,0.0105520945479641,0.951297308055755,Procambarus clarkii (native),random_forest
10,3,stratified,0.0,1915,0.8947577942709842,0.5641922227564451,2.8309104820198927,2.4165707710011506,0.0110777452430247,0.9490666503840396,Procambarus clarkii (native),random_forest
10,10,plain,-0.8355091383811981,1915,0.8886408942645576,0.5398280832081376,-1.3771996939556237,3.7339556592765457,0.0145941209454796,0.9323750503483264,Procambarus clarkii (native),random_forest
10,10,stratified,0.0,1915,0.895691041585911,0.5648325859138107,-1.6832440703902063,1.9836639439906647,0.0127884241184396,0.9405286873961548,Procambarus clarkii (native),random_forest
10,20,plain,1.0443864229765012,1915,0.8922165300452076,0.5568959120514341,-1.6067329762815608,4.024390243902439,0.0179674926468171,0.9153738398316428,Procambarus clarkii (native),random_forest
10,20,stratified,0.0,1915,0.8881539487118592,0.5479463474611005,-0.1530221882172915,6.720741599073002,0.0154456436294324,0.9286043265783198,Procambarus clarkii (native),random_forest
11,3,plain,0.3655352480417804,1915,0.8606726304076275,0.5289478034009265,0.0,1.3414634146341464,0.0110086051546222,0.9487887254404692,Procambarus clarkii (native),random_forest
11,3,stratified,0.0,1915,0.8646630311341843,0.5356485908379063,0.946372239747634,1.150747986191024,0.0107267692004337,0.9498652319601874,Procambarus clarkii (native),random_forest
11,10,plain,0.5744125326370764,1915,0.8658598926678652,0.5376712349193215,-2.917981072555205,1.969872537659328,0.0130049971244536,0.9398463157853046,Procambarus clarkii (native),random_forest
11,10,stratified,0.0,1915,0.8655187194735311,0.5379225381977512,-0.6309148264984227,2.512562814070352,0.0138048882234053,0.934804514549815,Procambarus clarkii (native),random_forest
11,20,plain,1.2532637075718045,1915,0.8650133789059821,0.5247975423634492,-2.996845425867508,3.30188679245283,0.0170153050133096,0.9209892015539128,Procambarus clarkii (native),random_forest
11,20,stratified,0.0,1915,0.8454200444472576,0.5164408071723491,-3.391167192429022,5.029940119760479,0.0167324962729931,0.9210323069419344,Procambarus clarkii (native),random_forest
12,3,plain,0.4699738903394248,1915,0.873842554740655,0.5591057829996906,-1.7719568567026194,-0.8830022075055187,0.0106247850734496,0.9516353269332124,Procambarus clarkii (native),random_forest
12,3,stratified,0.0,1915,0.8722477621146767,0.563335568887533,-2.0801232665639446,-0.6936416184971098,0.0108102484472049,0.950621551271641,Procambarus clarkii (native),random_forest
12,10,plain,0.3133159268929475,1915,0.8667874565422597,0.545234247733895,1.078582434514638,1.095290251916758,0.0132256742073201,0.9401551891859394,Procambarus clarkii (native),random_forest
12,10,stratified,0.0,1915,0.863559598613009,0.5462851737999735,-4.622496147919876,-2.577873254564984,0.013803180313188,0.9374835583326884,Procambarus clarkii (native),random_forest
12,20,plain,1.4099216710182816,1915,0.8703194855967216,0.5380730625171986,-4.314329738058552,-2.5114155251141552,0.017792107200368,0.9181494303615144,Procambarus clarkii (native),random_forest
12,20,stratified,0.0,1915,0.8665000008720163,0.5247621888123397,-2.0801232665639446,-1.6910935738444193,0.0177058251648857,0.9186658962149352,Procambarus clarkii (native),random_forest
13,3,plain,0.1044386422976515,1915,0.8606397103999333,0.5310923305127407,-0.3378378378378378,-0.1089324618736383,0.0103740907522429,0.949888183918232,Procambarus clarkii (native),random_forest
13,3,stratified,0.0,1915,0.8589738323169247,0.521807131335114,1.9425675675675675,1.362088535754824,0.0100629385021465,0.9517946086807256,Procambarus clarkii (native),random_forest
13,10,plain,0.4699738903394248,1915,0.8626027207819014,0.5186458279620892,0.6756756756756757,1.1123470522803114,0.0129531393571921,0.937854805151916,Procambarus clarkii (native),random_forest
13,10,stratified,0.0,1915,0.8530508296022669,0.5123413272124079,1.773648648648649,2.4390243902439024,0.0130774714088533,0.9362312325082206,Procambarus clarkii (native),random_forest
13,20,plain,0.6266318537859021,1915,0.8495738749629173,0.5072514820749978,1.858108108108108,4.560622914349278,0.0170707682078101,0.917485318400458,Procambarus clarkii (native),random_forest
13,20,stratified,0.0,1915,0.8469583148088216,0.4697748966733804,-2.027027027027027,1.2387387387387387,0.0178017530942142,0.9140920323802488,Procambarus clarkii (native),random_forest
14,3,plain,0.1044386422976515,1915,0.873474744683152,0.5659084526448066,-1.412639405204461,1.066350710900474,0.0110328046435965,0.948759823676098,Procambarus clarkii (native),random_forest
14,3,stratified,0.0,1915,0.8737857953373487,0.5615317716696544,-0.8921933085501859,0.4329004329004329,0.0100495103766144,0.953318213431118,Procambarus clarkii (native),random_forest
14,10,plain,-0.1044386422976444,1915,0.8779903039782317,0.5693239377396717,-3.197026022304833,-0.6659267480577136,0.0123067312432219,0.941654924032804,Procambarus clarkii (native),random_forest
14,10,stratified,0.0,1915,0.8740097819833851,0.5657086073541231,-1.412639405204461,4.0201005025125625,0.0141373893325446,0.9328201486673792,Procambarus clarkii (native),random_forest
14,20,plain,0.6788511749347279,1915,0.8776807312451748,0.5609585882053187,-4.981412639405204,1.9396551724137927,0.018464010229476,0.911385819319735,Procambarus clarkii (native),random_forest
14,20,stratified,0.0,1915,0.8698535902894081,0.5261929868817501,-0.8921933085501859,8.241082410824108,0.015934544595616,0.9251007139349172,Procambarus clarkii (native),random_forest
0,3,plain,0.3655352480417804,1915,0.8789331047797311,0.5461367878357654,0.4514672686230248,2.9797377830750893,0.0115570049907049,0.9288241165208218,Procambarus clarkii (native),xgboost
0,3,stratified,0.0,1915,0.8767573342311443,0.555377507608282,-2.2573363431151243,-1.86799501867995,0.0112328616151539,0.927956072785768,Procambarus clarkii (native),xgboost
0,10,plain,0.0,1915,0.8841650823551297,0.549297572439392,-1.580135440180587,-1.4184397163120568,0.0131599576827312,0.914541907285429,Procambarus clarkii (native),xgboost
0,10,stratified,0.0,1915,0.8770340459367891,0.538122174600728,-1.429646350639579,4.761904761904762,0.0138432789416743,0.9110294352934138,Procambarus clarkii (native),xgboost
0,20,plain,0.9921671018276754,1915,0.8717818401534584,0.5057835125727052,0.601956358164033,7.522697795071336,0.0170642688409796,0.8889442096456908,Procambarus clarkii (native),xgboost
0,20,stratified,0.0,1915,0.872665874930918,0.5016524677614569,-2.8592927012791574,3.38389731621937,0.017987330512655,0.8845523865568458,Procambarus clarkii (native),xgboost
1,3,plain,-0.2088772845952959,1915,0.8526077541523123,0.5174568338715667,3.2915360501567394,2.0118343195266277,0.0118811815416723,0.9248641907893184,Procambarus clarkii (native),xgboost
1,3,stratified,0.0,1915,0.8538591155901126,0.51485583225549,6.191222570532915,2.027883396704689,0.0118553727833957,0.9237696540693284,Procambarus clarkii (native),xgboost
1,10,plain,0.3655352480417804,1915,0.866240266557376,0.5258446281429248,0.7836990595611284,-0.9569377990430622,0.0147947210618583,0.9033179877255172,Procambarus clarkii (native),xgboost
1,10,stratified,0.0,1915,0.8644635287854756,0.5349697677184563,2.978056426332288,3.802281368821293,0.0152350600824228,0.9027681486826784,Procambarus clarkii (native),xgboost
1,20,plain,0.6266318537859021,1915,0.8554284181505416,0.5011483990409668,-2.978056426332288,1.7751479289940828,0.0192313326819082,0.8672300893366391,Procambarus clarkii (native),xgboost
1,20,stratified,0.0,1915,0.877455933978686,0.5383724029129286,-2.664576802507837,2.0408163265306123,0.0184160317184309,0.8784044795286374,Procambarus clarkii (native),xgboost
2,3,plain,-0.3655352480417733,1915,0.8661023101459606,0.5337514017103071,0.437636761487965,-0.5903187721369539,0.0114073222657184,0.930505904939326,Procambarus clarkii (native),xgboost
2,3,stratified,0.0,1915,0.8726375427418144,0.5360065358802376,-1.0211524434719184,2.7946537059538272,0.0112143559619344,0.9325801960128316,Procambarus clarkii (native),xgboost
2,10,plain,0.3133159268929475,1915,0.8681934563547664,0.5358194900345437,-1.8234865061998544,6.65083135391924,0.0144307928423243,0.909378238296931,Procambarus clarkii (native),xgboost
2,10,stratified,0.0,1915,0.8576124515596653,0.5248967061766922,0.6564551422319475,5.176470588235294,0.0140086316152116,0.915687468455971,Procambarus clarkii (native),xgboost
2,20,plain,-0.1566579634464773,1915,0.8500813909874091,0.5061780840062888,-3.3552151714077314,4.737516005121639,0.0168080427210922,0.8905432294944128,Procambarus clarkii (native),xgboost
2,20,stratified,0.0,1915,0.8400149932036016,0.5050105104107537,-4.6681254558716265,2.125,0.0166225404051753,0.8900394977255036,Procambarus clarkii (native),xgboost
3,3,plain,0.5744125326370764,1915,0.8921767121258364,0.5432591343524841,-0.4964539007092199,-0.9719222462203024,0.0124684294202405,0.9231677932043028,Procambarus clarkii (native),xgboost
3,3,stratified,0.0,1915,0.8958060717107678,0.5569386162424235,-0.1418439716312056,-1.390374331550802,0.0114844062977542,0.9311965924347452,Procambarus clarkii (native),xgboost
3,10,plain,-0.6266318537859021,1915,0.8967711148797238,0.5629189866591773,-2.8368794326241136,-1.851851851851852,0.0133766707031988,0.9142402584430483,Procambarus clarkii (native),xgboost
3,10,stratified,0.0,1915,0.8932156824634049,0.5553677076099308,-0.9929078014184398,4.556354916067146,0.0152410520620573,0.9043352194207736,Procambarus clarkii (native),xgboost
3,20,plain,0.5221932114882506,1915,0.8811297381569567,0.5291015016202264,-2.198581560283688,2.3255813953488373,0.01794681084921,0.8884404612792004,Procambarus clarkii (native),xgboost
3,20,stratified,0.0,1915,0.8758719047326281,0.5689212878353356,-5.74468085106383,4.483188044831881,0.0192451175479353,0.8703745667434599,Procambarus clarkii (native),xgboost
4,3,plain,0.5221932114882506,1915,0.8862840097444561,0.5483661431706391,2.084942084942085,-2.340702210663199,0.0127478077359832,0.9207634653221224,Procambarus clarkii (native),xgboost
4,3,stratified,0.0,1915,0.8920543515628486,0.5497419372994418,0.0772200772200772,-1.7412935323383083,0.0127455167997918,0.920556716059999,Procambarus clarkii (native),xgboost
4,10,plain,0.0,1915,0.8896387263969601,0.536863461245403,2.084942084942085,0.3731343283582089,0.0153003995889186,0.9049933820330162,Procambarus clarkii (native),xgboost
4,10,stratified,0.0,1915,0.8879947575959245,0.541525035842128,-0.7722007722007722,1.3221153846153846,0.0158237291355631,0.8990331247092487,Procambarus clarkii (native),xgboost
4,20,plain,0.5744125326370764,1915,0.8727908309666618,0.5294730413879969,-2.393822393822394,1.482479784366577,0.0180890817172622,0.8807723460339681,Procambarus clarkii (native),xgboost
4,20,stratified,0.0,1915,0.887464380598132,0.4975318519175167,0.8494208494208495,2.900378310214376,0.0184065686757463,0.8827040568664286,Procambarus clarkii (native),xgboost
5,3,plain,0.2610966057441288,1915,0.8646533768275528,0.5671085889934739,-1.820830298616169,-1.2269938650306749,0.0121850272104187,0.9250010282932412,Procambarus clarkii (native),xgboost
5,3,stratified,0.0,1915,0.8690018293663294,0.5756001777923633,-3.932993445010925,-1.5476190476190477,0.0121626235039288,0.9246821887803236,Procambarus clarkii (native),xgboost
5,10,plain,0.9399477806788497,1915,0.8560891272792656,0.5364574427227701,-3.277494537509104,0.4848484848484848,0.0163845122058807,0.8972216256019636,Procambarus clarkii (native),xgboost
5,10,stratified,0.0,1915,0.8595588912655966,0.525375601019286,-1.0196649672250546,5.238095238095238,0.016073893854772,0.903209002226524,Procambarus clarkii (native),xgboost
5,20,plain,-0.2088772845952959,1915,0.8493449444014101,0.5208160047098933,0.5098324836125273,2.013422818791946,0.0186125517607208,0.8877914716673004,Procambarus clarkii (native),xgboost
5,20,stratified,0.0,1915,0.8395265726479478,0.5365281976705337,-7.356154406409322,-0.3460207612456747,0.0197290267214957,0.8703611324351466,Procambarus clarkii (native),xgboost
6,3,plain,0.4699738903394248,1915,0.8858356700178612,0.5277297900964836,-0.8352315869400152,3.820816864295125,0.0124078612601554,0.9218305555540536,Procambarus clarkii (native),xgboost
6,3,stratified,0.0,1915,0.8916630563485665,0.5332249011503231,-3.87243735763098,1.3477088948787064,0.0129076352236558,0.915538703499441,Procambarus clarkii (native),xgboost
6,10,plain,-0.1566579634464773,1915,0.8938916174437669,0.549511407357459,-4.707668944570995,6.767955801104971,0.0147926707143934,0.9015580120997232,Procambarus clarkii (native),xgboost
6,10,stratified,0.0,1915,0.8963711567605556,0.5303891946676252,-5.466970387243736,4.634831460674158,0.0150571510184452,0.9008821951811486,Procambarus clarkii (native),xgboost
6,20,plain,0.7832898172323794,1915,0.8733123020990786,0.5025071254111478,-7.061503416856492,6.676557863501484,0.020944636398919,0.8567895083410183,Procambarus clarkii (native),xgboost
6,20,stratified,0.0,1915,0.8857627895364267,0.51863846305303,-5.239179954441914,2.763157894736842,0.0183317240762986,0.8798326391070636,Procambarus clarkii (native),xgboost
7,3,plain,0.3655352480417804,1915,0.8849457379468497,0.5482248062990048,1.5735641227380015,-0.9720534629404616,0.0118211794581373,0.9260705260563172,Procambarus clarkii (native),xgboost
7,3,stratified,0.0,1915,0.8861636542079522,0.5491942970590794,2.3603461841070024,0.0,0.0124414707874836,0.922114020996426,Procambarus clarkii (native),xgboost
7,10,plain,0.2610966057441288,1915,0.8851715179140935,0.5485517896608056,1.730920535011802,6.417112299465241,0.0163549646119845,0.8982668393082501,Procambarus clarkii (native),xgboost
7,10,stratified,0.0,1915,0.8696112357636849,0.5383151298837986,-0.3147128245476003,1.8541409147095176,0.0149112281923699,0.903175408116809,Procambarus clarkii (native),xgboost
7,20,plain,2.036553524804184,1915,0.8715156313186427,0.5147130178490623,2.3603461841070024,7.4074074074074066,0.0184232116720613,0.884309962803751,Procambarus clarkii (native),xgboost
7,20,stratified,0.0,1915,0.8664399107499018,0.4954918274769553,5.428796223446105,3.187250996015936,0.0192375316440461,0.8799350511993198,Procambarus clarkii (native),xgboost
8,3,plain,1.0443864229765012,1915,0.8711872868032816,0.517730681466839,-2.745664739884393,-1.8890200708382523,0.0119171336801825,0.9255627057514711,Procambarus clarkii (native),xgboost
8,3,stratified,0.0,1915,0.8687454005123296,0.516875362440965,-4.118497109826589,0.8588957055214724,0.0123855779522254,0.9224609717997247,Procambarus clarkii (native),xgboost
8,10,plain,0.8355091383812052,1915,0.8619631466824144,0.4948850342831068,-3.6127167630057806,2.340702210663199,0.0144998487877648,0.9076974881175618,Procambarus clarkii (native),xgboost
8,10,stratified,0.0,1915,0.863885534930947,0.51456999437348,-5.852601156069364,0.3663003663003663,0.0142697206030683,0.9075503088871288,Procambarus clarkii (native),xgboost
8,20,plain,0.1044386422976515,1915,0.8433025194196255,0.4861786489719917,-5.708092485549133,2.9487179487179485,0.0187143280284765,0.8776293120019228,Procambarus clarkii (native),xgboost
8,20,stratified,0.0,1915,0.8446535377965142,0.4778455820258871,-4.046242774566474,3.465982028241335,0.0186286927993729,0.8802371962621142,Procambarus clarkii (native),xgboost
9,3,plain,0.0522193211488257,1915,0.8766229806523769,0.5492492523823075,-1.8745493871665464,-1.177730192719486,0.0116140484645891,0.926446263184136,Procambarus clarkii (native),xgboost
9,3,stratified,0.0,1915,0.871386296818015,0.5551279065905637,0.2162941600576784,-0.4210526315789473,0.0116357600638769,0.9299137088746908,Procambarus clarkii (native),xgboost
9,10,plain,0.4699738903394248,1915,0.8690600738645409,0.5128630534517485,-1.4419610670511895,3.5028248587570623,0.0129888178092976,0.9188091610785902,Procambarus clarkii (native),xgboost
9,10,stratified,0.0,1915,0.8721981552163529,0.5551478592883564,-0.0720980533525594,3.896103896103896,0.0139654112424639,0.9146766373199798,Procambarus clarkii (native),xgboost
9,20,plain,0.5221932114882506,1915,0.856460393205873,0.5282751980336083,-4.758471521268925,2.2249690976514214,0.0149962094601991,0.9005966246083766,Procambarus clarkii (native),xgboost
9,20,stratified,0.0,1915,0.8426139560102658,0.5141202724406359,-1.4419610670511895,4.628632938643703,0.0159137755751952,0.8998099679014223,Procambarus clarkii (native),xgboost
10,3,plain,0.3655352480417804,1915,0.867154835788497,0.5636607493249421,-0.6526468455402465,-4.477611940298507,0.01253936769268,0.9229364286367296,Procambarus clarkii (native),xgboost
10,3,stratified,0.0,1915,0.8733146802969418,0.5775072374304812,0.290065264684554,-3.251121076233184,0.0127008278421998,0.9240126947110936,Procambarus clarkii (native),xgboost
10,10,plain,-0.8355091383811981,1915,0.8618997127478379,0.5347880794016354,-1.3778100072516315,0.8464328899637243,0.0162808643234265,0.898259879769654,Procambarus clarkii (native),xgboost
10,10,stratified,0.0,1915,0.8778478291591597,0.5510154894794299,-1.0877447425670776,-0.6637168141592921,0.0145602694411387,0.91017411125557,Procambarus clarkii (native),xgboost
10,20,plain,1.0443864229765012,1915,0.8783957483182979,0.5500425430189256,-3.4807831762146484,-1.6109045848822798,0.0190609058942082,0.8779416434991965,Procambarus clarkii (native),xgboost
10,20,stratified,0.0,1915,0.8785796017724702,0.5408682999822307,0.6526468455402465,2.258469259723965,0.0183997858668989,0.8880378891064479,Procambarus clarkii (native),xgboost
11,3,plain,0.3655352480417804,1915,0.8714665296262795,0.5468134197325696,3.3411033411033406,3.4869240348692405,0.0123496627082268,0.9215177861950592,Procambarus clarkii (native),xgboost
11,3,stratified,0.0,1915,0.8742683388515496,0.5589540621679445,1.9425019425019423,3.286978508217446,0.0118603889311072,0.9240138196335832,Procambarus clarkii (native),xgboost
11,10,plain,0.5744125326370764,1915,0.8596632495201303,0.5587193499708435,-0.1554001554001554,3.722721437740693,0.013203813848052,0.9152254123309708,Procambarus clarkii (native),xgboost
11,10,stratified,0.0,1915,0.8726575131021921,0.5544016790425557,0.6216006216006216,3.188775510204082,0.0138163350803422,0.9105460329067911,Procambarus clarkii (native),xgboost
11,20,plain,1.2532637075718045,1915,0.862100275206624,0.5373815508536313,-3.8850038850038846,3.75,0.0183023888834759,0.878960696553823,Procambarus clarkii (native),xgboost
11,20,stratified,0.0,1915,0.8736064176984875,0.5325216084245938,-0.8547008547008548,6.164383561643835,0.0166213034896102,0.8888590823667262,Procambarus clarkii (native),xgboost
12,3,plain,0.4699738903394248,1915,0.9034893783766186,0.5545959145158789,-0.3711952487008166,-2.5766871165644174,0.0122568016841128,0.9265009682584536,Procambarus clarkii (native),xgboost
12,3,stratified,0.0,1915,0.8919520492074996,0.5575062377846552,-3.34075723830735,-1.820388349514563,0.0124601667556679,0.9203847194889488,Procambarus clarkii (native),xgboost
12,10,plain,0.3133159268929475,1915,0.8871152656755535,0.5016402903807258,-0.5939123979213066,0.1239157372986369,0.0153743749394754,0.904544377926764,Procambarus clarkii (native),xgboost
12,10,stratified,0.0,1915,0.89261654135861,0.547299803151654,-5.642167780252413,-1.705237515225335,0.0160532341078092,0.8942767482281676,Procambarus clarkii (native),xgboost
12,20,plain,1.4099216710182816,1915,0.8826446799346629,0.5452377863483574,-2.89532293986637,2.1711366538952745,0.0178242440361566,0.8818618732428245,Procambarus clarkii (native),xgboost
12,20,stratified,0.0,1915,0.8922985662584613,0.5026314291232216,-2.0044543429844097,0.3726708074534161,0.0184307856531908,0.8837183867785078,Procambarus clarkii (native),xgboost
13,3,plain,0.1044386422976515,1915,0.9099180924136432,0.6012076336768878,-2.9213483146067416,1.7391304347826086,0.0119516715126113,0.9259861351005982,Procambarus clarkii (native),xgboost
13,3,stratified,0.0,1915,0.9031646095949504,0.5959746114213902,-3.295880149812734,2.0935960591133003,0.0119097488050406,0.9259461590096172,Procambarus clarkii (native),xgboost
13,10,plain,0.4699738903394248,1915,0.9058577028102324,0.5979643398033161,-4.49438202247191,2.203182374541004,0.0152202240288269,0.9011469554922018,Procambarus clarkii (native),xgboost
13,10,stratified,0.0,1915,0.9046129109008898,0.5682726988793001,-4.044943820224719,3.861003861003861,0.014669638129444,0.9037504018100124,Procambarus clarkii (native),xgboost
13,20,plain,0.6266318537859021,1915,0.8889503317149997,0.5779238513837499,-7.415730337078652,5.932203389830509,0.0175088525034364,0.8787144407216068,Procambarus clarkii (native),xgboost
13,20,stratified,0.0,1915,0.9002771784823697,0.5629716982450764,-7.940074906367041,4.156171284634761,0.0194930973522685,0.8637394525735845,Procambarus clarkii (native),xgboost
14,3,plain,0.1044386422976515,1915,0.8716034327270398,0.5374221680131952,1.70316301703163,-0.5298013245033113,0.012103792490073,0.9221073131881418,Procambarus clarkii (native),xgboost
14,3,stratified,0.0,1915,0.8653602146222485,0.5276498474975507,-0.6488240064882401,0.3783102143757881,0.0115023412353198,0.9262216874994688,Procambarus clarkii (native),xgboost
14,10,plain,-0.1044386422976444,1915,0.8784090386267979,0.5227059456453068,-2.02757502027575,0.7518796992481203,0.0141695264644277,0.9017494275330064,Procambarus clarkii (native),xgboost
14,10,stratified,0.0,1915,0.8657131683044803,0.5266540600430485,4.29845904298459,5.9760956175298805,0.0146169662010301,0.905775831040604,Procambarus clarkii (native),xgboost
14,20,plain,0.6788511749347279,1915,0.8730642501110986,0.5311104946946985,-0.08110300081103,5.383580080753701,0.0185064806144509,0.8739522074904702,Procambarus clarkii (native),xgboost
14,20,stratified,0.0,1915,0.853430908237604,0.4939293212554533,-0.08110300081103,9.142857142857142,0.0174790103328319,0.8816894080779909,Procambarus clarkii (native),xgboost
