entity,algorithm,axis,level,rho_full,jac5,jac10
Astacus astacus,random_forest,lowacc,3,0.9788699129125233,0.6666666666666666,0.8181818181818182
Astacus astacus,random_forest,lowacc,3,0.9787653105554016,1.0,0.8181818181818182
Astacus astacus,random_forest,lowacc,3,0.9730855704320192,0.6666666666666666,1.0
Astacus astacus,random_forest,lowacc,3,0.9787692884858455,0.6666666666666666,1.0
Astacus astacus,random_forest,lowacc,3,0.9770768544669948,0.6666666666666666,0.8181818181818182
Astacus astacus,random_forest,lowacc,3,0.9810584622524303,0.6666666666666666,1.0
Astacus astacus,random_forest,lowacc,3,0.9799142838491962,0.6666666666666666,0.8181818181818182
Astacus astacus,random_forest,lowacc,3,0.9737773401170688,0.6666666666666666,1.0
Astacus astacus,random_forest,lowacc,3,0.9812235707835579,0.6666666666666666,0.8181818181818182
Astacus astacus,random_forest,lowacc,3,0.9755190177899082,0.6666666666666666,1.0
Astacus astacus,random_forest,lowacc,3,0.9802360181240278,0.6666666666666666,1.0
Astacus astacus,random_forest,lowacc,3,0.9806155454531311,0.6666666666666666,1.0
Astacus astacus,random_forest,lowacc,3,0.9815294477068883,0.6666666666666666,0.8181818181818182
Astacus astacus,random_forest,lowacc,3,0.9787275202161844,0.6666666666666666,1.0
Astacus astacus,random_forest,lowacc,3,0.9771628580468498,0.6666666666666666,0.8181818181818182
Astacus astacus,random_forest,lowacc,3,0.977970262265836,0.6666666666666666,0.8181818181818182
Astacus astacus,random_forest,lowacc,3,0.979071298645293,0.6666666666666666,1.0
Astacus astacus,random_forest,lowacc,3,0.9783759706132026,0.6666666666666666,1.0
Astacus astacus,random_forest,lowacc,3,0.9770736019010914,0.6666666666666666,0.8181818181818182
Astacus astacus,random_forest,lowacc,3,0.9720410898056233,0.6666666666666666,1.0
Astacus astacus,random_forest,lowacc,3,0.977688783129015,0.6666666666666666,1.0
Astacus astacus,random_forest,lowacc,3,0.9792149641738163,0.6666666666666666,0.8181818181818182
Astacus astacus,random_forest,lowacc,3,0.9793987959785962,0.6666666666666666,1.0
Astacus astacus,random_forest,lowacc,3,0.9753599147104571,0.6666666666666666,0.8181818181818182
Astacus astacus,random_forest,lowacc,3,0.9695283738960806,0.6666666666666666,1.0
Astacus astacus,random_forest,lowacc,3,0.9767852956769393,0.6666666666666666,0.8181818181818182
Astacus astacus,random_forest,lowacc,3,0.9791581428034261,0.6666666666666666,0.8181818181818182
Astacus astacus,random_forest,lowacc,3,0.9821548681307816,0.6666666666666666,1.0
Astacus astacus,random_forest,lowacc,3,0.9742932356670647,1.0,1.0
Astacus astacus,random_forest,lowacc,3,0.9819316649362119,1.0,0.8181818181818182
Astacus astacus,random_forest,lowacc,10,0.9586637138092581,0.6666666666666666,0.8181818181818182
Astacus astacus,random_forest,lowacc,10,0.964432329924643,0.6666666666666666,0.8181818181818182
Astacus astacus,random_forest,lowacc,10,0.9628658834388648,1.0,0.8181818181818182
Astacus astacus,random_forest,lowacc,10,0.9635706107422284,0.6666666666666666,0.8181818181818182
Astacus astacus,random_forest,lowacc,10,0.9634401896508135,0.6666666666666666,0.8181818181818182
Astacus astacus,random_forest,lowacc,10,0.9599114119751251,0.6666666666666666,0.8181818181818182
Astacus astacus,random_forest,lowacc,10,0.9609725249210413,0.6666666666666666,1.0
Astacus astacus,random_forest,lowacc,10,0.9577716496003974,0.6666666666666666,0.8181818181818182
Astacus astacus,random_forest,lowacc,10,0.9558903090552511,0.6666666666666666,1.0
Astacus astacus,random_forest,lowacc,10,0.9587491260720031,0.6666666666666666,0.8181818181818182
Astacus astacus,random_forest,lowacc,10,0.9650155689954257,0.6666666666666666,0.8181818181818182
Astacus astacus,random_forest,lowacc,10,0.9649234366596148,0.6666666666666666,0.8181818181818182
Astacus astacus,random_forest,lowacc,10,0.964929905158171,0.6666666666666666,0.8181818181818182
Astacus astacus,random_forest,lowacc,10,0.942828358773008,0.6666666666666666,0.8181818181818182
Astacus astacus,random_forest,lowacc,10,0.9632954943194912,0.6666666666666666,0.8181818181818182
Astacus astacus,random_forest,lowacc,10,0.9520574510997339,0.6666666666666666,1.0
Astacus astacus,random_forest,lowacc,10,0.9592804127584578,0.6666666666666666,0.8181818181818182
Astacus astacus,random_forest,lowacc,10,0.968310300383087,0.6666666666666666,0.8181818181818182
Astacus astacus,random_forest,lowacc,10,0.960734008867001,0.6666666666666666,0.8181818181818182
Astacus astacus,random_forest,lowacc,10,0.9536099264141886,0.6666666666666666,0.8181818181818182
Astacus astacus,random_forest,lowacc,10,0.9544906026318776,0.6666666666666666,0.8181818181818182
Astacus astacus,random_forest,lowacc,10,0.9685970029220247,0.6666666666666666,1.0
Astacus astacus,random_forest,lowacc,10,0.9580521531896233,0.6666666666666666,1.0
Astacus astacus,random_forest,lowacc,10,0.9642871354634399,0.6666666666666666,1.0
Astacus astacus,random_forest,lowacc,10,0.9548734182250704,0.6666666666666666,0.8181818181818182
Astacus astacus,random_forest,lowacc,10,0.9624910372293247,0.6666666666666666,0.8181818181818182
Astacus astacus,random_forest,lowacc,10,0.953741200077031,0.6666666666666666,0.6666666666666666
Astacus astacus,random_forest,lowacc,10,0.9576151516263707,0.6666666666666666,0.8181818181818182
Astacus astacus,random_forest,lowacc,10,0.9613468310773906,0.6666666666666666,0.8181818181818182
Astacus astacus,random_forest,lowacc,10,0.9538344342125724,1.0,1.0
Astacus astacus,random_forest,lowacc,20,0.9176044936132294,0.6666666666666666,0.6666666666666666
Astacus astacus,random_forest,lowacc,20,0.9257694556824556,0.6666666666666666,1.0
Astacus astacus,random_forest,lowacc,20,0.9250494273586894,0.6666666666666666,0.8181818181818182
Astacus astacus,random_forest,lowacc,20,0.9325472284513817,0.42857142857142855,0.8181818181818182
Astacus astacus,random_forest,lowacc,20,0.9192435754292497,0.6666666666666666,0.8181818181818182
Astacus astacus,random_forest,lowacc,20,0.9286172472640912,0.6666666666666666,1.0
Astacus astacus,random_forest,lowacc,20,0.9250710818371324,0.6666666666666666,1.0
Astacus astacus,random_forest,lowacc,20,0.9148228372298401,0.6666666666666666,0.8181818181818182
Astacus astacus,random_forest,lowacc,20,0.9247257425990868,0.6666666666666666,0.8181818181818182
Astacus astacus,random_forest,lowacc,20,0.9336705012507526,0.6666666666666666,1.0
Astacus astacus,random_forest,lowacc,20,0.9266570566387827,0.6666666666666666,0.6666666666666666
Astacus astacus,random_forest,lowacc,20,0.9354986361804493,0.6666666666666666,0.6666666666666666
Astacus astacus,random_forest,lowacc,20,0.9091132184427249,0.6666666666666666,0.8181818181818182
Astacus astacus,random_forest,lowacc,20,0.9053729911063355,0.6666666666666666,0.8181818181818182
Astacus astacus,random_forest,lowacc,20,0.9120961907978701,0.6666666666666666,0.6666666666666666
Astacus astacus,random_forest,lowacc,20,0.9280645191489164,0.6666666666666666,0.8181818181818182
Astacus astacus,random_forest,lowacc,20,0.9262217153818946,0.6666666666666666,0.8181818181818182
Astacus astacus,random_forest,lowacc,20,0.902526687190508,0.6666666666666666,0.6666666666666666
Astacus astacus,random_forest,lowacc,20,0.9199987727563561,0.42857142857142855,0.6666666666666666
Astacus astacus,random_forest,lowacc,20,0.9280613137931172,0.6666666666666666,0.8181818181818182
Astacus astacus,random_forest,lowacc,20,0.931094070430313,0.6666666666666666,1.0
Astacus astacus,random_forest,lowacc,20,0.9192912724883151,0.6666666666666666,0.6666666666666666
Astacus astacus,random_forest,lowacc,20,0.9181276781454796,0.6666666666666666,0.8181818181818182
Astacus astacus,random_forest,lowacc,20,0.9344243006073915,0.6666666666666666,0.8181818181818182
Astacus astacus,random_forest,lowacc,20,0.9101725156019704,0.6666666666666666,0.6666666666666666
Astacus astacus,random_forest,lowacc,20,0.9392083268689907,0.6666666666666666,0.8181818181818182
Astacus astacus,random_forest,lowacc,20,0.9300692380827357,0.6666666666666666,0.6666666666666666
Astacus astacus,random_forest,lowacc,20,0.920243489588329,0.42857142857142855,1.0
Astacus astacus,random_forest,lowacc,20,0.9284148636123145,0.6666666666666666,0.8181818181818182
Astacus astacus,random_forest,lowacc,20,0.9241955626844643,0.6666666666666666,1.0
Astacus astacus,random_forest,snapping,1,0.9759010894125222,0.6666666666666666,0.8181818181818182
Astacus astacus,random_forest,snapping,1,0.981749977515489,0.6666666666666666,0.8181818181818182
Astacus astacus,random_forest,snapping,1,0.9780151365639185,0.6666666666666666,1.0
Astacus astacus,random_forest,snapping,1,0.9787430883338689,0.6666666666666666,1.0
Astacus astacus,random_forest,snapping,1,0.9812415406963363,0.6666666666666666,0.8181818181818182
Astacus astacus,random_forest,snapping,1,0.9793044664406134,0.6666666666666666,0.8181818181818182
Astacus astacus,random_forest,snapping,1,0.9811884891566941,0.6666666666666666,1.0
Astacus astacus,random_forest,snapping,1,0.9816157203603092,0.6666666666666666,1.0
Astacus astacus,random_forest,snapping,1,0.9781374655437096,0.6666666666666666,0.8181818181818182
Astacus astacus,random_forest,snapping,1,0.9812703298341691,1.0,1.0
Astacus astacus,random_forest,snapping,1,0.9778344748315237,1.0,1.0
Astacus astacus,random_forest,snapping,1,0.9758808137422522,1.0,0.8181818181818182
Astacus astacus,random_forest,snapping,1,0.982194216700679,0.6666666666666666,0.8181818181818182
Astacus astacus,random_forest,snapping,1,0.9814643363616031,0.6666666666666666,0.8181818181818182
Astacus astacus,random_forest,snapping,1,0.9819563090920608,0.6666666666666666,0.8181818181818182
Astacus astacus,random_forest,snapping,1,0.9836457723241641,0.6666666666666666,0.8181818181818182
Astacus astacus,random_forest,snapping,1,0.9814137365281336,0.6666666666666666,1.0
Astacus astacus,random_forest,snapping,1,0.9836113995202465,0.6666666666666666,0.8181818181818182
Astacus astacus,random_forest,snapping,1,0.9814568777420207,0.6666666666666666,0.8181818181818182
Astacus astacus,random_forest,snapping,1,0.9767312804205889,0.6666666666666666,1.0
Astacus astacus,random_forest,snapping,1,0.9806394130357947,0.6666666666666666,0.8181818181818182
Astacus astacus,random_forest,snapping,1,0.9800589945858643,0.6666666666666666,1.0
Astacus astacus,random_forest,snapping,1,0.9819321621933416,0.6666666666666666,0.8181818181818182
Astacus astacus,random_forest,snapping,1,0.9807183575398104,0.6666666666666666,1.0
Astacus astacus,random_forest,snapping,1,0.9834916808222747,0.6666666666666666,0.8181818181818182
Astacus astacus,random_forest,snapping,1,0.9814583411395154,0.6666666666666666,0.8181818181818182
Astacus astacus,random_forest,snapping,1,0.9797946000577665,0.6666666666666666,0.8181818181818182
Astacus astacus,random_forest,snapping,1,0.984377672757072,0.6666666666666666,1.0
Astacus astacus,random_forest,snapping,1,0.9791029374018294,0.6666666666666666,0.8181818181818182
Astacus astacus,random_forest,snapping,1,0.9786507623946311,0.6666666666666666,0.8181818181818182
Astacus astacus,random_forest,snapping,2,0.9808113527736154,0.6666666666666666,1.0
Astacus astacus,random_forest,snapping,2,0.9823379893353495,0.6666666666666666,0.8181818181818182
Astacus astacus,random_forest,snapping,2,0.9744421136835801,0.6666666666666666,0.8181818181818182
Astacus astacus,random_forest,snapping,2,0.9814702103198755,0.6666666666666666,0.8181818181818182
Astacus astacus,random_forest,snapping,2,0.9803758751438848,0.6666666666666666,1.0
Astacus astacus,random_forest,snapping,2,0.978774758140206,0.6666666666666666,0.8181818181818182
Astacus astacus,random_forest,snapping,2,0.9849078349240399,0.6666666666666666,1.0
Astacus astacus,random_forest,snapping,2,0.9764242984891532,0.6666666666666666,0.8181818181818182
Astacus astacus,random_forest,snapping,2,0.9802683398374566,0.6666666666666666,1.0
Astacus astacus,random_forest,snapping,2,0.9818096473622355,1.0,0.8181818181818182
Astacus astacus,random_forest,snapping,2,0.9809223119735259,0.6666666666666666,0.8181818181818182
Astacus astacus,random_forest,snapping,2,0.9783985211232258,0.6666666666666666,0.8181818181818182
Astacus astacus,random_forest,snapping,2,0.9815855968508442,0.6666666666666666,1.0
Astacus astacus,random_forest,snapping,2,0.9806963074716899,0.6666666666666666,1.0
Astacus astacus,random_forest,snapping,2,0.9771527570016965,1.0,0.8181818181818182
Astacus astacus,random_forest,snapping,2,0.9816453321968016,1.0,1.0
Astacus astacus,random_forest,snapping,2,0.9820694598199444,0.6666666666666666,0.8181818181818182
Astacus astacus,random_forest,snapping,2,0.9790054781059534,0.6666666666666666,0.8181818181818182
Astacus astacus,random_forest,snapping,2,0.976769881196469,0.6666666666666666,1.0
Astacus astacus,random_forest,snapping,2,0.9796807317988092,0.6666666666666666,1.0
Astacus astacus,random_forest,snapping,2,0.9806003384681726,1.0,0.8181818181818182
Astacus astacus,random_forest,snapping,2,0.9827146400378912,0.6666666666666666,0.8181818181818182
Astacus astacus,random_forest,snapping,2,0.980622506831408,0.6666666666666666,1.0
Astacus astacus,random_forest,snapping,2,0.9854646740998217,0.6666666666666666,0.8181818181818182
Astacus astacus,random_forest,snapping,2,0.9795509518180764,0.6666666666666666,1.0
Astacus astacus,random_forest,snapping,2,0.9809392495430053,1.0,0.8181818181818182
Astacus astacus,random_forest,snapping,2,0.9796792400748927,0.6666666666666666,0.8181818181818182
Astacus astacus,random_forest,snapping,2,0.9771450678059822,0.6666666666666666,0.8181818181818182
Astacus astacus,random_forest,snapping,2,0.9789850912124284,0.6666666666666666,0.8181818181818182
Astacus astacus,random_forest,snapping,2,0.9816159689846707,0.6666666666666666,0.8181818181818182
Astacus astacus,random_forest,snapping,5,0.9821896714577836,0.6666666666666666,1.0
Astacus astacus,random_forest,snapping,5,0.9795555700224611,0.6666666666666666,0.8181818181818182
Astacus astacus,random_forest,snapping,5,0.9831440303370581,0.6666666666666666,1.0
Astacus astacus,random_forest,snapping,5,0.9789174001655592,0.6666666666666666,1.0
Astacus astacus,random_forest,snapping,5,0.9803488954924635,0.6666666666666666,0.8181818181818182
Astacus astacus,random_forest,snapping,5,0.9794571175289841,0.6666666666666666,0.8181818181818182
Astacus astacus,random_forest,snapping,5,0.9812157157088579,0.6666666666666666,0.8181818181818182
Astacus astacus,random_forest,snapping,5,0.9861725076568525,0.6666666666666666,1.0
Astacus astacus,random_forest,snapping,5,0.9816519654637961,0.6666666666666666,1.0
Astacus astacus,random_forest,snapping,5,0.9834900974401706,0.6666666666666666,1.0
Astacus astacus,random_forest,snapping,5,0.9785067329255691,0.6666666666666666,0.8181818181818182
Astacus astacus,random_forest,snapping,5,0.9852369061463582,1.0,0.8181818181818182
Astacus astacus,random_forest,snapping,5,0.9808721219667641,0.6666666666666666,0.8181818181818182
Astacus astacus,random_forest,snapping,5,0.9751480806175156,0.6666666666666666,0.8181818181818182
Astacus astacus,random_forest,snapping,5,0.9769303942688997,1.0,0.8181818181818182
Astacus astacus,random_forest,snapping,5,0.9791153684344668,0.42857142857142855,1.0
Astacus astacus,random_forest,snapping,5,0.9816975425338781,0.6666666666666666,0.8181818181818182
Astacus astacus,random_forest,snapping,5,0.981543867919852,0.6666666666666666,0.8181818181818182
Astacus astacus,random_forest,snapping,5,0.9836628933524382,0.6666666666666666,0.8181818181818182
Astacus astacus,random_forest,snapping,5,0.9806313375421176,0.6666666666666666,0.8181818181818182
Astacus astacus,random_forest,snapping,5,0.9781263554778464,0.6666666666666666,1.0
Astacus astacus,random_forest,snapping,5,0.982027138305109,0.6666666666666666,0.6666666666666666
Astacus astacus,random_forest,snapping,5,0.9712590239600039,1.0,0.8181818181818182
Astacus astacus,random_forest,snapping,5,0.9814142337629491,0.6666666666666666,0.8181818181818182
Astacus astacus,random_forest,snapping,5,0.9796789365846618,0.6666666666666666,0.8181818181818182
Astacus astacus,random_forest,snapping,5,0.9748057344470163,0.6666666666666666,0.8181818181818182
Astacus astacus,random_forest,snapping,5,0.9716308923042264,0.6666666666666666,1.0
Astacus astacus,random_forest,snapping,5,0.9796788842567149,0.6666666666666666,0.8181818181818182
Astacus astacus,random_forest,snapping,5,0.9794816619177965,0.6666666666666666,1.0
Astacus astacus,random_forest,snapping,5,0.9739351085138684,0.6666666666666666,0.8181818181818182
Astacus astacus,xgboost,lowacc,3,0.6628857226336082,0.6666666666666666,0.3333333333333333
Astacus astacus,xgboost,lowacc,3,0.5971050325579854,0.42857142857142855,0.42857142857142855
Astacus astacus,xgboost,lowacc,3,0.6073009429909277,0.6666666666666666,0.42857142857142855
Astacus astacus,xgboost,lowacc,3,0.6820771823259154,0.42857142857142855,0.3333333333333333
Astacus astacus,xgboost,lowacc,3,0.6514772350965737,0.42857142857142855,0.42857142857142855
Astacus astacus,xgboost,lowacc,3,0.6463780526082042,0.6666666666666666,0.3333333333333333
Astacus astacus,xgboost,lowacc,3,0.6428254771888559,0.42857142857142855,0.3333333333333333
Astacus astacus,xgboost,lowacc,3,0.6986969519097062,0.6666666666666666,0.5384615384615384
Astacus astacus,xgboost,lowacc,3,0.6549688527079167,0.6666666666666666,0.42857142857142855
Astacus astacus,xgboost,lowacc,3,0.6827033472922911,0.42857142857142855,0.3333333333333333
Astacus astacus,xgboost,lowacc,3,0.6753084141363423,0.6666666666666666,0.42857142857142855
Astacus astacus,xgboost,lowacc,3,0.6563147521658904,0.6666666666666666,0.3333333333333333
Astacus astacus,xgboost,lowacc,3,0.6750692748807121,0.42857142857142855,0.3333333333333333
Astacus astacus,xgboost,lowacc,3,0.745376237327405,0.6666666666666666,0.5384615384615384
Astacus astacus,xgboost,lowacc,3,0.6178858023056423,0.42857142857142855,0.42857142857142855
Astacus astacus,xgboost,lowacc,3,0.5923537042875274,0.42857142857142855,0.3333333333333333
Astacus astacus,xgboost,lowacc,3,0.6937165428815962,0.42857142857142855,0.3333333333333333
Astacus astacus,xgboost,lowacc,3,0.6400739737454115,0.42857142857142855,0.42857142857142855
Astacus astacus,xgboost,lowacc,3,0.6895439723790803,0.6666666666666666,0.5384615384615384
Astacus astacus,xgboost,lowacc,3,0.6484588927514819,0.6666666666666666,0.25
Astacus astacus,xgboost,lowacc,3,0.6013894373559217,0.42857142857142855,0.3333333333333333
Astacus astacus,xgboost,lowacc,3,0.6942431013878911,0.42857142857142855,0.5384615384615384
Astacus astacus,xgboost,lowacc,3,0.6694191346090401,0.42857142857142855,0.3333333333333333
Astacus astacus,xgboost,lowacc,3,0.7046502227812417,0.25,0.42857142857142855
Astacus astacus,xgboost,lowacc,3,0.6684326181464044,0.42857142857142855,0.42857142857142855
Astacus astacus,xgboost,lowacc,3,0.6776429309184018,0.6666666666666666,0.5384615384615384
Astacus astacus,xgboost,lowacc,3,0.690790235376282,0.42857142857142855,0.25
Astacus astacus,xgboost,lowacc,3,0.6552187545574801,0.6666666666666666,0.42857142857142855
Astacus astacus,xgboost,lowacc,3,0.6901919478418093,0.25,0.42857142857142855
Astacus astacus,xgboost,lowacc,3,0.6479522832722601,0.6666666666666666,0.5384615384615384
Astacus astacus,xgboost,lowacc,10,0.6709948968394007,0.6666666666666666,0.42857142857142855
Astacus astacus,xgboost,lowacc,10,0.6757878762603218,0.42857142857142855,0.3333333333333333
Astacus astacus,xgboost,lowacc,10,0.6115083238647299,0.25,0.3333333333333333
Astacus astacus,xgboost,lowacc,10,0.6746739902308276,0.42857142857142855,0.3333333333333333
Astacus astacus,xgboost,lowacc,10,0.6132777831774919,0.25,0.42857142857142855
Astacus astacus,xgboost,lowacc,10,0.6368635330855772,0.42857142857142855,0.3333333333333333
Astacus astacus,xgboost,lowacc,10,0.6472882899814361,0.25,0.42857142857142855
Astacus astacus,xgboost,lowacc,10,0.6657577770440468,0.42857142857142855,0.3333333333333333
Astacus astacus,xgboost,lowacc,10,0.6272897858075678,0.42857142857142855,0.3333333333333333
Astacus astacus,xgboost,lowacc,10,0.6569883707595283,0.42857142857142855,0.42857142857142855
Astacus astacus,xgboost,lowacc,10,0.6676162490405575,0.6666666666666666,0.3333333333333333
Astacus astacus,xgboost,lowacc,10,0.5936457219730087,0.42857142857142855,0.25
Astacus astacus,xgboost,lowacc,10,0.6124287176087827,0.6666666666666666,0.42857142857142855
Astacus astacus,xgboost,lowacc,10,0.5948435235533065,0.25,0.3333333333333333
Astacus astacus,xgboost,lowacc,10,0.6295958247023776,0.42857142857142855,0.42857142857142855
Astacus astacus,xgboost,lowacc,10,0.6089037777092263,0.42857142857142855,0.25
Astacus astacus,xgboost,lowacc,10,0.5651666198906612,0.42857142857142855,0.25
Astacus astacus,xgboost,lowacc,10,0.6460270138784915,0.6666666666666666,0.42857142857142855
Astacus astacus,xgboost,lowacc,10,0.5994188750190172,0.42857142857142855,0.3333333333333333
Astacus astacus,xgboost,lowacc,10,0.6653841296289217,0.25,0.3333333333333333
Astacus astacus,xgboost,lowacc,10,0.679034440803935,0.25,0.3333333333333333
Astacus astacus,xgboost,lowacc,10,0.5817902991206324,0.6666666666666666,0.25
Astacus astacus,xgboost,lowacc,10,0.5769251897281263,0.25,0.3333333333333333
Astacus astacus,xgboost,lowacc,10,0.6149994114142315,0.6666666666666666,0.5384615384615384
Astacus astacus,xgboost,lowacc,10,0.6440040145009371,0.25,0.3333333333333333
Astacus astacus,xgboost,lowacc,10,0.6729439266942644,0.25,0.42857142857142855
Astacus astacus,xgboost,lowacc,10,0.6157694556918971,0.42857142857142855,0.5384615384615384
Astacus astacus,xgboost,lowacc,10,0.6524152701311873,0.25,0.3333333333333333
Astacus astacus,xgboost,lowacc,10,0.670959050328977,0.42857142857142855,0.3333333333333333
Astacus astacus,xgboost,lowacc,10,0.5970871093027735,0.42857142857142855,0.25
Astacus astacus,xgboost,lowacc,20,0.6289036255789362,0.25,0.25
Astacus astacus,xgboost,lowacc,20,0.6033370977556111,0.42857142857142855,0.3333333333333333
Astacus astacus,xgboost,lowacc,20,0.6284662483649466,0.25,0.42857142857142855
Astacus astacus,xgboost,lowacc,20,0.6477398303111659,0.42857142857142855,0.3333333333333333
Astacus astacus,xgboost,lowacc,20,0.5966728344040149,0.42857142857142855,0.42857142857142855
Astacus astacus,xgboost,lowacc,20,0.6396153403320842,0.42857142857142855,0.3333333333333333
Astacus astacus,xgboost,lowacc,20,0.6265933333380852,0.42857142857142855,0.3333333333333333
Astacus astacus,xgboost,lowacc,20,0.6218999184176427,0.1111111111111111,0.25
Astacus astacus,xgboost,lowacc,20,0.6283895001039219,0.25,0.3333333333333333
Astacus astacus,xgboost,lowacc,20,0.6199300239616161,0.25,0.42857142857142855
Astacus astacus,xgboost,lowacc,20,0.6492081843929779,0.25,0.42857142857142855
Astacus astacus,xgboost,lowacc,20,0.6009596559164881,0.1111111111111111,0.3333333333333333
Astacus astacus,xgboost,lowacc,20,0.6429853297570584,0.25,0.3333333333333333
Astacus astacus,xgboost,lowacc,20,0.5419260199364706,0.25,0.25
Astacus astacus,xgboost,lowacc,20,0.5474185329673928,0.25,0.3333333333333333
Astacus astacus,xgboost,lowacc,20,0.6268229837415034,0.42857142857142855,0.3333333333333333
Astacus astacus,xgboost,lowacc,20,0.6354287311686688,0.25,0.42857142857142855
Astacus astacus,xgboost,lowacc,20,0.6465728947732532,0.42857142857142855,0.3333333333333333
Astacus astacus,xgboost,lowacc,20,0.5659118361309382,0.42857142857142855,0.3333333333333333
Astacus astacus,xgboost,lowacc,20,0.6338949167832846,0.42857142857142855,0.25
Astacus astacus,xgboost,lowacc,20,0.5681266139578016,0.25,0.25
Astacus astacus,xgboost,lowacc,20,0.6326268136119195,0.6666666666666666,0.25
Astacus astacus,xgboost,lowacc,20,0.7360700046339808,0.25,0.25
Astacus astacus,xgboost,lowacc,20,0.5883765898342422,0.25,0.3333333333333333
Astacus astacus,xgboost,lowacc,20,0.6290350627838232,0.42857142857142855,0.3333333333333333
Astacus astacus,xgboost,lowacc,20,0.6138140446880981,0.25,0.25
Astacus astacus,xgboost,lowacc,20,0.6187694248300353,0.42857142857142855,0.3333333333333333
Astacus astacus,xgboost,lowacc,20,0.5921392599688602,0.42857142857142855,0.25
Astacus astacus,xgboost,lowacc,20,0.6817980188861182,0.42857142857142855,0.42857142857142855
Astacus astacus,xgboost,lowacc,20,0.5900488822846528,0.42857142857142855,0.25
Astacus astacus,xgboost,snapping,1,0.7260501581682475,0.6666666666666666,0.42857142857142855
Astacus astacus,xgboost,snapping,1,0.6714425688935691,0.6666666666666666,0.42857142857142855
Astacus astacus,xgboost,snapping,1,0.6565188810466176,0.42857142857142855,0.3333333333333333
Astacus astacus,xgboost,snapping,1,0.71273376479697,1.0,0.42857142857142855
Astacus astacus,xgboost,snapping,1,0.7002402262717959,0.6666666666666666,0.5384615384615384
Astacus astacus,xgboost,snapping,1,0.7194574686438369,0.6666666666666666,0.3333333333333333
Astacus astacus,xgboost,snapping,1,0.710361219726122,0.25,0.42857142857142855
Astacus astacus,xgboost,snapping,1,0.69064057293637,0.42857142857142855,0.5384615384615384
Astacus astacus,xgboost,snapping,1,0.6571632343594447,0.42857142857142855,0.42857142857142855
Astacus astacus,xgboost,snapping,1,0.7279659563761058,0.25,0.5384615384615384
Astacus astacus,xgboost,snapping,1,0.6971483726638382,0.6666666666666666,0.42857142857142855
Astacus astacus,xgboost,snapping,1,0.5743095460742071,0.42857142857142855,0.42857142857142855
Astacus astacus,xgboost,snapping,1,0.7221824690539871,0.42857142857142855,0.42857142857142855
Astacus astacus,xgboost,snapping,1,0.6589513139037744,0.42857142857142855,0.42857142857142855
Astacus astacus,xgboost,snapping,1,0.6467972958797865,0.42857142857142855,0.3333333333333333
Astacus astacus,xgboost,snapping,1,0.6963978749589176,0.42857142857142855,0.42857142857142855
Astacus astacus,xgboost,snapping,1,0.6846213647348575,0.6666666666666666,0.5384615384615384
Astacus astacus,xgboost,snapping,1,0.6372279702763838,0.6666666666666666,0.42857142857142855
Astacus astacus,xgboost,snapping,1,0.5986120796003831,0.25,0.42857142857142855
Astacus astacus,xgboost,snapping,1,0.6664595664684984,0.42857142857142855,0.3333333333333333
Astacus astacus,xgboost,snapping,1,0.6296792971701812,0.42857142857142855,0.5384615384615384
Astacus astacus,xgboost,snapping,1,0.692878942518988,1.0,0.5384615384615384
Astacus astacus,xgboost,snapping,1,0.6466620980608258,0.1111111111111111,0.5384615384615384
Astacus astacus,xgboost,snapping,1,0.6609219428832217,0.6666666666666666,0.42857142857142855
Astacus astacus,xgboost,snapping,1,0.6508696673673904,0.25,0.3333333333333333
Astacus astacus,xgboost,snapping,1,0.6452406018231227,0.42857142857142855,0.3333333333333333
Astacus astacus,xgboost,snapping,1,0.6457778362666912,0.42857142857142855,0.5384615384615384
Astacus astacus,xgboost,snapping,1,0.6084860032646803,0.42857142857142855,0.6666666666666666
Astacus astacus,xgboost,snapping,1,0.658009000570204,0.6666666666666666,0.5384615384615384
Astacus astacus,xgboost,snapping,1,0.664153938832772,0.6666666666666666,0.5384615384615384
Astacus astacus,xgboost,snapping,2,0.6530186724376691,0.42857142857142855,0.3333333333333333
Astacus astacus,xgboost,snapping,2,0.6793174963475346,0.6666666666666666,0.5384615384615384
Astacus astacus,xgboost,snapping,2,0.6680376740339352,0.25,0.5384615384615384
Astacus astacus,xgboost,snapping,2,0.645105015322086,0.42857142857142855,0.42857142857142855
Astacus astacus,xgboost,snapping,2,0.7053020152291111,0.6666666666666666,0.42857142857142855
Astacus astacus,xgboost,snapping,2,0.6715895658599002,0.6666666666666666,0.5384615384615384
Astacus astacus,xgboost,snapping,2,0.6793960399042678,0.6666666666666666,0.42857142857142855
Astacus astacus,xgboost,snapping,2,0.6966951896432628,0.42857142857142855,0.3333333333333333
Astacus astacus,xgboost,snapping,2,0.6467795833117701,0.6666666666666666,0.3333333333333333
Astacus astacus,xgboost,snapping,2,0.6588026676819182,0.42857142857142855,0.5384615384615384
Astacus astacus,xgboost,snapping,2,0.6449485400470821,0.25,0.3333333333333333
Astacus astacus,xgboost,snapping,2,0.6412961911520091,0.42857142857142855,0.6666666666666666
Astacus astacus,xgboost,snapping,2,0.691463989775644,0.6666666666666666,0.3333333333333333
Astacus astacus,xgboost,snapping,2,0.7401359755288154,0.6666666666666666,0.42857142857142855
Astacus astacus,xgboost,snapping,2,0.6349799405237712,0.6666666666666666,0.5384615384615384
Astacus astacus,xgboost,snapping,2,0.7044044935093194,0.42857142857142855,0.5384615384615384
Astacus astacus,xgboost,snapping,2,0.6987751271795983,0.42857142857142855,0.25
Astacus astacus,xgboost,snapping,2,0.7091878977074133,0.42857142857142855,0.5384615384615384
Astacus astacus,xgboost,snapping,2,0.683675413332973,0.6666666666666666,0.42857142857142855
Astacus astacus,xgboost,snapping,2,0.7193827072294335,0.6666666666666666,0.42857142857142855
Astacus astacus,xgboost,snapping,2,0.7103901940450684,0.42857142857142855,0.3333333333333333
Astacus astacus,xgboost,snapping,2,0.65955613663304,0.25,0.42857142857142855
Astacus astacus,xgboost,snapping,2,0.633828749234697,0.42857142857142855,0.3333333333333333
Astacus astacus,xgboost,snapping,2,0.6753581483252983,0.42857142857142855,0.5384615384615384
Astacus astacus,xgboost,snapping,2,0.6465654999856284,0.42857142857142855,0.3333333333333333
Astacus astacus,xgboost,snapping,2,0.6825728840483949,0.6666666666666666,0.5384615384615384
Astacus astacus,xgboost,snapping,2,0.6346410320370208,0.42857142857142855,0.42857142857142855
Astacus astacus,xgboost,snapping,2,0.6406044227467379,0.42857142857142855,0.42857142857142855
Astacus astacus,xgboost,snapping,2,0.6740987895107448,0.6666666666666666,0.5384615384615384
Astacus astacus,xgboost,snapping,2,0.6773679238654904,0.6666666666666666,0.5384615384615384
Astacus astacus,xgboost,snapping,5,0.6783875645165347,0.6666666666666666,0.6666666666666666
Astacus astacus,xgboost,snapping,5,0.6712809221413159,0.25,0.3333333333333333
Astacus astacus,xgboost,snapping,5,0.6466197676194644,0.42857142857142855,0.3333333333333333
Astacus astacus,xgboost,snapping,5,0.6915470198576562,0.42857142857142855,0.5384615384615384
Astacus astacus,xgboost,snapping,5,0.6548645609997823,0.42857142857142855,0.42857142857142855
Astacus astacus,xgboost,snapping,5,0.6233147013986368,0.42857142857142855,0.42857142857142855
Astacus astacus,xgboost,snapping,5,0.6836391161959168,0.42857142857142855,0.25
Astacus astacus,xgboost,snapping,5,0.7249376608275953,0.6666666666666666,0.42857142857142855
Astacus astacus,xgboost,snapping,5,0.6661777823953466,0.42857142857142855,0.3333333333333333
Astacus astacus,xgboost,snapping,5,0.6579680651065167,0.25,0.42857142857142855
Astacus astacus,xgboost,snapping,5,0.6363465268756274,0.42857142857142855,0.3333333333333333
Astacus astacus,xgboost,snapping,5,0.6446139025309175,0.42857142857142855,0.42857142857142855
Astacus astacus,xgboost,snapping,5,0.6455167559351341,0.25,0.3333333333333333
Astacus astacus,xgboost,snapping,5,0.6951692382312675,0.42857142857142855,0.3333333333333333
Astacus astacus,xgboost,snapping,5,0.6800832110958706,0.42857142857142855,0.25
Astacus astacus,xgboost,snapping,5,0.7147749160955919,0.6666666666666666,0.42857142857142855
Astacus astacus,xgboost,snapping,5,0.6840941167746037,0.6666666666666666,0.6666666666666666
Astacus astacus,xgboost,snapping,5,0.5970782429754078,0.42857142857142855,0.3333333333333333
Astacus astacus,xgboost,snapping,5,0.7073268543946525,0.42857142857142855,0.3333333333333333
Astacus astacus,xgboost,snapping,5,0.7079828998328078,0.42857142857142855,0.5384615384615384
Astacus astacus,xgboost,snapping,5,0.6777405130856663,0.6666666666666666,0.42857142857142855
Astacus astacus,xgboost,snapping,5,0.6200594622038761,0.42857142857142855,0.42857142857142855
Astacus astacus,xgboost,snapping,5,0.638720590753035,0.6666666666666666,0.42857142857142855
Astacus astacus,xgboost,snapping,5,0.6962740164747034,0.42857142857142855,0.3333333333333333
Astacus astacus,xgboost,snapping,5,0.7060930791189172,0.6666666666666666,0.42857142857142855
Astacus astacus,xgboost,snapping,5,0.5925806552874903,0.42857142857142855,0.5384615384615384
Astacus astacus,xgboost,snapping,5,0.6824201936679042,0.6666666666666666,0.42857142857142855
Astacus astacus,xgboost,snapping,5,0.6953643005750333,0.42857142857142855,0.42857142857142855
Astacus astacus,xgboost,snapping,5,0.6812591777127974,0.6666666666666666,0.42857142857142855
Astacus astacus,xgboost,snapping,5,0.6446881276353358,0.42857142857142855,0.42857142857142855
Austropotamobius fulcisianus (pooled),random_forest,lowacc,3,0.9457848071445234,0.6666666666666666,0.8181818181818182
Austropotamobius fulcisianus (pooled),random_forest,lowacc,3,0.929964197875377,0.42857142857142855,0.8181818181818182
Austropotamobius fulcisianus (pooled),random_forest,lowacc,3,0.9424702173646692,0.42857142857142855,0.8181818181818182
Austropotamobius fulcisianus (pooled),random_forest,lowacc,3,0.9478621895541439,0.42857142857142855,0.8181818181818182
Austropotamobius fulcisianus (pooled),random_forest,lowacc,3,0.9316879408007879,0.6666666666666666,0.6666666666666666
Austropotamobius fulcisianus (pooled),random_forest,lowacc,3,0.9473937875657858,0.6666666666666666,0.8181818181818182
Austropotamobius fulcisianus (pooled),random_forest,lowacc,3,0.9444385229976188,0.42857142857142855,0.8181818181818182
Austropotamobius fulcisianus (pooled),random_forest,lowacc,3,0.9393930484004778,0.42857142857142855,0.8181818181818182
Austropotamobius fulcisianus (pooled),random_forest,lowacc,3,0.929493520727137,0.42857142857142855,0.8181818181818182
Austropotamobius fulcisianus (pooled),random_forest,lowacc,3,0.9440169458573218,0.6666666666666666,0.8181818181818182
Austropotamobius fulcisianus (pooled),random_forest,lowacc,3,0.9417133766638422,0.42857142857142855,0.6666666666666666
Austropotamobius fulcisianus (pooled),random_forest,lowacc,3,0.9461543524212509,1.0,0.8181818181818182
Austropotamobius fulcisianus (pooled),random_forest,lowacc,3,0.9464503137289267,0.42857142857142855,0.8181818181818182
Austropotamobius fulcisianus (pooled),random_forest,lowacc,3,0.9408865711266667,0.42857142857142855,0.8181818181818182
Austropotamobius fulcisianus (pooled),random_forest,lowacc,3,0.9430186321518765,0.42857142857142855,0.6666666666666666
Austropotamobius fulcisianus (pooled),random_forest,lowacc,3,0.9379402918999491,0.42857142857142855,0.8181818181818182
Austropotamobius fulcisianus (pooled),random_forest,lowacc,3,0.9410747969233763,0.42857142857142855,0.6666666666666666
Austropotamobius fulcisianus (pooled),random_forest,lowacc,3,0.9384846734461764,0.42857142857142855,0.6666666666666666
Austropotamobius fulcisianus (pooled),random_forest,lowacc,3,0.9396060913363825,0.42857142857142855,0.8181818181818182
Austropotamobius fulcisianus (pooled),random_forest,lowacc,3,0.9334767849449009,0.42857142857142855,0.8181818181818182
Austropotamobius fulcisianus (pooled),random_forest,lowacc,3,0.9434570448428221,0.25,0.8181818181818182
Austropotamobius fulcisianus (pooled),random_forest,lowacc,3,0.9382464111630809,0.6666666666666666,0.8181818181818182
Austropotamobius fulcisianus (pooled),random_forest,lowacc,3,0.9438427478157685,0.6666666666666666,0.8181818181818182
Austropotamobius fulcisianus (pooled),random_forest,lowacc,3,0.9445229824018098,0.42857142857142855,0.8181818181818182
Austropotamobius fulcisianus (pooled),random_forest,lowacc,3,0.9368324712923729,0.42857142857142855,0.8181818181818182
Austropotamobius fulcisianus (pooled),random_forest,lowacc,3,0.949003393190168,0.42857142857142855,0.8181818181818182
Austropotamobius fulcisianus (pooled),random_forest,lowacc,3,0.9448485474126413,0.6666666666666666,0.6666666666666666
Austropotamobius fulcisianus (pooled),random_forest,lowacc,3,0.9387987464557114,0.6666666666666666,1.0
Austropotamobius fulcisianus (pooled),random_forest,lowacc,3,0.9274223993193887,0.42857142857142855,0.8181818181818182
Austropotamobius fulcisianus (pooled),random_forest,lowacc,3,0.9342304508196444,0.6666666666666666,0.6666666666666666
Austropotamobius fulcisianus (pooled),random_forest,lowacc,10,0.9383465896230188,0.6666666666666666,0.8181818181818182
Austropotamobius fulcisianus (pooled),random_forest,lowacc,10,0.9336216309164559,0.6666666666666666,0.6666666666666666
Austropotamobius fulcisianus (pooled),random_forest,lowacc,10,0.9235662054932668,0.25,0.8181818181818182
Austropotamobius fulcisianus (pooled),random_forest,lowacc,10,0.9386939473222203,0.42857142857142855,0.8181818181818182
Austropotamobius fulcisianus (pooled),random_forest,lowacc,10,0.9496173432475149,0.42857142857142855,0.8181818181818182
Austropotamobius fulcisianus (pooled),random_forest,lowacc,10,0.9394642030027327,0.25,0.6666666666666666
Austropotamobius fulcisianus (pooled),random_forest,lowacc,10,0.9423881964472086,0.42857142857142855,0.8181818181818182
Austropotamobius fulcisianus (pooled),random_forest,lowacc,10,0.9405382975684482,0.42857142857142855,0.6666666666666666
Austropotamobius fulcisianus (pooled),random_forest,lowacc,10,0.9190868125151038,0.42857142857142855,0.6666666666666666
Austropotamobius fulcisianus (pooled),random_forest,lowacc,10,0.9370544228661175,0.42857142857142855,0.8181818181818182
Austropotamobius fulcisianus (pooled),random_forest,lowacc,10,0.9433040696269711,0.42857142857142855,0.8181818181818182
Austropotamobius fulcisianus (pooled),random_forest,lowacc,10,0.9391378640802306,0.42857142857142855,0.6666666666666666
Austropotamobius fulcisianus (pooled),random_forest,lowacc,10,0.9316323677837443,0.42857142857142855,0.8181818181818182
Austropotamobius fulcisianus (pooled),random_forest,lowacc,10,0.9350725138749143,0.6666666666666666,0.6666666666666666
Austropotamobius fulcisianus (pooled),random_forest,lowacc,10,0.9414436653772525,0.42857142857142855,0.8181818181818182
Austropotamobius fulcisianus (pooled),random_forest,lowacc,10,0.9380028831308294,0.42857142857142855,0.8181818181818182
Austropotamobius fulcisianus (pooled),random_forest,lowacc,10,0.9315417383352051,0.6666666666666666,0.8181818181818182
Austropotamobius fulcisianus (pooled),random_forest,lowacc,10,0.9282434565619876,0.6666666666666666,0.8181818181818182
Austropotamobius fulcisianus (pooled),random_forest,lowacc,10,0.9389405804403839,0.6666666666666666,0.8181818181818182
Austropotamobius fulcisianus (pooled),random_forest,lowacc,10,0.9304304606434691,0.42857142857142855,0.6666666666666666
Austropotamobius fulcisianus (pooled),random_forest,lowacc,10,0.93837907993435,0.25,0.8181818181818182
Austropotamobius fulcisianus (pooled),random_forest,lowacc,10,0.9439882706376579,0.42857142857142855,0.6666666666666666
Austropotamobius fulcisianus (pooled),random_forest,lowacc,10,0.9557959247207322,0.42857142857142855,0.6666666666666666
Austropotamobius fulcisianus (pooled),random_forest,lowacc,10,0.9149762368449733,0.42857142857142855,1.0
Austropotamobius fulcisianus (pooled),random_forest,lowacc,10,0.9511276467314952,0.42857142857142855,0.8181818181818182
Austropotamobius fulcisianus (pooled),random_forest,lowacc,10,0.9304703966511471,0.42857142857142855,0.8181818181818182
Austropotamobius fulcisianus (pooled),random_forest,lowacc,10,0.9285885718300851,0.42857142857142855,0.8181818181818182
Austropotamobius fulcisianus (pooled),random_forest,lowacc,10,0.9503218976415196,0.6666666666666666,0.8181818181818182
Austropotamobius fulcisianus (pooled),random_forest,lowacc,10,0.9284536450940135,0.42857142857142855,0.6666666666666666
Austropotamobius fulcisianus (pooled),random_forest,lowacc,10,0.9276653479740052,0.42857142857142855,0.8181818181818182
Austropotamobius fulcisianus (pooled),random_forest,lowacc,20,0.9251357386885556,0.42857142857142855,0.6666666666666666
Austropotamobius fulcisianus (pooled),random_forest,lowacc,20,0.9376346765489322,0.25,0.5384615384615384
Austropotamobius fulcisianus (pooled),random_forest,lowacc,20,0.9327961614372722,0.42857142857142855,0.6666666666666666
Austropotamobius fulcisianus (pooled),random_forest,lowacc,20,0.9438441015164372,0.25,0.6666666666666666
Austropotamobius fulcisianus (pooled),random_forest,lowacc,20,0.9234204321841323,0.42857142857142855,0.6666666666666666
Austropotamobius fulcisianus (pooled),random_forest,lowacc,20,0.936437883570153,0.25,0.6666666666666666
Austropotamobius fulcisianus (pooled),random_forest,lowacc,20,0.9350880821490939,0.25,0.6666666666666666
Austropotamobius fulcisianus (pooled),random_forest,lowacc,20,0.9225102703750029,0.6666666666666666,0.8181818181818182
Austropotamobius fulcisianus (pooled),random_forest,lowacc,20,0.9230138702006364,0.42857142857142855,0.5384615384615384
Austropotamobius fulcisianus (pooled),random_forest,lowacc,20,0.9404293915795435,0.25,0.6666666666666666
Austropotamobius fulcisianus (pooled),random_forest,lowacc,20,0.9340192528601416,0.42857142857142855,0.8181818181818182
Austropotamobius fulcisianus (pooled),random_forest,lowacc,20,0.9330605219892638,0.42857142857142855,0.6666666666666666
Austropotamobius fulcisianus (pooled),random_forest,lowacc,20,0.9466618294584171,0.42857142857142855,0.6666666666666666
Austropotamobius fulcisianus (pooled),random_forest,lowacc,20,0.9362220899011032,0.25,0.8181818181818182
Austropotamobius fulcisianus (pooled),random_forest,lowacc,20,0.9215229311896028,0.25,0.6666666666666666
Austropotamobius fulcisianus (pooled),random_forest,lowacc,20,0.9218360964148804,0.42857142857142855,0.6666666666666666
Austropotamobius fulcisianus (pooled),random_forest,lowacc,20,0.9279480142320717,0.25,0.6666666666666666
Austropotamobius fulcisianus (pooled),random_forest,lowacc,20,0.9232150570255264,0.42857142857142855,0.8181818181818182
Austropotamobius fulcisianus (pooled),random_forest,lowacc,20,0.9278975701226075,0.25,0.6666666666666666
Austropotamobius fulcisianus (pooled),random_forest,lowacc,20,0.9408645887511867,0.25,0.6666666666666666
Austropotamobius fulcisianus (pooled),random_forest,lowacc,20,0.9268578655251026,0.42857142857142855,0.6666666666666666
Austropotamobius fulcisianus (pooled),random_forest,lowacc,20,0.9455804220646133,0.42857142857142855,0.6666666666666666
Austropotamobius fulcisianus (pooled),random_forest,lowacc,20,0.9215179621164292,0.25,0.6666666666666666
Austropotamobius fulcisianus (pooled),random_forest,lowacc,20,0.9321569267928806,0.1111111111111111,0.6666666666666666
Austropotamobius fulcisianus (pooled),random_forest,lowacc,20,0.9264477475093027,0.25,0.5384615384615384
Austropotamobius fulcisianus (pooled),random_forest,lowacc,20,0.9252862190486968,0.25,0.8181818181818182
Austropotamobius fulcisianus (pooled),random_forest,lowacc,20,0.9285406075343708,0.25,0.8181818181818182
Austropotamobius fulcisianus (pooled),random_forest,lowacc,20,0.9347166790916537,0.42857142857142855,0.8181818181818182
Austropotamobius fulcisianus (pooled),random_forest,lowacc,20,0.9399271686314414,0.25,0.6666666666666666
Austropotamobius fulcisianus (pooled),random_forest,lowacc,20,0.9306815836747998,0.25,0.42857142857142855
Austropotamobius fulcisianus (pooled),random_forest,snapping,1,0.9371022692273067,1.0,0.8181818181818182
Austropotamobius fulcisianus (pooled),random_forest,snapping,1,0.9415191331482132,0.6666666666666666,0.6666666666666666
Austropotamobius fulcisianus (pooled),random_forest,snapping,1,0.942338159746354,0.25,0.6666666666666666
Austropotamobius fulcisianus (pooled),random_forest,snapping,1,0.9366746923524342,0.42857142857142855,0.6666666666666666
Austropotamobius fulcisianus (pooled),random_forest,snapping,1,0.9345814320440105,0.42857142857142855,0.6666666666666666
Austropotamobius fulcisianus (pooled),random_forest,snapping,1,0.9467399200502455,0.42857142857142855,0.8181818181818182
Austropotamobius fulcisianus (pooled),random_forest,snapping,1,0.945752819459359,0.6666666666666666,0.6666666666666666
Austropotamobius fulcisianus (pooled),random_forest,snapping,1,0.9397857069115583,0.6666666666666666,0.8181818181818182
Austropotamobius fulcisianus (pooled),random_forest,snapping,1,0.9428146843125449,0.6666666666666666,0.8181818181818182
Austropotamobius fulcisianus (pooled),random_forest,snapping,1,0.9349811348742952,0.42857142857142855,0.8181818181818182
Austropotamobius fulcisianus (pooled),random_forest,snapping,1,0.9389530754345345,0.42857142857142855,1.0
Austropotamobius fulcisianus (pooled),random_forest,snapping,1,0.9529970125074457,0.42857142857142855,0.6666666666666666
Austropotamobius fulcisianus (pooled),random_forest,snapping,1,0.9404449222298255,0.42857142857142855,0.6666666666666666
Austropotamobius fulcisianus (pooled),random_forest,snapping,1,0.936635645455403,0.42857142857142855,0.6666666666666666
Austropotamobius fulcisianus (pooled),random_forest,snapping,1,0.9291680766719547,0.42857142857142855,1.0
Austropotamobius fulcisianus (pooled),random_forest,snapping,1,0.955364067064221,0.6666666666666666,0.8181818181818182
Austropotamobius fulcisianus (pooled),random_forest,snapping,1,0.9334703353973945,0.6666666666666666,0.8181818181818182
Austropotamobius fulcisianus (pooled),random_forest,snapping,1,0.9316693371024047,1.0,0.6666666666666666
Austropotamobius fulcisianus (pooled),random_forest,snapping,1,0.9429965199720841,1.0,0.8181818181818182
Austropotamobius fulcisianus (pooled),random_forest,snapping,1,0.9324110158717002,0.6666666666666666,0.6666666666666666
Austropotamobius fulcisianus (pooled),random_forest,snapping,1,0.9425134720512451,0.6666666666666666,0.8181818181818182
Austropotamobius fulcisianus (pooled),random_forest,snapping,1,0.9410098219296659,0.6666666666666666,0.8181818181818182
Austropotamobius fulcisianus (pooled),random_forest,snapping,1,0.9455028034498375,0.25,0.8181818181818182
Austropotamobius fulcisianus (pooled),random_forest,snapping,1,0.9469714135184802,0.42857142857142855,0.6666666666666666
Austropotamobius fulcisianus (pooled),random_forest,snapping,1,0.9355429465077306,0.6666666666666666,0.8181818181818182
Austropotamobius fulcisianus (pooled),random_forest,snapping,1,0.9411475224516292,0.42857142857142855,0.8181818181818182
Austropotamobius fulcisianus (pooled),random_forest,snapping,1,0.9448566696166538,0.42857142857142855,0.6666666666666666
Austropotamobius fulcisianus (pooled),random_forest,snapping,1,0.9414548294070368,0.6666666666666666,0.8181818181818182
Austropotamobius fulcisianus (pooled),random_forest,snapping,1,0.9341901851973263,0.42857142857142855,0.8181818181818182
Austropotamobius fulcisianus (pooled),random_forest,snapping,1,0.9387309304150108,0.42857142857142855,0.6666666666666666
Austropotamobius fulcisianus (pooled),random_forest,snapping,2,0.9425189553553237,0.6666666666666666,0.8181818181818182
Austropotamobius fulcisianus (pooled),random_forest,snapping,2,0.937434830261287,0.42857142857142855,0.6666666666666666
Austropotamobius fulcisianus (pooled),random_forest,snapping,2,0.9443273726551769,0.6666666666666666,0.8181818181818182
Austropotamobius fulcisianus (pooled),random_forest,snapping,2,0.936111263417332,0.6666666666666666,0.8181818181818182
Austropotamobius fulcisianus (pooled),random_forest,snapping,2,0.9362507082239268,0.25,0.6666666666666666
Austropotamobius fulcisianus (pooled),random_forest,snapping,2,0.9366194010473781,0.42857142857142855,0.8181818181818182
Austropotamobius fulcisianus (pooled),random_forest,snapping,2,0.9503269740190274,0.6666666666666666,0.8181818181818182
Austropotamobius fulcisianus (pooled),random_forest,snapping,2,0.9533680625713492,0.6666666666666666,0.8181818181818182
Austropotamobius fulcisianus (pooled),random_forest,snapping,2,0.9521185153855776,0.6666666666666666,0.6666666666666666
Austropotamobius fulcisianus (pooled),random_forest,snapping,2,0.9380892135380601,0.42857142857142855,0.8181818181818182
Austropotamobius fulcisianus (pooled),random_forest,snapping,2,0.9518729001827271,0.6666666666666666,0.6666666666666666
Austropotamobius fulcisianus (pooled),random_forest,snapping,2,0.9366747715680551,0.42857142857142855,0.8181818181818182
Austropotamobius fulcisianus (pooled),random_forest,snapping,2,0.9457275397400777,0.42857142857142855,0.8181818181818182
Austropotamobius fulcisianus (pooled),random_forest,snapping,2,0.9402547641932764,0.42857142857142855,1.0
Austropotamobius fulcisianus (pooled),random_forest,snapping,2,0.9316467674215249,0.42857142857142855,0.6666666666666666
Austropotamobius fulcisianus (pooled),random_forest,snapping,2,0.9353900088472992,0.25,1.0
Austropotamobius fulcisianus (pooled),random_forest,snapping,2,0.9398140686848112,0.25,0.8181818181818182
Austropotamobius fulcisianus (pooled),random_forest,snapping,2,0.9417418043778859,0.1111111111111111,0.8181818181818182
Austropotamobius fulcisianus (pooled),random_forest,snapping,2,0.944753949770126,0.42857142857142855,0.6666666666666666
Austropotamobius fulcisianus (pooled),random_forest,snapping,2,0.9444711826476508,0.42857142857142855,0.6666666666666666
Austropotamobius fulcisianus (pooled),random_forest,snapping,2,0.9349496112724889,0.6666666666666666,0.8181818181818182
Austropotamobius fulcisianus (pooled),random_forest,snapping,2,0.9568525294520815,0.42857142857142855,0.6666666666666666
Austropotamobius fulcisianus (pooled),random_forest,snapping,2,0.9401281931807491,0.42857142857142855,0.8181818181818182
Austropotamobius fulcisianus (pooled),random_forest,snapping,2,0.9502626671277264,0.42857142857142855,0.6666666666666666
Austropotamobius fulcisianus (pooled),random_forest,snapping,2,0.9310462153941804,0.6666666666666666,0.6666666666666666
Austropotamobius fulcisianus (pooled),random_forest,snapping,2,0.9273072869388278,0.6666666666666666,0.8181818181818182
Austropotamobius fulcisianus (pooled),random_forest,snapping,2,0.9414494050334382,0.42857142857142855,0.6666666666666666
Austropotamobius fulcisianus (pooled),random_forest,snapping,2,0.9403704652663581,0.42857142857142855,0.8181818181818182
Austropotamobius fulcisianus (pooled),random_forest,snapping,2,0.9289847103332981,0.6666666666666666,0.8181818181818182
Austropotamobius fulcisianus (pooled),random_forest,snapping,2,0.9454910660271245,0.42857142857142855,0.8181818181818182
Austropotamobius fulcisianus (pooled),random_forest,snapping,5,0.9370214501459936,0.42857142857142855,0.6666666666666666
Austropotamobius fulcisianus (pooled),random_forest,snapping,5,0.9379128620363582,0.42857142857142855,0.6666666666666666
Austropotamobius fulcisianus (pooled),random_forest,snapping,5,0.9325227013169011,0.6666666666666666,0.6666666666666666
Austropotamobius fulcisianus (pooled),random_forest,snapping,5,0.9283260361032878,0.6666666666666666,0.6666666666666666
Austropotamobius fulcisianus (pooled),random_forest,snapping,5,0.9403163575737038,0.42857142857142855,0.8181818181818182
Austropotamobius fulcisianus (pooled),random_forest,snapping,5,0.9375795380413618,0.25,0.6666666666666666
Austropotamobius fulcisianus (pooled),random_forest,snapping,5,0.9477305761363864,0.6666666666666666,0.8181818181818182
Austropotamobius fulcisianus (pooled),random_forest,snapping,5,0.9409959037594837,0.42857142857142855,0.8181818181818182
Austropotamobius fulcisianus (pooled),random_forest,snapping,5,0.9344280980898572,0.6666666666666666,0.8181818181818182
Austropotamobius fulcisianus (pooled),random_forest,snapping,5,0.9462040889820327,0.42857142857142855,0.6666666666666666
Austropotamobius fulcisianus (pooled),random_forest,snapping,5,0.9327861553452091,0.6666666666666666,0.8181818181818182
Austropotamobius fulcisianus (pooled),random_forest,snapping,5,0.928979295750489,0.25,0.6666666666666666
Austropotamobius fulcisianus (pooled),random_forest,snapping,5,0.9416569021456224,0.25,0.8181818181818182
Austropotamobius fulcisianus (pooled),random_forest,snapping,5,0.9292051824846957,0.42857142857142855,0.8181818181818182
Austropotamobius fulcisianus (pooled),random_forest,snapping,5,0.9446801696881446,0.6666666666666666,0.8181818181818182
Austropotamobius fulcisianus (pooled),random_forest,snapping,5,0.929757492357541,0.42857142857142855,0.8181818181818182
Austropotamobius fulcisianus (pooled),random_forest,snapping,5,0.9480598389480756,0.25,0.8181818181818182
Austropotamobius fulcisianus (pooled),random_forest,snapping,5,0.927728971905436,0.6666666666666666,0.6666666666666666
Austropotamobius fulcisianus (pooled),random_forest,snapping,5,0.9338910173495351,0.42857142857142855,0.6666666666666666
Austropotamobius fulcisianus (pooled),random_forest,snapping,5,0.9494636911501778,0.42857142857142855,0.6666666666666666
Austropotamobius fulcisianus (pooled),random_forest,snapping,5,0.9353913250548516,0.6666666666666666,0.8181818181818182
Austropotamobius fulcisianus (pooled),random_forest,snapping,5,0.9386533363021583,0.6666666666666666,0.8181818181818182
Austropotamobius fulcisianus (pooled),random_forest,snapping,5,0.9413343514158049,0.6666666666666666,0.6666666666666666
Austropotamobius fulcisianus (pooled),random_forest,snapping,5,0.9317717989526244,0.42857142857142855,0.8181818181818182
Austropotamobius fulcisianus (pooled),random_forest,snapping,5,0.9404588881288304,0.6666666666666666,0.6666666666666666
Austropotamobius fulcisianus (pooled),random_forest,snapping,5,0.9277885922033509,0.42857142857142855,0.8181818181818182
Austropotamobius fulcisianus (pooled),random_forest,snapping,5,0.9445574895061014,0.6666666666666666,0.8181818181818182
Austropotamobius fulcisianus (pooled),random_forest,snapping,5,0.942443698174627,0.42857142857142855,0.6666666666666666
Austropotamobius fulcisianus (pooled),random_forest,snapping,5,0.9515302103271394,0.42857142857142855,0.6666666666666666
Austropotamobius fulcisianus (pooled),random_forest,snapping,5,0.9376967833963946,0.6666666666666666,0.6666666666666666
Austropotamobius fulcisianus (pooled),xgboost,lowacc,3,0.6930485059111798,0.42857142857142855,0.5384615384615384
Austropotamobius fulcisianus (pooled),xgboost,lowacc,3,0.6395117434663816,0.1111111111111111,0.42857142857142855
Austropotamobius fulcisianus (pooled),xgboost,lowacc,3,0.6791555277161581,0.42857142857142855,0.6666666666666666
Austropotamobius fulcisianus (pooled),xgboost,lowacc,3,0.6047704498153531,0.6666666666666666,0.5384615384615384
Austropotamobius fulcisianus (pooled),xgboost,lowacc,3,0.5816840424284451,0.42857142857142855,0.3333333333333333
Austropotamobius fulcisianus (pooled),xgboost,lowacc,3,0.6782713756918348,0.42857142857142855,0.6666666666666666
Austropotamobius fulcisianus (pooled),xgboost,lowacc,3,0.6324312213124348,0.42857142857142855,0.6666666666666666
Austropotamobius fulcisianus (pooled),xgboost,lowacc,3,0.5957008969512605,0.25,0.42857142857142855
Austropotamobius fulcisianus (pooled),xgboost,lowacc,3,0.6549950954450683,0.25,0.5384615384615384
Austropotamobius fulcisianus (pooled),xgboost,lowacc,3,0.5874915041740967,0.6666666666666666,0.42857142857142855
Austropotamobius fulcisianus (pooled),xgboost,lowacc,3,0.5928479778436162,1.0,0.5384615384615384
Austropotamobius fulcisianus (pooled),xgboost,lowacc,3,0.5576879904861302,0.25,0.42857142857142855
Austropotamobius fulcisianus (pooled),xgboost,lowacc,3,0.5920203759170735,0.42857142857142855,0.42857142857142855
Austropotamobius fulcisianus (pooled),xgboost,lowacc,3,0.6861209528470309,0.42857142857142855,0.6666666666666666
Austropotamobius fulcisianus (pooled),xgboost,lowacc,3,0.6123407211456271,0.42857142857142855,0.42857142857142855
Austropotamobius fulcisianus (pooled),xgboost,lowacc,3,0.6383071194225858,0.42857142857142855,0.5384615384615384
Austropotamobius fulcisianus (pooled),xgboost,lowacc,3,0.6221008126860784,0.25,0.6666666666666666
Austropotamobius fulcisianus (pooled),xgboost,lowacc,3,0.6568480454143796,0.42857142857142855,0.42857142857142855
Austropotamobius fulcisianus (pooled),xgboost,lowacc,3,0.6303443597958894,1.0,0.8181818181818182
Austropotamobius fulcisianus (pooled),xgboost,lowacc,3,0.5402885860867833,0.6666666666666666,0.5384615384615384
Austropotamobius fulcisianus (pooled),xgboost,lowacc,3,0.6893185325869247,0.42857142857142855,0.5384615384615384
Austropotamobius fulcisianus (pooled),xgboost,lowacc,3,0.6533087574973098,0.42857142857142855,0.6666666666666666
Austropotamobius fulcisianus (pooled),xgboost,lowacc,3,0.660831365978211,0.42857142857142855,0.6666666666666666
Austropotamobius fulcisianus (pooled),xgboost,lowacc,3,0.5744165207672042,0.42857142857142855,0.6666666666666666
Austropotamobius fulcisianus (pooled),xgboost,lowacc,3,0.6792123676186635,0.6666666666666666,0.5384615384615384
Austropotamobius fulcisianus (pooled),xgboost,lowacc,3,0.643205490835616,0.42857142857142855,0.5384615384615384
Austropotamobius fulcisianus (pooled),xgboost,lowacc,3,0.6033313737117807,0.42857142857142855,0.6666666666666666
Austropotamobius fulcisianus (pooled),xgboost,lowacc,3,0.6843448452451729,0.25,0.5384615384615384
Austropotamobius fulcisianus (pooled),xgboost,lowacc,3,0.6037356782405628,0.42857142857142855,0.42857142857142855
Austropotamobius fulcisianus (pooled),xgboost,lowacc,3,0.6090199419655657,0.42857142857142855,0.5384615384615384
Austropotamobius fulcisianus (pooled),xgboost,lowacc,10,0.6153573138510697,0.1111111111111111,0.25
Austropotamobius fulcisianus (pooled),xgboost,lowacc,10,0.5842339786800388,0.42857142857142855,0.25
Austropotamobius fulcisianus (pooled),xgboost,lowacc,10,0.5794542674604243,0.25,0.25
Austropotamobius fulcisianus (pooled),xgboost,lowacc,10,0.6398166204711769,0.25,0.5384615384615384
Austropotamobius fulcisianus (pooled),xgboost,lowacc,10,0.675047369602449,0.42857142857142855,0.42857142857142855
Austropotamobius fulcisianus (pooled),xgboost,lowacc,10,0.6092087764275111,0.42857142857142855,0.3333333333333333
Austropotamobius fulcisianus (pooled),xgboost,lowacc,10,0.6196753869434377,0.25,0.42857142857142855
Austropotamobius fulcisianus (pooled),xgboost,lowacc,10,0.6102378664904846,0.6666666666666666,0.6666666666666666
Austropotamobius fulcisianus (pooled),xgboost,lowacc,10,0.5806582140019722,0.42857142857142855,0.42857142857142855
Austropotamobius fulcisianus (pooled),xgboost,lowacc,10,0.6845132880899477,0.25,0.5384615384615384
Austropotamobius fulcisianus (pooled),xgboost,lowacc,10,0.631296057992382,0.42857142857142855,0.3333333333333333
Austropotamobius fulcisianus (pooled),xgboost,lowacc,10,0.5684012430589626,0.42857142857142855,0.5384615384615384
Austropotamobius fulcisianus (pooled),xgboost,lowacc,10,0.6984760603296621,1.0,0.5384615384615384
Austropotamobius fulcisianus (pooled),xgboost,lowacc,10,0.5726565417768967,0.25,0.42857142857142855
Austropotamobius fulcisianus (pooled),xgboost,lowacc,10,0.6347660840352616,0.25,0.42857142857142855
Austropotamobius fulcisianus (pooled),xgboost,lowacc,10,0.6198861855940465,0.42857142857142855,0.42857142857142855
Austropotamobius fulcisianus (pooled),xgboost,lowacc,10,0.6202619037095756,0.42857142857142855,0.42857142857142855
Austropotamobius fulcisianus (pooled),xgboost,lowacc,10,0.5911329289914917,0.25,0.42857142857142855
Austropotamobius fulcisianus (pooled),xgboost,lowacc,10,0.6253722668742007,0.42857142857142855,0.3333333333333333
Austropotamobius fulcisianus (pooled),xgboost,lowacc,10,0.558363696618381,0.1111111111111111,0.3333333333333333
Austropotamobius fulcisianus (pooled),xgboost,lowacc,10,0.6401930394301889,0.25,0.42857142857142855
Austropotamobius fulcisianus (pooled),xgboost,lowacc,10,0.6758532016899579,0.25,0.3333333333333333
Austropotamobius fulcisianus (pooled),xgboost,lowacc,10,0.5789145659855334,0.1111111111111111,0.3333333333333333
Austropotamobius fulcisianus (pooled),xgboost,lowacc,10,0.5714220155836954,0.1111111111111111,0.3333333333333333
Austropotamobius fulcisianus (pooled),xgboost,lowacc,10,0.5741141486569936,0.42857142857142855,0.6666666666666666
Austropotamobius fulcisianus (pooled),xgboost,lowacc,10,0.6299064787244536,0.42857142857142855,0.5384615384615384
Austropotamobius fulcisianus (pooled),xgboost,lowacc,10,0.6652806780880549,0.1111111111111111,0.25
Austropotamobius fulcisianus (pooled),xgboost,lowacc,10,0.6499918190222624,0.42857142857142855,0.5384615384615384
Austropotamobius fulcisianus (pooled),xgboost,lowacc,10,0.6143273457302059,0.25,0.3333333333333333
Austropotamobius fulcisianus (pooled),xgboost,lowacc,10,0.6091992649340489,0.25,0.42857142857142855
Austropotamobius fulcisianus (pooled),xgboost,lowacc,20,0.6071264897589368,0.25,0.25
Austropotamobius fulcisianus (pooled),xgboost,lowacc,20,0.6253439988693625,0.1111111111111111,0.25
Austropotamobius fulcisianus (pooled),xgboost,lowacc,20,0.614621363721955,0.42857142857142855,0.25
Austropotamobius fulcisianus (pooled),xgboost,lowacc,20,0.7131130516501546,0.25,0.25
Austropotamobius fulcisianus (pooled),xgboost,lowacc,20,0.6184140691032618,0.1111111111111111,0.25
Austropotamobius fulcisianus (pooled),xgboost,lowacc,20,0.6341609751840416,0.42857142857142855,0.3333333333333333
Austropotamobius fulcisianus (pooled),xgboost,lowacc,20,0.5388588218160438,0.1111111111111111,0.17647058823529413
Austropotamobius fulcisianus (pooled),xgboost,lowacc,20,0.6142018299622255,0.25,0.25
Austropotamobius fulcisianus (pooled),xgboost,lowacc,20,0.5990718759801509,0.1111111111111111,0.3333333333333333
Austropotamobius fulcisianus (pooled),xgboost,lowacc,20,0.607283043601741,0.25,0.25
Austropotamobius fulcisianus (pooled),xgboost,lowacc,20,0.6481458615709179,0.1111111111111111,0.25
Austropotamobius fulcisianus (pooled),xgboost,lowacc,20,0.5813681790584773,0.25,0.42857142857142855
Austropotamobius fulcisianus (pooled),xgboost,lowacc,20,0.5786568267650712,0.42857142857142855,0.42857142857142855
Austropotamobius fulcisianus (pooled),xgboost,lowacc,20,0.6742189052730307,0.42857142857142855,0.42857142857142855
Austropotamobius fulcisianus (pooled),xgboost,lowacc,20,0.6442615756277038,0.1111111111111111,0.25
Austropotamobius fulcisianus (pooled),xgboost,lowacc,20,0.6067857989264783,0.25,0.3333333333333333
Austropotamobius fulcisianus (pooled),xgboost,lowacc,20,0.5787248201544916,0.1111111111111111,0.3333333333333333
Austropotamobius fulcisianus (pooled),xgboost,lowacc,20,0.6085509732475832,0.25,0.3333333333333333
Austropotamobius fulcisianus (pooled),xgboost,lowacc,20,0.561588581111079,0.1111111111111111,0.25
Austropotamobius fulcisianus (pooled),xgboost,lowacc,20,0.5912918801631156,0.1111111111111111,0.17647058823529413
Austropotamobius fulcisianus (pooled),xgboost,lowacc,20,0.5296997758469117,0.25,0.25
Austropotamobius fulcisianus (pooled),xgboost,lowacc,20,0.5367004413729223,0.1111111111111111,0.3333333333333333
Austropotamobius fulcisianus (pooled),xgboost,lowacc,20,0.6340646378465287,0.25,0.25
Austropotamobius fulcisianus (pooled),xgboost,lowacc,20,0.5785169539389569,0.25,0.3333333333333333
Austropotamobius fulcisianus (pooled),xgboost,lowacc,20,0.596262414862337,0.42857142857142855,0.3333333333333333
Austropotamobius fulcisianus (pooled),xgboost,lowacc,20,0.5939633114716862,0.1111111111111111,0.3333333333333333
Austropotamobius fulcisianus (pooled),xgboost,lowacc,20,0.5908341888913426,0.1111111111111111,0.25
Austropotamobius fulcisianus (pooled),xgboost,lowacc,20,0.6376395461625386,0.25,0.3333333333333333
Austropotamobius fulcisianus (pooled),xgboost,lowacc,20,0.6198156789889503,0.25,0.3333333333333333
Austropotamobius fulcisianus (pooled),xgboost,lowacc,20,0.5966851205890444,0.1111111111111111,0.25
Austropotamobius fulcisianus (pooled),xgboost,snapping,1,0.6115203436567354,0.25,0.5384615384615384
Austropotamobius fulcisianus (pooled),xgboost,snapping,1,0.5687181385058676,0.6666666666666666,0.5384615384615384
Austropotamobius fulcisianus (pooled),xgboost,snapping,1,0.6263450198897583,0.42857142857142855,0.5384615384615384
Austropotamobius fulcisianus (pooled),xgboost,snapping,1,0.6673244283692435,0.6666666666666666,0.6666666666666666
Austropotamobius fulcisianus (pooled),xgboost,snapping,1,0.6255172883545234,0.42857142857142855,0.6666666666666666
Austropotamobius fulcisianus (pooled),xgboost,snapping,1,0.591826121071528,0.6666666666666666,0.5384615384615384
Austropotamobius fulcisianus (pooled),xgboost,snapping,1,0.5758583093745043,0.42857142857142855,0.6666666666666666
Austropotamobius fulcisianus (pooled),xgboost,snapping,1,0.5896298933383887,0.42857142857142855,0.6666666666666666
Austropotamobius fulcisianus (pooled),xgboost,snapping,1,0.6457761004140767,0.42857142857142855,0.5384615384615384
Austropotamobius fulcisianus (pooled),xgboost,snapping,1,0.6386251627600857,0.25,0.6666666666666666
Austropotamobius fulcisianus (pooled),xgboost,snapping,1,0.6404419983760367,0.42857142857142855,0.42857142857142855
Austropotamobius fulcisianus (pooled),xgboost,snapping,1,0.600918709089689,0.25,0.42857142857142855
Austropotamobius fulcisianus (pooled),xgboost,snapping,1,0.6153569750158352,0.6666666666666666,0.8181818181818182
Austropotamobius fulcisianus (pooled),xgboost,snapping,1,0.635763563640903,0.6666666666666666,0.5384615384615384
Austropotamobius fulcisianus (pooled),xgboost,snapping,1,0.6217418142225081,0.42857142857142855,0.6666666666666666
Austropotamobius fulcisianus (pooled),xgboost,snapping,1,0.5869154999678974,0.6666666666666666,0.42857142857142855
Austropotamobius fulcisianus (pooled),xgboost,snapping,1,0.6200789828424196,0.42857142857142855,0.42857142857142855
Austropotamobius fulcisianus (pooled),xgboost,snapping,1,0.631598948373395,0.6666666666666666,0.5384615384615384
Austropotamobius fulcisianus (pooled),xgboost,snapping,1,0.560107475644497,0.6666666666666666,0.5384615384615384
Austropotamobius fulcisianus (pooled),xgboost,snapping,1,0.5741143591193959,0.6666666666666666,0.5384615384615384
Austropotamobius fulcisianus (pooled),xgboost,snapping,1,0.6587226618717283,1.0,0.6666666666666666
Austropotamobius fulcisianus (pooled),xgboost,snapping,1,0.5765001209897983,0.25,0.5384615384615384
Austropotamobius fulcisianus (pooled),xgboost,snapping,1,0.5634994331792142,0.25,0.5384615384615384
Austropotamobius fulcisianus (pooled),xgboost,snapping,1,0.5940263113783488,0.6666666666666666,0.6666666666666666
Austropotamobius fulcisianus (pooled),xgboost,snapping,1,0.6438707652723357,0.6666666666666666,0.5384615384615384
Austropotamobius fulcisianus (pooled),xgboost,snapping,1,0.5833119598423424,0.25,0.42857142857142855
Austropotamobius fulcisianus (pooled),xgboost,snapping,1,0.6198773758779521,0.6666666666666666,0.42857142857142855
Austropotamobius fulcisianus (pooled),xgboost,snapping,1,0.6008423613618141,0.25,0.5384615384615384
Austropotamobius fulcisianus (pooled),xgboost,snapping,1,0.6730256731204987,0.42857142857142855,0.5384615384615384
Austropotamobius fulcisianus (pooled),xgboost,snapping,1,0.6548853016703193,0.25,0.42857142857142855
Austropotamobius fulcisianus (pooled),xgboost,snapping,2,0.604530850441553,0.42857142857142855,0.5384615384615384
Austropotamobius fulcisianus (pooled),xgboost,snapping,2,0.6406447095600921,0.42857142857142855,0.5384615384615384
Austropotamobius fulcisianus (pooled),xgboost,snapping,2,0.5331335815488186,0.42857142857142855,0.6666666666666666
Austropotamobius fulcisianus (pooled),xgboost,snapping,2,0.6874529808503148,0.25,0.42857142857142855
Austropotamobius fulcisianus (pooled),xgboost,snapping,2,0.5952511489224158,0.42857142857142855,0.3333333333333333
Austropotamobius fulcisianus (pooled),xgboost,snapping,2,0.5952266176206488,0.25,0.5384615384615384
Austropotamobius fulcisianus (pooled),xgboost,snapping,2,0.5834351748861781,0.25,0.3333333333333333
Austropotamobius fulcisianus (pooled),xgboost,snapping,2,0.5740248975251562,0.42857142857142855,0.6666666666666666
Austropotamobius fulcisianus (pooled),xgboost,snapping,2,0.6064567586551505,0.42857142857142855,0.42857142857142855
Austropotamobius fulcisianus (pooled),xgboost,snapping,2,0.6610204760829943,0.42857142857142855,0.5384615384615384
Austropotamobius fulcisianus (pooled),xgboost,snapping,2,0.6993646574912793,0.6666666666666666,0.6666666666666666
Austropotamobius fulcisianus (pooled),xgboost,snapping,2,0.5822458758443176,0.6666666666666666,0.5384615384615384
Austropotamobius fulcisianus (pooled),xgboost,snapping,2,0.6256572253955216,0.42857142857142855,0.5384615384615384
Austropotamobius fulcisianus (pooled),xgboost,snapping,2,0.5684519401069557,0.42857142857142855,0.6666666666666666
Austropotamobius fulcisianus (pooled),xgboost,snapping,2,0.6675129412451434,0.6666666666666666,0.42857142857142855
Austropotamobius fulcisianus (pooled),xgboost,snapping,2,0.6456312255389162,0.42857142857142855,0.5384615384615384
Austropotamobius fulcisianus (pooled),xgboost,snapping,2,0.6412883297352947,0.6666666666666666,0.42857142857142855
Austropotamobius fulcisianus (pooled),xgboost,snapping,2,0.6172086060432574,0.42857142857142855,0.42857142857142855
Austropotamobius fulcisianus (pooled),xgboost,snapping,2,0.6396781861282466,0.42857142857142855,0.42857142857142855
Austropotamobius fulcisianus (pooled),xgboost,snapping,2,0.6115825013614834,0.1111111111111111,0.42857142857142855
Austropotamobius fulcisianus (pooled),xgboost,snapping,2,0.5940646539657881,0.25,0.42857142857142855
Austropotamobius fulcisianus (pooled),xgboost,snapping,2,0.6081304691937065,0.42857142857142855,0.42857142857142855
Austropotamobius fulcisianus (pooled),xgboost,snapping,2,0.6052788476643259,0.42857142857142855,0.8181818181818182
Austropotamobius fulcisianus (pooled),xgboost,snapping,2,0.6405030464350036,0.25,0.6666666666666666
Austropotamobius fulcisianus (pooled),xgboost,snapping,2,0.5913357748193457,0.6666666666666666,0.6666666666666666
Austropotamobius fulcisianus (pooled),xgboost,snapping,2,0.6585884694803685,0.42857142857142855,0.42857142857142855
Austropotamobius fulcisianus (pooled),xgboost,snapping,2,0.6420138205764727,0.25,0.42857142857142855
Austropotamobius fulcisianus (pooled),xgboost,snapping,2,0.6138525465751037,0.6666666666666666,0.5384615384615384
Austropotamobius fulcisianus (pooled),xgboost,snapping,2,0.5873824623802553,0.42857142857142855,0.5384615384615384
Austropotamobius fulcisianus (pooled),xgboost,snapping,2,0.6619758107531772,0.42857142857142855,0.6666666666666666
Austropotamobius fulcisianus (pooled),xgboost,snapping,5,0.5923047099261116,0.42857142857142855,0.5384615384615384
Austropotamobius fulcisianus (pooled),xgboost,snapping,5,0.6071652626592385,0.42857142857142855,0.5384615384615384
Austropotamobius fulcisianus (pooled),xgboost,snapping,5,0.6586098306075046,0.6666666666666666,0.6666666666666666
Austropotamobius fulcisianus (pooled),xgboost,snapping,5,0.618793648048695,0.42857142857142855,0.5384615384615384
Austropotamobius fulcisianus (pooled),xgboost,snapping,5,0.5751576636161881,0.25,0.42857142857142855
Austropotamobius fulcisianus (pooled),xgboost,snapping,5,0.5947676135636467,0.42857142857142855,0.6666666666666666
Austropotamobius fulcisianus (pooled),xgboost,snapping,5,0.5661136460890827,0.42857142857142855,0.42857142857142855
Austropotamobius fulcisianus (pooled),xgboost,snapping,5,0.6101023186204242,0.6666666666666666,0.6666666666666666
Austropotamobius fulcisianus (pooled),xgboost,snapping,5,0.5397405059400666,0.6666666666666666,0.6666666666666666
Austropotamobius fulcisianus (pooled),xgboost,snapping,5,0.6125889442966816,0.42857142857142855,0.5384615384615384
Austropotamobius fulcisianus (pooled),xgboost,snapping,5,0.6084363043148607,0.42857142857142855,0.42857142857142855
Austropotamobius fulcisianus (pooled),xgboost,snapping,5,0.5890565841217855,0.42857142857142855,0.6666666666666666
Austropotamobius fulcisianus (pooled),xgboost,snapping,5,0.5925703055025031,0.1111111111111111,0.42857142857142855
Austropotamobius fulcisianus (pooled),xgboost,snapping,5,0.6426317212883076,0.25,0.3333333333333333
Austropotamobius fulcisianus (pooled),xgboost,snapping,5,0.5676537177057389,0.6666666666666666,0.42857142857142855
Austropotamobius fulcisianus (pooled),xgboost,snapping,5,0.6405528140505561,0.42857142857142855,0.5384615384615384
Austropotamobius fulcisianus (pooled),xgboost,snapping,5,0.6241017026402592,0.6666666666666666,0.5384615384615384
Austropotamobius fulcisianus (pooled),xgboost,snapping,5,0.6320909374379601,0.42857142857142855,0.42857142857142855
Austropotamobius fulcisianus (pooled),xgboost,snapping,5,0.6125008381811424,0.42857142857142855,0.6666666666666666
Austropotamobius fulcisianus (pooled),xgboost,snapping,5,0.5487794376450971,0.42857142857142855,0.5384615384615384
Austropotamobius fulcisianus (pooled),xgboost,snapping,5,0.6048206958635219,0.6666666666666666,0.5384615384615384
Austropotamobius fulcisianus (pooled),xgboost,snapping,5,0.6499809195360229,0.42857142857142855,0.5384615384615384
Austropotamobius fulcisianus (pooled),xgboost,snapping,5,0.6186734942901326,0.25,0.5384615384615384
Austropotamobius fulcisianus (pooled),xgboost,snapping,5,0.5854654230702566,0.42857142857142855,0.6666666666666666
Austropotamobius fulcisianus (pooled),xgboost,snapping,5,0.6055375010710726,0.42857142857142855,0.5384615384615384
Austropotamobius fulcisianus (pooled),xgboost,snapping,5,0.6419023437843554,0.42857142857142855,0.6666666666666666
Austropotamobius fulcisianus (pooled),xgboost,snapping,5,0.5590516200674271,1.0,0.6666666666666666
Austropotamobius fulcisianus (pooled),xgboost,snapping,5,0.6438960503035589,0.6666666666666666,0.6666666666666666
Austropotamobius fulcisianus (pooled),xgboost,snapping,5,0.6622151232503081,0.6666666666666666,0.5384615384615384
Austropotamobius fulcisianus (pooled),xgboost,snapping,5,0.5861483613049391,0.42857142857142855,0.42857142857142855
Austropotamobius torrentium (pooled),random_forest,lowacc,3,0.9494517783326758,0.6666666666666666,0.6666666666666666
Austropotamobius torrentium (pooled),random_forest,lowacc,3,0.9609016149459106,0.6666666666666666,0.8181818181818182
Austropotamobius torrentium (pooled),random_forest,lowacc,3,0.9557066990400983,0.6666666666666666,0.6666666666666666
Austropotamobius torrentium (pooled),random_forest,lowacc,3,0.9524865733805852,0.6666666666666666,0.6666666666666666
Austropotamobius torrentium (pooled),random_forest,lowacc,3,0.9599291487321192,0.6666666666666666,0.6666666666666666
Austropotamobius torrentium (pooled),random_forest,lowacc,3,0.9459836067338633,0.6666666666666666,0.6666666666666666
Austropotamobius torrentium (pooled),random_forest,lowacc,3,0.9478686503531036,0.6666666666666666,0.8181818181818182
Austropotamobius torrentium (pooled),random_forest,lowacc,3,0.9368402080060404,0.6666666666666666,0.6666666666666666
Austropotamobius torrentium (pooled),random_forest,lowacc,3,0.9591888007988991,0.6666666666666666,0.8181818181818182
Austropotamobius torrentium (pooled),random_forest,lowacc,3,0.9527815295511955,0.6666666666666666,0.8181818181818182
Austropotamobius torrentium (pooled),random_forest,lowacc,3,0.9498097897047689,0.6666666666666666,0.8181818181818182
Austropotamobius torrentium (pooled),random_forest,lowacc,3,0.9521364343579728,0.6666666666666666,0.8181818181818182
Austropotamobius torrentium (pooled),random_forest,lowacc,3,0.9485598840265368,0.6666666666666666,1.0
Austropotamobius torrentium (pooled),random_forest,lowacc,3,0.9452734496104235,0.6666666666666666,0.6666666666666666
Austropotamobius torrentium (pooled),random_forest,lowacc,3,0.9584572351798301,0.6666666666666666,0.5384615384615384
Austropotamobius torrentium (pooled),random_forest,lowacc,3,0.951582721539174,0.6666666666666666,0.8181818181818182
Austropotamobius torrentium (pooled),random_forest,lowacc,3,0.9475107473847015,0.6666666666666666,0.6666666666666666
Austropotamobius torrentium (pooled),random_forest,lowacc,3,0.9487649024122018,0.6666666666666666,0.5384615384615384
Austropotamobius torrentium (pooled),random_forest,lowacc,3,0.9430066896595941,0.6666666666666666,0.8181818181818182
Austropotamobius torrentium (pooled),random_forest,lowacc,3,0.967978951844338,0.6666666666666666,0.6666666666666666
Austropotamobius torrentium (pooled),random_forest,lowacc,3,0.9441133884216728,0.6666666666666666,0.8181818181818182
Austropotamobius torrentium (pooled),random_forest,lowacc,3,0.9491624135831995,0.6666666666666666,0.8181818181818182
Austropotamobius torrentium (pooled),random_forest,lowacc,3,0.946929485645295,0.6666666666666666,0.8181818181818182
Austropotamobius torrentium (pooled),random_forest,lowacc,3,0.9524628256183552,0.6666666666666666,1.0
Austropotamobius torrentium (pooled),random_forest,lowacc,3,0.9531573444155899,0.6666666666666666,0.8181818181818182
Austropotamobius torrentium (pooled),random_forest,lowacc,3,0.9444335245332651,0.6666666666666666,0.8181818181818182
Austropotamobius torrentium (pooled),random_forest,lowacc,3,0.9524283609172725,0.6666666666666666,0.8181818181818182
Austropotamobius torrentium (pooled),random_forest,lowacc,3,0.9480951693400399,0.6666666666666666,0.6666666666666666
Austropotamobius torrentium (pooled),random_forest,lowacc,3,0.945611535323274,0.6666666666666666,0.8181818181818182
Austropotamobius torrentium (pooled),random_forest,lowacc,3,0.9521840542233929,1.0,0.8181818181818182
Austropotamobius torrentium (pooled),random_forest,lowacc,10,0.9291921051279727,0.6666666666666666,0.8181818181818182
Austropotamobius torrentium (pooled),random_forest,lowacc,10,0.9244312268508152,0.6666666666666666,0.8181818181818182
Austropotamobius torrentium (pooled),random_forest,lowacc,10,0.9300265487803392,0.6666666666666666,0.8181818181818182
Austropotamobius torrentium (pooled),random_forest,lowacc,10,0.9229814802271765,0.6666666666666666,0.6666666666666666
Austropotamobius torrentium (pooled),random_forest,lowacc,10,0.9395399447398731,0.6666666666666666,0.5384615384615384
Austropotamobius torrentium (pooled),random_forest,lowacc,10,0.9147699971025655,0.6666666666666666,0.6666666666666666
Austropotamobius torrentium (pooled),random_forest,lowacc,10,0.9421295044633614,0.6666666666666666,0.8181818181818182
Austropotamobius torrentium (pooled),random_forest,lowacc,10,0.9361348385761084,0.6666666666666666,0.8181818181818182
Austropotamobius torrentium (pooled),random_forest,lowacc,10,0.9422195023930436,0.6666666666666666,0.6666666666666666
Austropotamobius torrentium (pooled),random_forest,lowacc,10,0.9332765318528442,0.6666666666666666,0.6666666666666666
Austropotamobius torrentium (pooled),random_forest,lowacc,10,0.9293538376142119,0.6666666666666666,0.6666666666666666
Austropotamobius torrentium (pooled),random_forest,lowacc,10,0.9471538002508736,0.6666666666666666,0.8181818181818182
Austropotamobius torrentium (pooled),random_forest,lowacc,10,0.9303395610352099,0.6666666666666666,0.6666666666666666
Austropotamobius torrentium (pooled),random_forest,lowacc,10,0.9409289147393054,0.6666666666666666,0.8181818181818182
Austropotamobius torrentium (pooled),random_forest,lowacc,10,0.9443983688567633,0.6666666666666666,0.6666666666666666
Austropotamobius torrentium (pooled),random_forest,lowacc,10,0.9369142508922824,0.6666666666666666,0.6666666666666666
Austropotamobius torrentium (pooled),random_forest,lowacc,10,0.9235819567496474,0.6666666666666666,0.6666666666666666
Austropotamobius torrentium (pooled),random_forest,lowacc,10,0.9316316539403018,0.6666666666666666,0.6666666666666666
Austropotamobius torrentium (pooled),random_forest,lowacc,10,0.9369278920511975,0.6666666666666666,0.6666666666666666
Austropotamobius torrentium (pooled),random_forest,lowacc,10,0.9398289472514579,0.6666666666666666,0.6666666666666666
Austropotamobius torrentium (pooled),random_forest,lowacc,10,0.9397543628901635,0.6666666666666666,0.8181818181818182
Austropotamobius torrentium (pooled),random_forest,lowacc,10,0.9242536504572966,0.6666666666666666,0.6666666666666666
Austropotamobius torrentium (pooled),random_forest,lowacc,10,0.9275453338691803,0.6666666666666666,0.6666666666666666
Austropotamobius torrentium (pooled),random_forest,lowacc,10,0.9311945189372692,0.6666666666666666,0.8181818181818182
Austropotamobius torrentium (pooled),random_forest,lowacc,10,0.9366909053118224,0.6666666666666666,0.6666666666666666
Austropotamobius torrentium (pooled),random_forest,lowacc,10,0.9204853068332663,0.6666666666666666,0.8181818181818182
Austropotamobius torrentium (pooled),random_forest,lowacc,10,0.9491706550728872,0.6666666666666666,0.8181818181818182
Austropotamobius torrentium (pooled),random_forest,lowacc,10,0.9372549929501487,0.6666666666666666,0.6666666666666666
Austropotamobius torrentium (pooled),random_forest,lowacc,10,0.9308688027474333,0.6666666666666666,0.8181818181818182
Austropotamobius torrentium (pooled),random_forest,lowacc,10,0.9305573319131701,0.6666666666666666,0.8181818181818182
Austropotamobius torrentium (pooled),random_forest,lowacc,20,0.9132142020672455,0.6666666666666666,0.5384615384615384
Austropotamobius torrentium (pooled),random_forest,lowacc,20,0.9166748583620911,0.6666666666666666,0.42857142857142855
Austropotamobius torrentium (pooled),random_forest,lowacc,20,0.915831840751572,0.6666666666666666,0.6666666666666666
Austropotamobius torrentium (pooled),random_forest,lowacc,20,0.911898013447744,0.6666666666666666,0.5384615384615384
Austropotamobius torrentium (pooled),random_forest,lowacc,20,0.9127443888300268,0.6666666666666666,0.6666666666666666
Austropotamobius torrentium (pooled),random_forest,lowacc,20,0.8850346473761767,0.6666666666666666,0.5384615384615384
Austropotamobius torrentium (pooled),random_forest,lowacc,20,0.9014898980672974,0.6666666666666666,0.8181818181818182
Austropotamobius torrentium (pooled),random_forest,lowacc,20,0.9099067284987379,0.6666666666666666,0.6666666666666666
Austropotamobius torrentium (pooled),random_forest,lowacc,20,0.9046928148227229,0.42857142857142855,0.6666666666666666
Austropotamobius torrentium (pooled),random_forest,lowacc,20,0.9054551612423952,0.6666666666666666,0.6666666666666666
Austropotamobius torrentium (pooled),random_forest,lowacc,20,0.9082885081753184,0.6666666666666666,0.6666666666666666
Austropotamobius torrentium (pooled),random_forest,lowacc,20,0.9005615432391947,0.42857142857142855,0.6666666666666666
Austropotamobius torrentium (pooled),random_forest,lowacc,20,0.9146719010559529,0.6666666666666666,0.6666666666666666
Austropotamobius torrentium (pooled),random_forest,lowacc,20,0.8988336508811523,0.6666666666666666,0.8181818181818182
Austropotamobius torrentium (pooled),random_forest,lowacc,20,0.9181751975935601,0.6666666666666666,0.6666666666666666
Austropotamobius torrentium (pooled),random_forest,lowacc,20,0.9214050577305153,0.6666666666666666,0.6666666666666666
Austropotamobius torrentium (pooled),random_forest,lowacc,20,0.914523650630532,0.6666666666666666,0.8181818181818182
Austropotamobius torrentium (pooled),random_forest,lowacc,20,0.9108364321454083,0.6666666666666666,0.6666666666666666
Austropotamobius torrentium (pooled),random_forest,lowacc,20,0.9206819908737389,0.6666666666666666,0.6666666666666666
Austropotamobius torrentium (pooled),random_forest,lowacc,20,0.8968142681426814,0.42857142857142855,0.6666666666666666
Austropotamobius torrentium (pooled),random_forest,lowacc,20,0.9001404129166369,0.6666666666666666,0.5384615384615384
Austropotamobius torrentium (pooled),random_forest,lowacc,20,0.9015409650145099,0.42857142857142855,0.5384615384615384
Austropotamobius torrentium (pooled),random_forest,lowacc,20,0.8976704595601048,0.6666666666666666,0.6666666666666666
Austropotamobius torrentium (pooled),random_forest,lowacc,20,0.9083568688735959,0.42857142857142855,0.6666666666666666
Austropotamobius torrentium (pooled),random_forest,lowacc,20,0.9211400428273073,0.42857142857142855,0.5384615384615384
Austropotamobius torrentium (pooled),random_forest,lowacc,20,0.9207532742270008,0.6666666666666666,0.5384615384615384
Austropotamobius torrentium (pooled),random_forest,lowacc,20,0.9050625357738725,0.6666666666666666,0.6666666666666666
Austropotamobius torrentium (pooled),random_forest,lowacc,20,0.9131769353949644,0.6666666666666666,0.5384615384615384
Austropotamobius torrentium (pooled),random_forest,lowacc,20,0.8834828378447384,0.6666666666666666,0.6666666666666666
Austropotamobius torrentium (pooled),random_forest,lowacc,20,0.9139239738517352,0.6666666666666666,0.6666666666666666
Austropotamobius torrentium (pooled),random_forest,snapping,1,0.9574558313903689,0.6666666666666666,0.6666666666666666
Austropotamobius torrentium (pooled),random_forest,snapping,1,0.9608387761675479,0.6666666666666666,0.6666666666666666
Austropotamobius torrentium (pooled),random_forest,snapping,1,0.9481895829355496,0.6666666666666666,0.5384615384615384
Austropotamobius torrentium (pooled),random_forest,snapping,1,0.9483454696692741,0.6666666666666666,1.0
Austropotamobius torrentium (pooled),random_forest,snapping,1,0.9611432833620198,0.6666666666666666,0.8181818181818182
Austropotamobius torrentium (pooled),random_forest,snapping,1,0.9532247244348537,0.6666666666666666,0.8181818181818182
Austropotamobius torrentium (pooled),random_forest,snapping,1,0.9569986448291173,0.6666666666666666,0.6666666666666666
Austropotamobius torrentium (pooled),random_forest,snapping,1,0.9462359554836091,0.6666666666666666,0.8181818181818182
Austropotamobius torrentium (pooled),random_forest,snapping,1,0.9462308038921973,0.6666666666666666,0.8181818181818182
Austropotamobius torrentium (pooled),random_forest,snapping,1,0.9459102078145819,0.6666666666666666,0.6666666666666666
Austropotamobius torrentium (pooled),random_forest,snapping,1,0.9427656988940197,0.6666666666666666,0.8181818181818182
Austropotamobius torrentium (pooled),random_forest,snapping,1,0.9627590123249592,0.6666666666666666,0.6666666666666666
Austropotamobius torrentium (pooled),random_forest,snapping,1,0.9536624251543897,0.6666666666666666,0.5384615384615384
Austropotamobius torrentium (pooled),random_forest,snapping,1,0.9569413105421172,0.6666666666666666,0.8181818181818182
Austropotamobius torrentium (pooled),random_forest,snapping,1,0.9512842059113661,0.6666666666666666,0.5384615384615384
Austropotamobius torrentium (pooled),random_forest,snapping,1,0.9640952318652283,0.6666666666666666,0.5384615384615384
Austropotamobius torrentium (pooled),random_forest,snapping,1,0.9606373821964792,0.6666666666666666,0.6666666666666666
Austropotamobius torrentium (pooled),random_forest,snapping,1,0.956555947596763,0.6666666666666666,0.8181818181818182
Austropotamobius torrentium (pooled),random_forest,snapping,1,0.9605845603010484,0.6666666666666666,0.6666666666666666
Austropotamobius torrentium (pooled),random_forest,snapping,1,0.9579691980272886,0.6666666666666666,0.6666666666666666
Austropotamobius torrentium (pooled),random_forest,snapping,1,0.9506542664108061,0.6666666666666666,0.8181818181818182
Austropotamobius torrentium (pooled),random_forest,snapping,1,0.961182255045451,0.6666666666666666,0.6666666666666666
Austropotamobius torrentium (pooled),random_forest,snapping,1,0.9461900591741585,0.6666666666666666,0.8181818181818182
Austropotamobius torrentium (pooled),random_forest,snapping,1,0.9532282207121153,0.6666666666666666,0.6666666666666666
Austropotamobius torrentium (pooled),random_forest,snapping,1,0.9539790288991999,0.6666666666666666,0.8181818181818182
Austropotamobius torrentium (pooled),random_forest,snapping,1,0.9557196428935114,0.6666666666666666,0.6666666666666666
Austropotamobius torrentium (pooled),random_forest,snapping,1,0.9591435905186916,1.0,1.0
Austropotamobius torrentium (pooled),random_forest,snapping,1,0.9590735891772377,0.6666666666666666,0.6666666666666666
Austropotamobius torrentium (pooled),random_forest,snapping,1,0.9620909348697815,0.6666666666666666,1.0
Austropotamobius torrentium (pooled),random_forest,snapping,1,0.956700644234165,0.6666666666666666,0.8181818181818182
Austropotamobius torrentium (pooled),random_forest,snapping,2,0.9542153359130692,0.6666666666666666,1.0
Austropotamobius torrentium (pooled),random_forest,snapping,2,0.9562338484770985,0.6666666666666666,0.8181818181818182
Austropotamobius torrentium (pooled),random_forest,snapping,2,0.9523493231680864,0.6666666666666666,0.6666666666666666
Austropotamobius torrentium (pooled),random_forest,snapping,2,0.9493960294766121,0.6666666666666666,0.8181818181818182
Austropotamobius torrentium (pooled),random_forest,snapping,2,0.956058358603388,0.6666666666666666,0.5384615384615384
Austropotamobius torrentium (pooled),random_forest,snapping,2,0.95868343941845,0.6666666666666666,0.6666666666666666
Austropotamobius torrentium (pooled),random_forest,snapping,2,0.9565292756005301,0.6666666666666666,0.6666666666666666
Austropotamobius torrentium (pooled),random_forest,snapping,2,0.9516680492548009,0.6666666666666666,0.8181818181818182
Austropotamobius torrentium (pooled),random_forest,snapping,2,0.9532043517187837,0.6666666666666666,0.8181818181818182
Austropotamobius torrentium (pooled),random_forest,snapping,2,0.946328863833502,0.6666666666666666,0.8181818181818182
Austropotamobius torrentium (pooled),random_forest,snapping,2,0.9470320248921582,1.0,0.8181818181818182
Austropotamobius torrentium (pooled),random_forest,snapping,2,0.9564930035438968,0.6666666666666666,0.8181818181818182
Austropotamobius torrentium (pooled),random_forest,snapping,2,0.9563193196723081,1.0,1.0
Austropotamobius torrentium (pooled),random_forest,snapping,2,0.9541468918940431,0.6666666666666666,0.8181818181818182
Austropotamobius torrentium (pooled),random_forest,snapping,2,0.9665886035097974,0.6666666666666666,0.8181818181818182
Austropotamobius torrentium (pooled),random_forest,snapping,2,0.9579321738863995,0.6666666666666666,0.5384615384615384
Austropotamobius torrentium (pooled),random_forest,snapping,2,0.9555046095015406,0.6666666666666666,0.6666666666666666
Austropotamobius torrentium (pooled),random_forest,snapping,2,0.9437383849086015,0.6666666666666666,0.6666666666666666
Austropotamobius torrentium (pooled),random_forest,snapping,2,0.9510335756822914,0.6666666666666666,0.8181818181818182
Austropotamobius torrentium (pooled),random_forest,snapping,2,0.9498215221792287,0.6666666666666666,0.8181818181818182
Austropotamobius torrentium (pooled),random_forest,snapping,2,0.9607620915834588,0.6666666666666666,0.6666666666666666
Austropotamobius torrentium (pooled),random_forest,snapping,2,0.948621899090278,0.6666666666666666,0.6666666666666666
Austropotamobius torrentium (pooled),random_forest,snapping,2,0.9561180738333336,0.6666666666666666,0.6666666666666666
Austropotamobius torrentium (pooled),random_forest,snapping,2,0.9456174518290937,0.6666666666666666,1.0
Austropotamobius torrentium (pooled),random_forest,snapping,2,0.9535535041757135,0.6666666666666666,0.6666666666666666
Austropotamobius torrentium (pooled),random_forest,snapping,2,0.9535082035879592,0.6666666666666666,0.8181818181818182
Austropotamobius torrentium (pooled),random_forest,snapping,2,0.9392589781042807,0.6666666666666666,0.6666666666666666
Austropotamobius torrentium (pooled),random_forest,snapping,2,0.9585147156127509,0.6666666666666666,0.8181818181818182
Austropotamobius torrentium (pooled),random_forest,snapping,2,0.9518864423012606,0.6666666666666666,0.5384615384615384
Austropotamobius torrentium (pooled),random_forest,snapping,2,0.9534524374946719,0.6666666666666666,0.8181818181818182
Austropotamobius torrentium (pooled),random_forest,snapping,5,0.9600610619875363,0.6666666666666666,0.8181818181818182
Austropotamobius torrentium (pooled),random_forest,snapping,5,0.9477500517579432,0.6666666666666666,0.6666666666666666
Austropotamobius torrentium (pooled),random_forest,snapping,5,0.9556287594700359,0.6666666666666666,0.8181818181818182
Austropotamobius torrentium (pooled),random_forest,snapping,5,0.9619190634353211,0.6666666666666666,0.6666666666666666
Austropotamobius torrentium (pooled),random_forest,snapping,5,0.9534926547584428,0.6666666666666666,0.6666666666666666
Austropotamobius torrentium (pooled),random_forest,snapping,5,0.9575752925846089,0.6666666666666666,0.8181818181818182
Austropotamobius torrentium (pooled),random_forest,snapping,5,0.9508978713609926,0.6666666666666666,0.8181818181818182
Austropotamobius torrentium (pooled),random_forest,snapping,5,0.9585416799199693,0.6666666666666666,0.6666666666666666
Austropotamobius torrentium (pooled),random_forest,snapping,5,0.9489234684491622,0.6666666666666666,0.6666666666666666
Austropotamobius torrentium (pooled),random_forest,snapping,5,0.9363480813025952,0.6666666666666666,0.6666666666666666
Austropotamobius torrentium (pooled),random_forest,snapping,5,0.9566145285565254,0.6666666666666666,0.6666666666666666
Austropotamobius torrentium (pooled),random_forest,snapping,5,0.953260529669006,0.6666666666666666,0.8181818181818182
Austropotamobius torrentium (pooled),random_forest,snapping,5,0.9492764057572356,0.6666666666666666,0.8181818181818182
Austropotamobius torrentium (pooled),random_forest,snapping,5,0.9447161837955013,0.6666666666666666,0.6666666666666666
Austropotamobius torrentium (pooled),random_forest,snapping,5,0.9608069413840874,0.6666666666666666,0.6666666666666666
Austropotamobius torrentium (pooled),random_forest,snapping,5,0.9612698794144552,0.6666666666666666,0.8181818181818182
Austropotamobius torrentium (pooled),random_forest,snapping,5,0.9481839807560564,0.6666666666666666,0.6666666666666666
Austropotamobius torrentium (pooled),random_forest,snapping,5,0.956571066700766,0.6666666666666666,0.5384615384615384
Austropotamobius torrentium (pooled),random_forest,snapping,5,0.9490624378589085,0.6666666666666666,0.6666666666666666
Austropotamobius torrentium (pooled),random_forest,snapping,5,0.9579667030107502,0.6666666666666666,0.6666666666666666
Austropotamobius torrentium (pooled),random_forest,snapping,5,0.9528255082527057,0.6666666666666666,0.8181818181818182
Austropotamobius torrentium (pooled),random_forest,snapping,5,0.951099062676706,0.6666666666666666,0.8181818181818182
Austropotamobius torrentium (pooled),random_forest,snapping,5,0.9605304277434886,0.6666666666666666,0.8181818181818182
Austropotamobius torrentium (pooled),random_forest,snapping,5,0.9431778244463039,0.6666666666666666,0.8181818181818182
Austropotamobius torrentium (pooled),random_forest,snapping,5,0.9517635453582258,0.6666666666666666,0.6666666666666666
Austropotamobius torrentium (pooled),random_forest,snapping,5,0.9506269409228745,0.6666666666666666,0.8181818181818182
Austropotamobius torrentium (pooled),random_forest,snapping,5,0.947814830448972,1.0,0.6666666666666666
Austropotamobius torrentium (pooled),random_forest,snapping,5,0.9503830087805827,0.6666666666666666,0.8181818181818182
Austropotamobius torrentium (pooled),random_forest,snapping,5,0.9525122696771521,0.6666666666666666,0.8181818181818182
Austropotamobius torrentium (pooled),random_forest,snapping,5,0.962615420213608,1.0,0.8181818181818182
Austropotamobius torrentium (pooled),xgboost,lowacc,3,0.5475502210499551,0.42857142857142855,0.3333333333333333
Austropotamobius torrentium (pooled),xgboost,lowacc,3,0.5478665132203058,0.42857142857142855,0.42857142857142855
Austropotamobius torrentium (pooled),xgboost,lowacc,3,0.6538368945553358,0.6666666666666666,0.6666666666666666
Austropotamobius torrentium (pooled),xgboost,lowacc,3,0.6304397897466333,0.25,0.42857142857142855
Austropotamobius torrentium (pooled),xgboost,lowacc,3,0.5807913195950106,0.42857142857142855,0.42857142857142855
Austropotamobius torrentium (pooled),xgboost,lowacc,3,0.533338771962009,0.42857142857142855,0.25
Austropotamobius torrentium (pooled),xgboost,lowacc,3,0.5493962260186432,0.1111111111111111,0.5384615384615384
Austropotamobius torrentium (pooled),xgboost,lowacc,3,0.5374108309330308,0.42857142857142855,0.42857142857142855
Austropotamobius torrentium (pooled),xgboost,lowacc,3,0.5750423467847308,0.42857142857142855,0.42857142857142855
Austropotamobius torrentium (pooled),xgboost,lowacc,3,0.541140563722118,0.6666666666666666,0.42857142857142855
Austropotamobius torrentium (pooled),xgboost,lowacc,3,0.5318450158219384,0.25,0.42857142857142855
Austropotamobius torrentium (pooled),xgboost,lowacc,3,0.5791523086883331,0.25,0.3333333333333333
Austropotamobius torrentium (pooled),xgboost,lowacc,3,0.5584941883361442,0.42857142857142855,0.3333333333333333
Austropotamobius torrentium (pooled),xgboost,lowacc,3,0.6548169190872396,0.42857142857142855,0.3333333333333333
Austropotamobius torrentium (pooled),xgboost,lowacc,3,0.5414113716738574,0.25,0.42857142857142855
Austropotamobius torrentium (pooled),xgboost,lowacc,3,0.584600125328899,0.42857142857142855,0.42857142857142855
Austropotamobius torrentium (pooled),xgboost,lowacc,3,0.50936868194727,0.25,0.25
Austropotamobius torrentium (pooled),xgboost,lowacc,3,0.5494030561375507,0.42857142857142855,0.25
Austropotamobius torrentium (pooled),xgboost,lowacc,3,0.6155364353576224,0.42857142857142855,0.42857142857142855
Austropotamobius torrentium (pooled),xgboost,lowacc,3,0.5561721918404396,0.6666666666666666,0.3333333333333333
Austropotamobius torrentium (pooled),xgboost,lowacc,3,0.5776435406126327,0.6666666666666666,0.5384615384615384
Austropotamobius torrentium (pooled),xgboost,lowacc,3,0.5615884564470875,0.6666666666666666,0.5384615384615384
Austropotamobius torrentium (pooled),xgboost,lowacc,3,0.5302313302615088,0.42857142857142855,0.3333333333333333
Austropotamobius torrentium (pooled),xgboost,lowacc,3,0.5116349822611063,0.42857142857142855,0.3333333333333333
Austropotamobius torrentium (pooled),xgboost,lowacc,3,0.560889050560843,0.42857142857142855,0.42857142857142855
Austropotamobius torrentium (pooled),xgboost,lowacc,3,0.5116096936059704,0.42857142857142855,0.42857142857142855
Austropotamobius torrentium (pooled),xgboost,lowacc,3,0.6111982317114675,0.6666666666666666,0.42857142857142855
Austropotamobius torrentium (pooled),xgboost,lowacc,3,0.5766161566817342,0.42857142857142855,0.42857142857142855
Austropotamobius torrentium (pooled),xgboost,lowacc,3,0.559834111306089,0.42857142857142855,0.42857142857142855
Austropotamobius torrentium (pooled),xgboost,lowacc,3,0.5904375778991913,0.6666666666666666,0.42857142857142855
Austropotamobius torrentium (pooled),xgboost,lowacc,10,0.5780923174085086,0.42857142857142855,0.42857142857142855
Austropotamobius torrentium (pooled),xgboost,lowacc,10,0.4324624889936315,0.42857142857142855,0.42857142857142855
Austropotamobius torrentium (pooled),xgboost,lowacc,10,0.5454128589085119,0.25,0.3333333333333333
Austropotamobius torrentium (pooled),xgboost,lowacc,10,0.5213313209466337,0.25,0.3333333333333333
Austropotamobius torrentium (pooled),xgboost,lowacc,10,0.5509151542596591,0.42857142857142855,0.42857142857142855
Austropotamobius torrentium (pooled),xgboost,lowacc,10,0.4233630347353013,0.25,0.42857142857142855
Austropotamobius torrentium (pooled),xgboost,lowacc,10,0.5399525302427481,0.42857142857142855,0.42857142857142855
Austropotamobius torrentium (pooled),xgboost,lowacc,10,0.49575905255141184,0.6666666666666666,0.5384615384615384
Austropotamobius torrentium (pooled),xgboost,lowacc,10,0.5987165350305629,0.25,0.25
Austropotamobius torrentium (pooled),xgboost,lowacc,10,0.5333807340154713,0.25,0.25
Austropotamobius torrentium (pooled),xgboost,lowacc,10,0.43068905791070605,0.1111111111111111,0.3333333333333333
Austropotamobius torrentium (pooled),xgboost,lowacc,10,0.5911870403521435,0.42857142857142855,0.3333333333333333
Austropotamobius torrentium (pooled),xgboost,lowacc,10,0.5759437541590219,0.42857142857142855,0.3333333333333333
Austropotamobius torrentium (pooled),xgboost,lowacc,10,0.5269893231807267,0.42857142857142855,0.5384615384615384
Austropotamobius torrentium (pooled),xgboost,lowacc,10,0.4301055603090783,0.42857142857142855,0.3333333333333333
Austropotamobius torrentium (pooled),xgboost,lowacc,10,0.5605036630706555,0.25,0.3333333333333333
Austropotamobius torrentium (pooled),xgboost,lowacc,10,0.5507620058673091,0.6666666666666666,0.3333333333333333
Austropotamobius torrentium (pooled),xgboost,lowacc,10,0.5804563508442042,0.25,0.42857142857142855
Austropotamobius torrentium (pooled),xgboost,lowacc,10,0.5170603804724031,0.42857142857142855,0.42857142857142855
Austropotamobius torrentium (pooled),xgboost,lowacc,10,0.5191789714067097,0.6666666666666666,0.42857142857142855
Austropotamobius torrentium (pooled),xgboost,lowacc,10,0.5631549830886994,0.1111111111111111,0.25
Austropotamobius torrentium (pooled),xgboost,lowacc,10,0.5267201253233053,0.42857142857142855,0.5384615384615384
Austropotamobius torrentium (pooled),xgboost,lowacc,10,0.5433353821311989,0.42857142857142855,0.5384615384615384
Austropotamobius torrentium (pooled),xgboost,lowacc,10,0.5049004842563954,0.25,0.17647058823529413
Austropotamobius torrentium (pooled),xgboost,lowacc,10,0.5017276638170247,0.42857142857142855,0.42857142857142855
Austropotamobius torrentium (pooled),xgboost,lowacc,10,0.5655146160027867,0.42857142857142855,0.42857142857142855
Austropotamobius torrentium (pooled),xgboost,lowacc,10,0.5631501531140322,0.42857142857142855,0.3333333333333333
Austropotamobius torrentium (pooled),xgboost,lowacc,10,0.48782004477592605,0.42857142857142855,0.5384615384615384
Austropotamobius torrentium (pooled),xgboost,lowacc,10,0.46195641083912065,0.25,0.3333333333333333
Austropotamobius torrentium (pooled),xgboost,lowacc,10,0.6165101940670374,0.42857142857142855,0.5384615384615384
Austropotamobius torrentium (pooled),xgboost,lowacc,20,0.48216102638843816,0.42857142857142855,0.3333333333333333
Austropotamobius torrentium (pooled),xgboost,lowacc,20,0.5063448588691339,0.25,0.25
Austropotamobius torrentium (pooled),xgboost,lowacc,20,0.5409318325563203,0.42857142857142855,0.42857142857142855
Austropotamobius torrentium (pooled),xgboost,lowacc,20,0.5445087782881591,0.25,0.42857142857142855
Austropotamobius torrentium (pooled),xgboost,lowacc,20,0.5025704996755574,0.25,0.5384615384615384
Austropotamobius torrentium (pooled),xgboost,lowacc,20,0.5079309554218799,0.25,0.42857142857142855
Austropotamobius torrentium (pooled),xgboost,lowacc,20,0.48144068974772786,0.25,0.3333333333333333
Austropotamobius torrentium (pooled),xgboost,lowacc,20,0.5438642610191434,0.25,0.42857142857142855
Austropotamobius torrentium (pooled),xgboost,lowacc,20,0.514616696628235,0.25,0.42857142857142855
Austropotamobius torrentium (pooled),xgboost,lowacc,20,0.5719725996457308,0.6666666666666666,0.42857142857142855
Austropotamobius torrentium (pooled),xgboost,lowacc,20,0.4236959823767331,0.25,0.5384615384615384
Austropotamobius torrentium (pooled),xgboost,lowacc,20,0.5193779717079484,0.42857142857142855,0.3333333333333333
Austropotamobius torrentium (pooled),xgboost,lowacc,20,0.4703975866689768,0.42857142857142855,0.42857142857142855
Austropotamobius torrentium (pooled),xgboost,lowacc,20,0.5867558686364192,0.25,0.25
Austropotamobius torrentium (pooled),xgboost,lowacc,20,0.5188785229418388,0.42857142857142855,0.3333333333333333
Austropotamobius torrentium (pooled),xgboost,lowacc,20,0.5541150617928141,0.42857142857142855,0.42857142857142855
Austropotamobius torrentium (pooled),xgboost,lowacc,20,0.5552784219948401,0.25,0.25
Austropotamobius torrentium (pooled),xgboost,lowacc,20,0.5394746775775985,0.42857142857142855,0.3333333333333333
Austropotamobius torrentium (pooled),xgboost,lowacc,20,0.5034892426394019,0.25,0.6666666666666666
Austropotamobius torrentium (pooled),xgboost,lowacc,20,0.5564740633035565,0.25,0.5384615384615384
Austropotamobius torrentium (pooled),xgboost,lowacc,20,0.4874415124150855,0.42857142857142855,0.42857142857142855
Austropotamobius torrentium (pooled),xgboost,lowacc,20,0.573926283373723,0.25,0.3333333333333333
Austropotamobius torrentium (pooled),xgboost,lowacc,20,0.5609427859644539,0.42857142857142855,0.42857142857142855
Austropotamobius torrentium (pooled),xgboost,lowacc,20,0.48086165387635454,0.42857142857142855,0.5384615384615384
Austropotamobius torrentium (pooled),xgboost,lowacc,20,0.47174362407723325,0.25,0.3333333333333333
Austropotamobius torrentium (pooled),xgboost,lowacc,20,0.5823069594750719,0.25,0.42857142857142855
Austropotamobius torrentium (pooled),xgboost,lowacc,20,0.5577651675596521,0.25,0.25
Austropotamobius torrentium (pooled),xgboost,lowacc,20,0.5771153273945374,0.25,0.42857142857142855
Austropotamobius torrentium (pooled),xgboost,lowacc,20,0.48739069904736265,0.25,0.42857142857142855
Austropotamobius torrentium (pooled),xgboost,lowacc,20,0.5704669858882241,0.25,0.3333333333333333
Austropotamobius torrentium (pooled),xgboost,snapping,1,0.50951670828455,0.42857142857142855,0.3333333333333333
Austropotamobius torrentium (pooled),xgboost,snapping,1,0.626763386407014,0.42857142857142855,0.5384615384615384
Austropotamobius torrentium (pooled),xgboost,snapping,1,0.5910869811328121,0.42857142857142855,0.3333333333333333
Austropotamobius torrentium (pooled),xgboost,snapping,1,0.6320233371516069,0.25,0.5384615384615384
Austropotamobius torrentium (pooled),xgboost,snapping,1,0.5912251106821104,0.42857142857142855,0.3333333333333333
Austropotamobius torrentium (pooled),xgboost,snapping,1,0.5622269762139921,0.42857142857142855,0.42857142857142855
Austropotamobius torrentium (pooled),xgboost,snapping,1,0.5507553752565221,0.25,0.3333333333333333
Austropotamobius torrentium (pooled),xgboost,snapping,1,0.612424087935332,0.42857142857142855,0.42857142857142855
Austropotamobius torrentium (pooled),xgboost,snapping,1,0.5468739606792605,0.42857142857142855,0.25
Austropotamobius torrentium (pooled),xgboost,snapping,1,0.6398904228855885,0.42857142857142855,0.25
Austropotamobius torrentium (pooled),xgboost,snapping,1,0.5701313891130086,0.42857142857142855,0.3333333333333333
Austropotamobius torrentium (pooled),xgboost,snapping,1,0.534077262436597,0.6666666666666666,0.42857142857142855
Austropotamobius torrentium (pooled),xgboost,snapping,1,0.5657342261435382,0.42857142857142855,0.42857142857142855
Austropotamobius torrentium (pooled),xgboost,snapping,1,0.6182257458699725,0.25,0.3333333333333333
Austropotamobius torrentium (pooled),xgboost,snapping,1,0.5565281131870563,0.6666666666666666,0.42857142857142855
Austropotamobius torrentium (pooled),xgboost,snapping,1,0.5347496417270942,0.25,0.42857142857142855
Austropotamobius torrentium (pooled),xgboost,snapping,1,0.6090578025405884,0.6666666666666666,0.3333333333333333
Austropotamobius torrentium (pooled),xgboost,snapping,1,0.5566058832648345,0.25,0.3333333333333333
Austropotamobius torrentium (pooled),xgboost,snapping,1,0.5628832013290427,0.25,0.17647058823529413
Austropotamobius torrentium (pooled),xgboost,snapping,1,0.5619561193479622,0.25,0.25
Austropotamobius torrentium (pooled),xgboost,snapping,1,0.5685198519899514,0.42857142857142855,0.42857142857142855
Austropotamobius torrentium (pooled),xgboost,snapping,1,0.5574689387015768,0.42857142857142855,0.42857142857142855
Austropotamobius torrentium (pooled),xgboost,snapping,1,0.5575384778544031,0.6666666666666666,0.3333333333333333
Austropotamobius torrentium (pooled),xgboost,snapping,1,0.525674003389085,0.25,0.5384615384615384
Austropotamobius torrentium (pooled),xgboost,snapping,1,0.5667427950792839,0.42857142857142855,0.3333333333333333
Austropotamobius torrentium (pooled),xgboost,snapping,1,0.6063862390226815,0.42857142857142855,0.42857142857142855
Austropotamobius torrentium (pooled),xgboost,snapping,1,0.5783291393771796,0.6666666666666666,0.42857142857142855
Austropotamobius torrentium (pooled),xgboost,snapping,1,0.5464673246714509,0.6666666666666666,0.5384615384615384
Austropotamobius torrentium (pooled),xgboost,snapping,1,0.6118973582952074,0.42857142857142855,0.3333333333333333
Austropotamobius torrentium (pooled),xgboost,snapping,1,0.5418419112234812,0.42857142857142855,0.3333333333333333
Austropotamobius torrentium (pooled),xgboost,snapping,2,0.6207999718924575,0.1111111111111111,0.25
Austropotamobius torrentium (pooled),xgboost,snapping,2,0.5309890536736949,0.42857142857142855,0.25
Austropotamobius torrentium (pooled),xgboost,snapping,2,0.5536677335967798,0.42857142857142855,0.25
Austropotamobius torrentium (pooled),xgboost,snapping,2,0.5445678143135573,0.6666666666666666,0.5384615384615384
Austropotamobius torrentium (pooled),xgboost,snapping,2,0.6162228858915093,0.42857142857142855,0.42857142857142855
Austropotamobius torrentium (pooled),xgboost,snapping,2,0.5343553284532331,0.42857142857142855,0.3333333333333333
Austropotamobius torrentium (pooled),xgboost,snapping,2,0.5462894976470399,0.42857142857142855,0.3333333333333333
Austropotamobius torrentium (pooled),xgboost,snapping,2,0.6508470512298485,0.6666666666666666,0.3333333333333333
Austropotamobius torrentium (pooled),xgboost,snapping,2,0.5736480267963447,0.25,0.3333333333333333
Austropotamobius torrentium (pooled),xgboost,snapping,2,0.568801651694852,0.25,0.42857142857142855
Austropotamobius torrentium (pooled),xgboost,snapping,2,0.56123038275702,0.25,0.25
Austropotamobius torrentium (pooled),xgboost,snapping,2,0.596401104339504,0.42857142857142855,0.3333333333333333
Austropotamobius torrentium (pooled),xgboost,snapping,2,0.620088552026749,0.42857142857142855,0.42857142857142855
Austropotamobius torrentium (pooled),xgboost,snapping,2,0.5063296101352143,0.25,0.3333333333333333
Austropotamobius torrentium (pooled),xgboost,snapping,2,0.5501577842768205,0.25,0.42857142857142855
Austropotamobius torrentium (pooled),xgboost,snapping,2,0.5573332411735302,0.42857142857142855,0.42857142857142855
Austropotamobius torrentium (pooled),xgboost,snapping,2,0.5787673489530653,0.42857142857142855,0.3333333333333333
Austropotamobius torrentium (pooled),xgboost,snapping,2,0.5304440512596187,0.42857142857142855,0.42857142857142855
Austropotamobius torrentium (pooled),xgboost,snapping,2,0.580062240248866,0.42857142857142855,0.42857142857142855
Austropotamobius torrentium (pooled),xgboost,snapping,2,0.5882056830045188,0.42857142857142855,0.3333333333333333
Austropotamobius torrentium (pooled),xgboost,snapping,2,0.650504667023216,0.25,0.42857142857142855
Austropotamobius torrentium (pooled),xgboost,snapping,2,0.5192041732540318,0.42857142857142855,0.3333333333333333
Austropotamobius torrentium (pooled),xgboost,snapping,2,0.6582949449092016,0.42857142857142855,0.42857142857142855
Austropotamobius torrentium (pooled),xgboost,snapping,2,0.6228578138602113,0.42857142857142855,0.42857142857142855
Austropotamobius torrentium (pooled),xgboost,snapping,2,0.6281760371609099,0.42857142857142855,0.42857142857142855
Austropotamobius torrentium (pooled),xgboost,snapping,2,0.5878656511005927,0.42857142857142855,0.3333333333333333
Austropotamobius torrentium (pooled),xgboost,snapping,2,0.4683536821409257,0.42857142857142855,0.42857142857142855
Austropotamobius torrentium (pooled),xgboost,snapping,2,0.5833032533912945,0.42857142857142855,0.3333333333333333
Austropotamobius torrentium (pooled),xgboost,snapping,2,0.6383860771219266,0.6666666666666666,0.5384615384615384
Austropotamobius torrentium (pooled),xgboost,snapping,2,0.5624934668892563,0.42857142857142855,0.3333333333333333
Austropotamobius torrentium (pooled),xgboost,snapping,5,0.5642702339633605,0.42857142857142855,0.42857142857142855
Austropotamobius torrentium (pooled),xgboost,snapping,5,0.5664907939798235,0.42857142857142855,0.42857142857142855
Austropotamobius torrentium (pooled),xgboost,snapping,5,0.5559920524484399,0.42857142857142855,0.3333333333333333
Austropotamobius torrentium (pooled),xgboost,snapping,5,0.5787665856119895,0.25,0.3333333333333333
Austropotamobius torrentium (pooled),xgboost,snapping,5,0.5340501407329041,0.42857142857142855,0.42857142857142855
Austropotamobius torrentium (pooled),xgboost,snapping,5,0.5339460069727773,0.25,0.42857142857142855
Austropotamobius torrentium (pooled),xgboost,snapping,5,0.5897640350195655,0.42857142857142855,0.3333333333333333
Austropotamobius torrentium (pooled),xgboost,snapping,5,0.5464201554209338,0.42857142857142855,0.3333333333333333
Austropotamobius torrentium (pooled),xgboost,snapping,5,0.596609290454576,0.42857142857142855,0.5384615384615384
Austropotamobius torrentium (pooled),xgboost,snapping,5,0.5285628454503639,0.6666666666666666,0.42857142857142855
Austropotamobius torrentium (pooled),xgboost,snapping,5,0.5952347226976755,0.6666666666666666,0.42857142857142855
Austropotamobius torrentium (pooled),xgboost,snapping,5,0.5899737185148041,0.6666666666666666,0.3333333333333333
Austropotamobius torrentium (pooled),xgboost,snapping,5,0.5601418454943999,0.42857142857142855,0.3333333333333333
Austropotamobius torrentium (pooled),xgboost,snapping,5,0.5447188142311515,0.25,0.3333333333333333
Austropotamobius torrentium (pooled),xgboost,snapping,5,0.5899162640379547,0.42857142857142855,0.25
Austropotamobius torrentium (pooled),xgboost,snapping,5,0.62704211759678,0.42857142857142855,0.3333333333333333
Austropotamobius torrentium (pooled),xgboost,snapping,5,0.5977803651270498,0.42857142857142855,0.3333333333333333
Austropotamobius torrentium (pooled),xgboost,snapping,5,0.5876872372237555,0.42857142857142855,0.42857142857142855
Austropotamobius torrentium (pooled),xgboost,snapping,5,0.543127022669514,0.25,0.42857142857142855
Austropotamobius torrentium (pooled),xgboost,snapping,5,0.5878727247534146,0.25,0.3333333333333333
Austropotamobius torrentium (pooled),xgboost,snapping,5,0.5411003016482323,0.6666666666666666,0.42857142857142855
Austropotamobius torrentium (pooled),xgboost,snapping,5,0.6496319355796906,0.25,0.42857142857142855
Austropotamobius torrentium (pooled),xgboost,snapping,5,0.5469691588136444,0.25,0.3333333333333333
Austropotamobius torrentium (pooled),xgboost,snapping,5,0.5387549613665077,0.42857142857142855,0.25
Austropotamobius torrentium (pooled),xgboost,snapping,5,0.5958603623637819,0.6666666666666666,0.6666666666666666
Austropotamobius torrentium (pooled),xgboost,snapping,5,0.5366648843752134,0.25,0.42857142857142855
Austropotamobius torrentium (pooled),xgboost,snapping,5,0.5398451837667617,0.25,0.17647058823529413
Austropotamobius torrentium (pooled),xgboost,snapping,5,0.5751344867835992,0.42857142857142855,0.25
Austropotamobius torrentium (pooled),xgboost,snapping,5,0.5470498791766052,0.6666666666666666,0.3333333333333333
Austropotamobius torrentium (pooled),xgboost,snapping,5,0.5517643258169729,0.42857142857142855,0.25
Cambarus latimanus,random_forest,snapping,1,0.951353006593229,0.42857142857142855,0.8181818181818182
Cambarus latimanus,random_forest,snapping,1,0.9497588601260418,0.6666666666666666,1.0
Cambarus latimanus,random_forest,snapping,1,0.9476507829657972,0.42857142857142855,1.0
Cambarus latimanus,random_forest,snapping,1,0.9401143507626516,0.42857142857142855,1.0
Cambarus latimanus,random_forest,snapping,1,0.9383658947013387,0.6666666666666666,0.8181818181818182
Cambarus latimanus,random_forest,snapping,1,0.9434945048509391,0.42857142857142855,0.6666666666666666
Cambarus latimanus,random_forest,snapping,1,0.9565023749304684,0.6666666666666666,0.8181818181818182
Cambarus latimanus,random_forest,snapping,1,0.9545607449456716,0.25,0.8181818181818182
Cambarus latimanus,random_forest,snapping,1,0.9520583424601079,0.42857142857142855,0.6666666666666666
Cambarus latimanus,random_forest,snapping,1,0.9620704404834639,0.6666666666666666,0.8181818181818182
Cambarus latimanus,random_forest,snapping,1,0.9604855059446342,0.42857142857142855,0.8181818181818182
Cambarus latimanus,random_forest,snapping,1,0.9454277826863221,0.42857142857142855,0.8181818181818182
Cambarus latimanus,random_forest,snapping,1,0.9429965849924119,0.42857142857142855,0.8181818181818182
Cambarus latimanus,random_forest,snapping,1,0.9423195433981401,0.6666666666666666,0.8181818181818182
Cambarus latimanus,random_forest,snapping,1,0.9459268349910364,0.42857142857142855,0.6666666666666666
Cambarus latimanus,random_forest,snapping,1,0.9536189887640453,0.6666666666666666,1.0
Cambarus latimanus,random_forest,snapping,1,0.9404227739230477,0.6666666666666666,0.8181818181818182
Cambarus latimanus,random_forest,snapping,1,0.9500732309993513,0.6666666666666666,0.8181818181818182
Cambarus latimanus,random_forest,snapping,1,0.9449531114447381,0.42857142857142855,0.8181818181818182
Cambarus latimanus,random_forest,snapping,1,0.948328666067615,0.6666666666666666,0.5384615384615384
Cambarus latimanus,random_forest,snapping,1,0.9482185932120543,0.42857142857142855,1.0
Cambarus latimanus,random_forest,snapping,1,0.9513830989932118,0.6666666666666666,0.8181818181818182
Cambarus latimanus,random_forest,snapping,1,0.9459521172812672,0.6666666666666666,0.6666666666666666
Cambarus latimanus,random_forest,snapping,1,0.9496676350111014,0.6666666666666666,0.8181818181818182
Cambarus latimanus,random_forest,snapping,1,0.9464783493305386,0.6666666666666666,0.6666666666666666
Cambarus latimanus,random_forest,snapping,1,0.9497938837943487,0.6666666666666666,0.6666666666666666
Cambarus latimanus,random_forest,snapping,1,0.953904028171752,0.42857142857142855,1.0
Cambarus latimanus,random_forest,snapping,1,0.9522775886528121,0.42857142857142855,0.8181818181818182
Cambarus latimanus,random_forest,snapping,1,0.9561776599288148,0.6666666666666666,0.6666666666666666
Cambarus latimanus,random_forest,snapping,1,0.9442679003803881,0.6666666666666666,0.8181818181818182
Cambarus latimanus,random_forest,snapping,2,0.9445827502980304,0.42857142857142855,0.8181818181818182
Cambarus latimanus,random_forest,snapping,2,0.9567208406276212,0.25,0.8181818181818182
Cambarus latimanus,random_forest,snapping,2,0.9613136152232916,0.6666666666666666,0.8181818181818182
Cambarus latimanus,random_forest,snapping,2,0.9542362819478103,0.6666666666666666,0.8181818181818182
Cambarus latimanus,random_forest,snapping,2,0.953076823622021,0.42857142857142855,0.8181818181818182
Cambarus latimanus,random_forest,snapping,2,0.9497169431718101,0.6666666666666666,0.8181818181818182
Cambarus latimanus,random_forest,snapping,2,0.956282151604539,0.42857142857142855,1.0
Cambarus latimanus,random_forest,snapping,2,0.9525933443103352,0.6666666666666666,0.8181818181818182
Cambarus latimanus,random_forest,snapping,2,0.9468187736824399,0.6666666666666666,0.8181818181818182
Cambarus latimanus,random_forest,snapping,2,0.9461592477713863,0.6666666666666666,0.8181818181818182
Cambarus latimanus,random_forest,snapping,2,0.9529235246843218,0.6666666666666666,0.8181818181818182
Cambarus latimanus,random_forest,snapping,2,0.94553914146506,0.42857142857142855,0.8181818181818182
Cambarus latimanus,random_forest,snapping,2,0.9564321410506853,0.6666666666666666,0.8181818181818182
Cambarus latimanus,random_forest,snapping,2,0.9583943816672553,0.6666666666666666,0.8181818181818182
Cambarus latimanus,random_forest,snapping,2,0.9477049093182093,0.42857142857142855,1.0
Cambarus latimanus,random_forest,snapping,2,0.9555946831509231,0.6666666666666666,0.8181818181818182
Cambarus latimanus,random_forest,snapping,2,0.9565319233732652,0.6666666666666666,1.0
Cambarus latimanus,random_forest,snapping,2,0.9506674181118725,0.6666666666666666,0.8181818181818182
Cambarus latimanus,random_forest,snapping,2,0.9671784893333871,0.6666666666666666,0.8181818181818182
Cambarus latimanus,random_forest,snapping,2,0.9554851606130063,0.6666666666666666,0.6666666666666666
Cambarus latimanus,random_forest,snapping,2,0.9594114748593331,0.6666666666666666,1.0
Cambarus latimanus,random_forest,snapping,2,0.9578098795872846,1.0,0.8181818181818182
Cambarus latimanus,random_forest,snapping,2,0.9475953836057881,0.6666666666666666,0.8181818181818182
Cambarus latimanus,random_forest,snapping,2,0.9448465610958642,0.6666666666666666,0.8181818181818182
Cambarus latimanus,random_forest,snapping,2,0.9481358076434504,0.42857142857142855,0.8181818181818182
Cambarus latimanus,random_forest,snapping,2,0.9493895554853433,0.6666666666666666,1.0
Cambarus latimanus,random_forest,snapping,2,0.9381262212804337,0.42857142857142855,0.8181818181818182
Cambarus latimanus,random_forest,snapping,2,0.9513815554400344,0.6666666666666666,0.8181818181818182
Cambarus latimanus,random_forest,snapping,2,0.9383546100179041,0.6666666666666666,0.6666666666666666
Cambarus latimanus,random_forest,snapping,2,0.9523140506340863,0.42857142857142855,0.8181818181818182
Cambarus latimanus,random_forest,snapping,5,0.9401810886214242,0.6666666666666666,0.6666666666666666
Cambarus latimanus,random_forest,snapping,5,0.9523993921552094,0.6666666666666666,1.0
Cambarus latimanus,random_forest,snapping,5,0.9497556901803991,0.6666666666666666,0.8181818181818182
Cambarus latimanus,random_forest,snapping,5,0.9531265122289974,0.42857142857142855,0.8181818181818182
Cambarus latimanus,random_forest,snapping,5,0.9413737559409254,0.42857142857142855,0.8181818181818182
Cambarus latimanus,random_forest,snapping,5,0.9449148304575347,0.42857142857142855,0.6666666666666666
Cambarus latimanus,random_forest,snapping,5,0.9541228573828802,1.0,0.8181818181818182
Cambarus latimanus,random_forest,snapping,5,0.94886049284719,0.42857142857142855,0.8181818181818182
Cambarus latimanus,random_forest,snapping,5,0.963635630409837,0.6666666666666666,1.0
Cambarus latimanus,random_forest,snapping,5,0.958855155357111,0.6666666666666666,0.6666666666666666
Cambarus latimanus,random_forest,snapping,5,0.9353353049027773,0.6666666666666666,0.6666666666666666
Cambarus latimanus,random_forest,snapping,5,0.9485936832251961,0.42857142857142855,0.8181818181818182
Cambarus latimanus,random_forest,snapping,5,0.9631356420544014,0.42857142857142855,0.6666666666666666
Cambarus latimanus,random_forest,snapping,5,0.9541721225979508,0.6666666666666666,0.8181818181818182
Cambarus latimanus,random_forest,snapping,5,0.9449948261444119,0.42857142857142855,0.8181818181818182
Cambarus latimanus,random_forest,snapping,5,0.9470036900943566,0.6666666666666666,0.6666666666666666
Cambarus latimanus,random_forest,snapping,5,0.9523426150431153,0.42857142857142855,0.8181818181818182
Cambarus latimanus,random_forest,snapping,5,0.9507300016987449,0.42857142857142855,0.8181818181818182
Cambarus latimanus,random_forest,snapping,5,0.9500878532841969,0.6666666666666666,0.6666666666666666
Cambarus latimanus,random_forest,snapping,5,0.9483951721458305,0.42857142857142855,0.6666666666666666
Cambarus latimanus,random_forest,snapping,5,0.9555417548951516,0.42857142857142855,0.8181818181818182
Cambarus latimanus,random_forest,snapping,5,0.9601793838697498,0.42857142857142855,0.8181818181818182
Cambarus latimanus,random_forest,snapping,5,0.9476608651493466,0.6666666666666666,0.6666666666666666
Cambarus latimanus,random_forest,snapping,5,0.9474225589927255,0.42857142857142855,0.8181818181818182
Cambarus latimanus,random_forest,snapping,5,0.951162517790883,0.6666666666666666,1.0
Cambarus latimanus,random_forest,snapping,5,0.9522229595222296,0.6666666666666666,1.0
Cambarus latimanus,random_forest,snapping,5,0.9557522757287775,0.42857142857142855,1.0
Cambarus latimanus,random_forest,snapping,5,0.9461388422971143,1.0,0.8181818181818182
Cambarus latimanus,random_forest,snapping,5,0.9558725945587261,0.6666666666666666,0.8181818181818182
Cambarus latimanus,random_forest,snapping,5,0.9580032624785019,0.6666666666666666,1.0
Cambarus latimanus,xgboost,snapping,1,0.6005541763846142,0.42857142857142855,0.42857142857142855
Cambarus latimanus,xgboost,snapping,1,0.5129994997544666,0.42857142857142855,0.42857142857142855
Cambarus latimanus,xgboost,snapping,1,0.5036278525266128,0.42857142857142855,0.3333333333333333
Cambarus latimanus,xgboost,snapping,1,0.5363184047956194,0.42857142857142855,0.3333333333333333
Cambarus latimanus,xgboost,snapping,1,0.595051799529566,0.42857142857142855,0.3333333333333333
Cambarus latimanus,xgboost,snapping,1,0.5039322504558601,0.42857142857142855,0.3333333333333333
Cambarus latimanus,xgboost,snapping,1,0.5138900472139849,0.42857142857142855,0.42857142857142855
Cambarus latimanus,xgboost,snapping,1,0.5541289233706393,0.25,0.3333333333333333
Cambarus latimanus,xgboost,snapping,1,0.5188880424260118,0.25,0.42857142857142855
Cambarus latimanus,xgboost,snapping,1,0.5741121888595515,0.42857142857142855,0.42857142857142855
Cambarus latimanus,xgboost,snapping,1,0.5654870949508087,0.6666666666666666,0.5384615384615384
Cambarus latimanus,xgboost,snapping,1,0.5190925857872487,0.42857142857142855,0.42857142857142855
Cambarus latimanus,xgboost,snapping,1,0.5142798876834087,0.42857142857142855,0.3333333333333333
Cambarus latimanus,xgboost,snapping,1,0.5732107043365321,0.42857142857142855,0.42857142857142855
Cambarus latimanus,xgboost,snapping,1,0.5140549943362648,0.6666666666666666,0.5384615384615384
Cambarus latimanus,xgboost,snapping,1,0.5392697333094684,0.6666666666666666,0.42857142857142855
Cambarus latimanus,xgboost,snapping,1,0.5263576104595932,0.6666666666666666,0.5384615384615384
Cambarus latimanus,xgboost,snapping,1,0.5821682294488612,0.42857142857142855,0.5384615384615384
Cambarus latimanus,xgboost,snapping,1,0.46353346334757234,0.42857142857142855,0.6666666666666666
Cambarus latimanus,xgboost,snapping,1,0.5389929919731244,0.25,0.25
Cambarus latimanus,xgboost,snapping,1,0.5804827843523324,0.42857142857142855,0.42857142857142855
Cambarus latimanus,xgboost,snapping,1,0.5445269008182915,0.25,0.5384615384615384
Cambarus latimanus,xgboost,snapping,1,0.5651599199920492,0.42857142857142855,0.42857142857142855
Cambarus latimanus,xgboost,snapping,1,0.5788400630473369,0.6666666666666666,0.5384615384615384
Cambarus latimanus,xgboost,snapping,1,0.6069722033241393,0.42857142857142855,0.42857142857142855
Cambarus latimanus,xgboost,snapping,1,0.5905075838899716,0.42857142857142855,0.42857142857142855
Cambarus latimanus,xgboost,snapping,1,0.5901548299142216,0.42857142857142855,0.42857142857142855
Cambarus latimanus,xgboost,snapping,1,0.6226780245669818,0.25,0.3333333333333333
Cambarus latimanus,xgboost,snapping,1,0.5808987824518412,0.42857142857142855,0.42857142857142855
Cambarus latimanus,xgboost,snapping,1,0.6009735507997837,0.6666666666666666,0.5384615384615384
Cambarus latimanus,xgboost,snapping,2,0.5997771452432056,0.42857142857142855,0.6666666666666666
Cambarus latimanus,xgboost,snapping,2,0.5517313409306857,0.25,0.42857142857142855
Cambarus latimanus,xgboost,snapping,2,0.5719344063884316,0.42857142857142855,0.3333333333333333
Cambarus latimanus,xgboost,snapping,2,0.5057929335469099,0.25,0.5384615384615384
Cambarus latimanus,xgboost,snapping,2,0.5410932941436359,0.42857142857142855,0.42857142857142855
Cambarus latimanus,xgboost,snapping,2,0.5430268254665384,0.42857142857142855,0.42857142857142855
Cambarus latimanus,xgboost,snapping,2,0.5953957424158526,0.25,0.42857142857142855
Cambarus latimanus,xgboost,snapping,2,0.5247340326333549,0.42857142857142855,0.42857142857142855
Cambarus latimanus,xgboost,snapping,2,0.49542366880245753,0.42857142857142855,0.3333333333333333
Cambarus latimanus,xgboost,snapping,2,0.5713085833566146,0.42857142857142855,0.6666666666666666
Cambarus latimanus,xgboost,snapping,2,0.5567347275956547,0.25,0.42857142857142855
Cambarus latimanus,xgboost,snapping,2,0.5704236740070296,0.42857142857142855,0.3333333333333333
Cambarus latimanus,xgboost,snapping,2,0.5320953493363197,0.42857142857142855,0.5384615384615384
Cambarus latimanus,xgboost,snapping,2,0.6108332071964137,0.25,0.5384615384615384
Cambarus latimanus,xgboost,snapping,2,0.5364670648649292,0.6666666666666666,0.3333333333333333
Cambarus latimanus,xgboost,snapping,2,0.5007788793132519,0.42857142857142855,0.42857142857142855
Cambarus latimanus,xgboost,snapping,2,0.5433800886051229,0.42857142857142855,0.42857142857142855
Cambarus latimanus,xgboost,snapping,2,0.5111460129195504,0.42857142857142855,0.42857142857142855
Cambarus latimanus,xgboost,snapping,2,0.570430070904531,0.42857142857142855,0.5384615384615384
Cambarus latimanus,xgboost,snapping,2,0.544368418325545,0.42857142857142855,0.3333333333333333
Cambarus latimanus,xgboost,snapping,2,0.494011739707104,0.42857142857142855,0.5384615384615384
Cambarus latimanus,xgboost,snapping,2,0.5194795370435887,0.42857142857142855,0.3333333333333333
Cambarus latimanus,xgboost,snapping,2,0.5743775389406388,0.42857142857142855,0.5384615384615384
Cambarus latimanus,xgboost,snapping,2,0.5611071115420154,0.25,0.3333333333333333
Cambarus latimanus,xgboost,snapping,2,0.5414266892007713,0.6666666666666666,0.42857142857142855
Cambarus latimanus,xgboost,snapping,2,0.5499147064879176,0.25,0.42857142857142855
Cambarus latimanus,xgboost,snapping,2,0.5599217398410922,0.42857142857142855,0.3333333333333333
Cambarus latimanus,xgboost,snapping,2,0.5695397168610082,0.42857142857142855,0.5384615384615384
Cambarus latimanus,xgboost,snapping,2,0.5742095530371387,0.42857142857142855,0.42857142857142855
Cambarus latimanus,xgboost,snapping,2,0.5675300479725601,0.42857142857142855,0.3333333333333333
Cambarus latimanus,xgboost,snapping,5,0.5525785490397281,0.42857142857142855,0.3333333333333333
Cambarus latimanus,xgboost,snapping,5,0.515706756725446,0.42857142857142855,0.5384615384615384
Cambarus latimanus,xgboost,snapping,5,0.5536032116190692,0.42857142857142855,0.5384615384615384
Cambarus latimanus,xgboost,snapping,5,0.5531813315834151,0.42857142857142855,0.6666666666666666
Cambarus latimanus,xgboost,snapping,5,0.5735408222682875,0.25,0.42857142857142855
Cambarus latimanus,xgboost,snapping,5,0.6072830494410465,0.42857142857142855,0.42857142857142855
Cambarus latimanus,xgboost,snapping,5,0.5482461575176807,0.42857142857142855,0.5384615384615384
Cambarus latimanus,xgboost,snapping,5,0.519314290955472,0.25,0.3333333333333333
Cambarus latimanus,xgboost,snapping,5,0.6068552422029788,0.6666666666666666,0.5384615384615384
Cambarus latimanus,xgboost,snapping,5,0.5517796517935871,0.42857142857142855,0.25
Cambarus latimanus,xgboost,snapping,5,0.532466394055798,0.42857142857142855,0.3333333333333333
Cambarus latimanus,xgboost,snapping,5,0.5230247990141361,0.42857142857142855,0.5384615384615384
Cambarus latimanus,xgboost,snapping,5,0.5173015743592358,0.42857142857142855,0.42857142857142855
Cambarus latimanus,xgboost,snapping,5,0.5329169696660329,0.42857142857142855,0.5384615384615384
Cambarus latimanus,xgboost,snapping,5,0.4843273361600931,0.42857142857142855,0.3333333333333333
Cambarus latimanus,xgboost,snapping,5,0.5452627362012388,0.25,0.42857142857142855
Cambarus latimanus,xgboost,snapping,5,0.5615965165252148,0.25,0.5384615384615384
Cambarus latimanus,xgboost,snapping,5,0.5859393481448656,0.42857142857142855,0.3333333333333333
Cambarus latimanus,xgboost,snapping,5,0.5699699410400368,0.42857142857142855,0.3333333333333333
Cambarus latimanus,xgboost,snapping,5,0.5479345366762586,0.6666666666666666,0.42857142857142855
Cambarus latimanus,xgboost,snapping,5,0.6329028187574991,0.25,0.42857142857142855
Cambarus latimanus,xgboost,snapping,5,0.6091611774563468,0.42857142857142855,0.5384615384615384
Cambarus latimanus,xgboost,snapping,5,0.5421405143210036,0.42857142857142855,0.42857142857142855
Cambarus latimanus,xgboost,snapping,5,0.5433868936121552,0.42857142857142855,0.42857142857142855
Cambarus latimanus,xgboost,snapping,5,0.5260546030836597,0.42857142857142855,0.3333333333333333
Cambarus latimanus,xgboost,snapping,5,0.5634411446240857,0.25,0.3333333333333333
Cambarus latimanus,xgboost,snapping,5,0.5605063858187802,0.25,0.25
Cambarus latimanus,xgboost,snapping,5,0.5580284818695415,0.42857142857142855,0.6666666666666666
Cambarus latimanus,xgboost,snapping,5,0.5448476024195114,0.25,0.3333333333333333
Cambarus latimanus,xgboost,snapping,5,0.5484243751343207,0.42857142857142855,0.3333333333333333
Cambarus striatus,random_forest,snapping,1,0.9704019322049886,1.0,0.8181818181818182
Cambarus striatus,random_forest,snapping,1,0.9607958257947999,1.0,1.0
Cambarus striatus,random_forest,snapping,1,0.9719610721484886,0.6666666666666666,0.8181818181818182
Cambarus striatus,random_forest,snapping,1,0.9746836063334474,0.6666666666666666,0.8181818181818182
Cambarus striatus,random_forest,snapping,1,0.9671384487323668,1.0,1.0
Cambarus striatus,random_forest,snapping,1,0.9728584893948931,1.0,0.8181818181818182
Cambarus striatus,random_forest,snapping,1,0.9672244878328446,1.0,0.8181818181818182
Cambarus striatus,random_forest,snapping,1,0.9759086919209893,1.0,1.0
Cambarus striatus,random_forest,snapping,1,0.9737464158589779,1.0,1.0
Cambarus striatus,random_forest,snapping,1,0.9694047626727147,1.0,0.8181818181818182
Cambarus striatus,random_forest,snapping,1,0.9777769474419905,1.0,0.8181818181818182
Cambarus striatus,random_forest,snapping,1,0.9737840849302631,0.6666666666666666,0.8181818181818182
Cambarus striatus,random_forest,snapping,1,0.9654120702499832,1.0,0.6666666666666666
Cambarus striatus,random_forest,snapping,1,0.9636982638699596,1.0,1.0
Cambarus striatus,random_forest,snapping,1,0.9607179348512134,1.0,1.0
Cambarus striatus,random_forest,snapping,1,0.970781089003515,1.0,0.8181818181818182
Cambarus striatus,random_forest,snapping,1,0.9760714007610244,1.0,1.0
Cambarus striatus,random_forest,snapping,1,0.9649535995904154,1.0,0.8181818181818182
Cambarus striatus,random_forest,snapping,1,0.9650326764993147,1.0,0.8181818181818182
Cambarus striatus,random_forest,snapping,1,0.9635892312526684,1.0,0.8181818181818182
Cambarus striatus,random_forest,snapping,1,0.968496924116361,1.0,0.6666666666666666
Cambarus striatus,random_forest,snapping,1,0.974869780593927,1.0,1.0
Cambarus striatus,random_forest,snapping,1,0.967727653499231,1.0,0.8181818181818182
Cambarus striatus,random_forest,snapping,1,0.9604000102431015,1.0,0.8181818181818182
Cambarus striatus,random_forest,snapping,1,0.9680828451877719,1.0,0.6666666666666666
Cambarus striatus,random_forest,snapping,1,0.9653055761608145,1.0,1.0
Cambarus striatus,random_forest,snapping,1,0.9774515504962862,1.0,1.0
Cambarus striatus,random_forest,snapping,1,0.9712435660036298,1.0,0.6666666666666666
Cambarus striatus,random_forest,snapping,1,0.9711672045163643,1.0,0.8181818181818182
Cambarus striatus,random_forest,snapping,1,0.9675157303078737,1.0,1.0
Cambarus striatus,random_forest,snapping,2,0.9680786627589707,1.0,1.0
Cambarus striatus,random_forest,snapping,2,0.9778002240681538,1.0,0.8181818181818182
Cambarus striatus,random_forest,snapping,2,0.9674758236309638,1.0,1.0
Cambarus striatus,random_forest,snapping,2,0.9663766444689554,1.0,0.8181818181818182
Cambarus striatus,random_forest,snapping,2,0.9679389276843986,1.0,1.0
Cambarus striatus,random_forest,snapping,2,0.9741742929752867,1.0,1.0
Cambarus striatus,random_forest,snapping,2,0.9715016435240493,1.0,0.6666666666666666
Cambarus striatus,random_forest,snapping,2,0.9614857592988589,1.0,0.8181818181818182
Cambarus striatus,random_forest,snapping,2,0.972740620591606,1.0,0.8181818181818182
Cambarus striatus,random_forest,snapping,2,0.9643394575547926,1.0,0.8181818181818182
Cambarus striatus,random_forest,snapping,2,0.9706016214401307,1.0,0.8181818181818182
Cambarus striatus,random_forest,snapping,2,0.963427206525727,1.0,1.0
Cambarus striatus,random_forest,snapping,2,0.9674249742272619,1.0,1.0
Cambarus striatus,random_forest,snapping,2,0.9700687314055085,1.0,0.8181818181818182
Cambarus striatus,random_forest,snapping,2,0.9696987330777396,1.0,0.8181818181818182
Cambarus striatus,random_forest,snapping,2,0.973672527763137,1.0,1.0
Cambarus striatus,random_forest,snapping,2,0.9679039826919907,1.0,0.8181818181818182
Cambarus striatus,random_forest,snapping,2,0.972224477893167,1.0,0.8181818181818182
Cambarus striatus,random_forest,snapping,2,0.9710720540213741,1.0,1.0
Cambarus striatus,random_forest,snapping,2,0.964764271828958,1.0,0.8181818181818182
Cambarus striatus,random_forest,snapping,2,0.9669814932445717,1.0,1.0
Cambarus striatus,random_forest,snapping,2,0.969606851658674,1.0,0.8181818181818182
Cambarus striatus,random_forest,snapping,2,0.9638596437262367,1.0,1.0
Cambarus striatus,random_forest,snapping,2,0.9752592028461862,1.0,0.8181818181818182
Cambarus striatus,random_forest,snapping,2,0.9700534184734791,1.0,0.8181818181818182
Cambarus striatus,random_forest,snapping,2,0.9713783254182594,1.0,0.6666666666666666
Cambarus striatus,random_forest,snapping,2,0.9769328634721742,1.0,0.8181818181818182
Cambarus striatus,random_forest,snapping,2,0.9734669772814678,1.0,1.0
Cambarus striatus,random_forest,snapping,2,0.9662188269144985,1.0,0.8181818181818182
Cambarus striatus,random_forest,snapping,2,0.9557034245583349,1.0,0.8181818181818182
Cambarus striatus,random_forest,snapping,5,0.9746052008558447,1.0,1.0
Cambarus striatus,random_forest,snapping,5,0.9679480857731423,1.0,0.8181818181818182
Cambarus striatus,random_forest,snapping,5,0.9766349166597055,1.0,0.8181818181818182
Cambarus striatus,random_forest,snapping,5,0.958738680214965,1.0,0.8181818181818182
Cambarus striatus,random_forest,snapping,5,0.9629240106547358,1.0,0.8181818181818182
Cambarus striatus,random_forest,snapping,5,0.9638086102338226,1.0,0.8181818181818182
Cambarus striatus,random_forest,snapping,5,0.9668222098412618,1.0,0.8181818181818182
Cambarus striatus,random_forest,snapping,5,0.9610396141637064,1.0,1.0
Cambarus striatus,random_forest,snapping,5,0.9764177293344152,1.0,1.0
Cambarus striatus,random_forest,snapping,5,0.953687569237762,1.0,0.8181818181818182
Cambarus striatus,random_forest,snapping,5,0.9652699536621566,1.0,0.8181818181818182
Cambarus striatus,random_forest,snapping,5,0.9627071696296381,1.0,0.8181818181818182
Cambarus striatus,random_forest,snapping,5,0.9725666584381751,1.0,0.8181818181818182
Cambarus striatus,random_forest,snapping,5,0.9596439474890276,1.0,1.0
Cambarus striatus,random_forest,snapping,5,0.9646294990399003,1.0,1.0
Cambarus striatus,random_forest,snapping,5,0.9592459255385104,1.0,1.0
Cambarus striatus,random_forest,snapping,5,0.963108697539516,1.0,0.8181818181818182
Cambarus striatus,random_forest,snapping,5,0.9745326473023493,1.0,1.0
Cambarus striatus,random_forest,snapping,5,0.9611978641857866,1.0,1.0
Cambarus striatus,random_forest,snapping,5,0.9619375647062246,1.0,1.0
Cambarus striatus,random_forest,snapping,5,0.9757292852098912,1.0,0.8181818181818182
Cambarus striatus,random_forest,snapping,5,0.9609405962124029,1.0,1.0
Cambarus striatus,random_forest,snapping,5,0.9705624184169567,1.0,0.8181818181818182
Cambarus striatus,random_forest,snapping,5,0.9689447621945522,0.6666666666666666,0.8181818181818182
Cambarus striatus,random_forest,snapping,5,0.9737481227135273,0.6666666666666666,0.8181818181818182
Cambarus striatus,random_forest,snapping,5,0.9663170630583111,1.0,1.0
Cambarus striatus,random_forest,snapping,5,0.9643976518472215,1.0,1.0
Cambarus striatus,random_forest,snapping,5,0.9677385961376725,1.0,1.0
Cambarus striatus,random_forest,snapping,5,0.9676386078574033,1.0,1.0
Cambarus striatus,random_forest,snapping,5,0.9731990791484773,1.0,0.8181818181818182
Cambarus striatus,xgboost,snapping,1,0.4989755443708179,0.6666666666666666,0.3333333333333333
Cambarus striatus,xgboost,snapping,1,0.49765387034407876,0.42857142857142855,0.3333333333333333
Cambarus striatus,xgboost,snapping,1,0.5218473562183377,0.6666666666666666,0.3333333333333333
Cambarus striatus,xgboost,snapping,1,0.5811232760754812,0.6666666666666666,0.42857142857142855
Cambarus striatus,xgboost,snapping,1,0.5482238869164348,0.42857142857142855,0.3333333333333333
Cambarus striatus,xgboost,snapping,1,0.49412193842381974,0.6666666666666666,0.42857142857142855
Cambarus striatus,xgboost,snapping,1,0.5143083201107684,0.42857142857142855,0.17647058823529413
Cambarus striatus,xgboost,snapping,1,0.6068570275059952,0.6666666666666666,0.25
Cambarus striatus,xgboost,snapping,1,0.583650623084915,0.6666666666666666,0.3333333333333333
Cambarus striatus,xgboost,snapping,1,0.5481038289026172,0.6666666666666666,0.3333333333333333
Cambarus striatus,xgboost,snapping,1,0.5339057177372761,0.42857142857142855,0.3333333333333333
Cambarus striatus,xgboost,snapping,1,0.5143528254604511,1.0,0.42857142857142855
Cambarus striatus,xgboost,snapping,1,0.5111680761521445,0.6666666666666666,0.3333333333333333
Cambarus striatus,xgboost,snapping,1,0.6450393169602939,0.42857142857142855,0.3333333333333333
Cambarus striatus,xgboost,snapping,1,0.6104347799534504,0.6666666666666666,0.3333333333333333
Cambarus striatus,xgboost,snapping,1,0.5897984080175934,0.6666666666666666,0.25
Cambarus striatus,xgboost,snapping,1,0.5605713253709228,0.6666666666666666,0.25
Cambarus striatus,xgboost,snapping,1,0.4841073988673564,0.6666666666666666,0.3333333333333333
Cambarus striatus,xgboost,snapping,1,0.47199816897285024,0.6666666666666666,0.25
Cambarus striatus,xgboost,snapping,1,0.5809749661217458,0.42857142857142855,0.3333333333333333
Cambarus striatus,xgboost,snapping,1,0.5791120114906575,0.42857142857142855,0.25
Cambarus striatus,xgboost,snapping,1,0.6379089990432517,1.0,0.3333333333333333
Cambarus striatus,xgboost,snapping,1,0.4813151522254366,0.6666666666666666,0.3333333333333333
Cambarus striatus,xgboost,snapping,1,0.5603445263983641,1.0,0.42857142857142855
Cambarus striatus,xgboost,snapping,1,0.5184055908043198,0.6666666666666666,0.3333333333333333
Cambarus striatus,xgboost,snapping,1,0.5656518002652497,0.6666666666666666,0.25
Cambarus striatus,xgboost,snapping,1,0.506761168844013,0.6666666666666666,0.42857142857142855
Cambarus striatus,xgboost,snapping,1,0.5800024141288346,0.6666666666666666,0.3333333333333333
Cambarus striatus,xgboost,snapping,1,0.5428723636462963,1.0,0.3333333333333333
Cambarus striatus,xgboost,snapping,1,0.6014950844010714,1.0,0.3333333333333333
Cambarus striatus,xgboost,snapping,2,0.5220947649013149,0.42857142857142855,0.17647058823529413
Cambarus striatus,xgboost,snapping,2,0.556320689241365,0.6666666666666666,0.3333333333333333
Cambarus striatus,xgboost,snapping,2,0.4403060708378187,0.6666666666666666,0.3333333333333333
Cambarus striatus,xgboost,snapping,2,0.6292664238344686,0.6666666666666666,0.3333333333333333
Cambarus striatus,xgboost,snapping,2,0.593961786483806,0.42857142857142855,0.25
Cambarus striatus,xgboost,snapping,2,0.5731277201954829,0.6666666666666666,0.25
Cambarus striatus,xgboost,snapping,2,0.5118777270248845,0.6666666666666666,0.3333333333333333
Cambarus striatus,xgboost,snapping,2,0.4751955646969282,0.42857142857142855,0.25
Cambarus striatus,xgboost,snapping,2,0.49298860305553177,0.42857142857142855,0.25
Cambarus striatus,xgboost,snapping,2,0.6091182255071933,0.6666666666666666,0.42857142857142855
Cambarus striatus,xgboost,snapping,2,0.5463014152397747,0.42857142857142855,0.25
Cambarus striatus,xgboost,snapping,2,0.46318616269428403,0.6666666666666666,0.42857142857142855
Cambarus striatus,xgboost,snapping,2,0.47753182464744454,0.6666666666666666,0.3333333333333333
Cambarus striatus,xgboost,snapping,2,0.5086414246422969,0.6666666666666666,0.25
Cambarus striatus,xgboost,snapping,2,0.5216384577429134,0.6666666666666666,0.3333333333333333
Cambarus striatus,xgboost,snapping,2,0.5122626736062786,0.6666666666666666,0.25
Cambarus striatus,xgboost,snapping,2,0.5813718738260883,0.6666666666666666,0.3333333333333333
Cambarus striatus,xgboost,snapping,2,0.5845055827514244,0.6666666666666666,0.42857142857142855
Cambarus striatus,xgboost,snapping,2,0.5009527064899546,0.6666666666666666,0.3333333333333333
Cambarus striatus,xgboost,snapping,2,0.49881380847337575,0.6666666666666666,0.42857142857142855
Cambarus striatus,xgboost,snapping,2,0.5261260628141995,1.0,0.3333333333333333
Cambarus striatus,xgboost,snapping,2,0.5591511683955811,0.6666666666666666,0.25
Cambarus striatus,xgboost,snapping,2,0.5372887154219883,0.42857142857142855,0.3333333333333333
Cambarus striatus,xgboost,snapping,2,0.5333285418812838,0.6666666666666666,0.3333333333333333
Cambarus striatus,xgboost,snapping,2,0.6174762684908583,0.42857142857142855,0.3333333333333333
Cambarus striatus,xgboost,snapping,2,0.5507925425297697,0.6666666666666666,0.3333333333333333
Cambarus striatus,xgboost,snapping,2,0.5598283431588814,0.42857142857142855,0.25
Cambarus striatus,xgboost,snapping,2,0.5611118551304564,0.6666666666666666,0.42857142857142855
Cambarus striatus,xgboost,snapping,2,0.5844955315615514,0.42857142857142855,0.25
Cambarus striatus,xgboost,snapping,2,0.5431501308542319,1.0,0.3333333333333333
Cambarus striatus,xgboost,snapping,5,0.5598044958922234,0.6666666666666666,0.3333333333333333
Cambarus striatus,xgboost,snapping,5,0.5043928816894719,0.42857142857142855,0.42857142857142855
Cambarus striatus,xgboost,snapping,5,0.48012250533169604,0.6666666666666666,0.3333333333333333
Cambarus striatus,xgboost,snapping,5,0.511396505059633,1.0,0.3333333333333333
Cambarus striatus,xgboost,snapping,5,0.4929905741919639,0.6666666666666666,0.25
Cambarus striatus,xgboost,snapping,5,0.48029561539519866,0.6666666666666666,0.3333333333333333
Cambarus striatus,xgboost,snapping,5,0.5774307121175095,1.0,0.3333333333333333
Cambarus striatus,xgboost,snapping,5,0.4967678037565502,0.25,0.25
Cambarus striatus,xgboost,snapping,5,0.5081984446489235,0.42857142857142855,0.25
Cambarus striatus,xgboost,snapping,5,0.5463040161040277,0.42857142857142855,0.25
Cambarus striatus,xgboost,snapping,5,0.49043637233724136,0.6666666666666666,0.42857142857142855
Cambarus striatus,xgboost,snapping,5,0.4504470944395655,0.6666666666666666,0.3333333333333333
Cambarus striatus,xgboost,snapping,5,0.45308761843714873,0.42857142857142855,0.3333333333333333
Cambarus striatus,xgboost,snapping,5,0.5034136917643138,0.42857142857142855,0.25
Cambarus striatus,xgboost,snapping,5,0.5324897239697504,0.6666666666666666,0.42857142857142855
Cambarus striatus,xgboost,snapping,5,0.5412076044304767,0.42857142857142855,0.42857142857142855
Cambarus striatus,xgboost,snapping,5,0.5317288927431746,0.42857142857142855,0.3333333333333333
Cambarus striatus,xgboost,snapping,5,0.528779094484147,0.6666666666666666,0.42857142857142855
Cambarus striatus,xgboost,snapping,5,0.5513869038259389,0.6666666666666666,0.3333333333333333
Cambarus striatus,xgboost,snapping,5,0.48477552951693315,0.42857142857142855,0.3333333333333333
Cambarus striatus,xgboost,snapping,5,0.5609831981854242,0.6666666666666666,0.25
Cambarus striatus,xgboost,snapping,5,0.5646860515232084,0.42857142857142855,0.42857142857142855
Cambarus striatus,xgboost,snapping,5,0.503020355918533,0.42857142857142855,0.3333333333333333
Cambarus striatus,xgboost,snapping,5,0.5564765703879809,0.6666666666666666,0.25
Cambarus striatus,xgboost,snapping,5,0.4911460754321534,0.6666666666666666,0.3333333333333333
Cambarus striatus,xgboost,snapping,5,0.5042485708936487,0.42857142857142855,0.25
Cambarus striatus,xgboost,snapping,5,0.5414438332000523,0.6666666666666666,0.3333333333333333
Cambarus striatus,xgboost,snapping,5,0.5484934801034727,0.42857142857142855,0.25
Cambarus striatus,xgboost,snapping,5,0.44910769395789657,0.6666666666666666,0.3333333333333333
Cambarus striatus,xgboost,snapping,5,0.5005236071765968,0.42857142857142855,0.25
Creaserinus fodiens,random_forest,snapping,1,0.9664617372167994,0.6666666666666666,0.5384615384615384
Creaserinus fodiens,random_forest,snapping,1,0.9715550114218047,0.6666666666666666,0.8181818181818182
Creaserinus fodiens,random_forest,snapping,1,0.9674939777083486,1.0,0.6666666666666666
Creaserinus fodiens,random_forest,snapping,1,0.9634518104678043,0.6666666666666666,0.8181818181818182
Creaserinus fodiens,random_forest,snapping,1,0.9634913771360818,0.6666666666666666,0.5384615384615384
Creaserinus fodiens,random_forest,snapping,1,0.9653135803406246,1.0,0.6666666666666666
Creaserinus fodiens,random_forest,snapping,1,0.9618002368700298,0.6666666666666666,0.5384615384615384
Creaserinus fodiens,random_forest,snapping,1,0.969613206467731,0.6666666666666666,0.5384615384615384
Creaserinus fodiens,random_forest,snapping,1,0.9710222667430076,0.6666666666666666,0.8181818181818182
Creaserinus fodiens,random_forest,snapping,1,0.963331085415399,0.25,0.42857142857142855
Creaserinus fodiens,random_forest,snapping,1,0.9748440889789913,0.42857142857142855,0.5384615384615384
Creaserinus fodiens,random_forest,snapping,1,0.9718054920293128,0.6666666666666666,0.5384615384615384
Creaserinus fodiens,random_forest,snapping,1,0.9688041399526113,1.0,0.6666666666666666
Creaserinus fodiens,random_forest,snapping,1,0.9675727052527987,0.42857142857142855,0.8181818181818182
Creaserinus fodiens,random_forest,snapping,1,0.9723580284303687,0.6666666666666666,0.5384615384615384
Creaserinus fodiens,random_forest,snapping,1,0.9661305154317744,0.6666666666666666,0.5384615384615384
Creaserinus fodiens,random_forest,snapping,1,0.9693157285590899,0.42857142857142855,0.5384615384615384
Creaserinus fodiens,random_forest,snapping,1,0.9646265174755634,0.42857142857142855,1.0
Creaserinus fodiens,random_forest,snapping,1,0.9758887094632869,1.0,0.8181818181818182
Creaserinus fodiens,random_forest,snapping,1,0.9652808911414809,0.42857142857142855,0.42857142857142855
Creaserinus fodiens,random_forest,snapping,1,0.9649963264669448,0.6666666666666666,0.8181818181818182
Creaserinus fodiens,random_forest,snapping,1,0.9693720087437908,1.0,0.5384615384615384
Creaserinus fodiens,random_forest,snapping,1,0.9694742777297899,1.0,0.6666666666666666
Creaserinus fodiens,random_forest,snapping,1,0.9652833656859885,0.6666666666666666,0.5384615384615384
Creaserinus fodiens,random_forest,snapping,1,0.9718196108971863,0.42857142857142855,0.6666666666666666
Creaserinus fodiens,random_forest,snapping,1,0.9726900762520297,1.0,0.5384615384615384
Creaserinus fodiens,random_forest,snapping,1,0.9729551411767926,0.6666666666666666,0.6666666666666666
Creaserinus fodiens,random_forest,snapping,1,0.9743139125305006,0.6666666666666666,0.5384615384615384
Creaserinus fodiens,random_forest,snapping,1,0.9663502776902162,1.0,0.6666666666666666
Creaserinus fodiens,random_forest,snapping,1,0.9697807069441431,1.0,0.6666666666666666
Creaserinus fodiens,random_forest,snapping,2,0.9764016539856974,1.0,0.42857142857142855
Creaserinus fodiens,random_forest,snapping,2,0.9724939740578918,0.6666666666666666,0.6666666666666666
Creaserinus fodiens,random_forest,snapping,2,0.9681126129659723,0.6666666666666666,0.6666666666666666
Creaserinus fodiens,random_forest,snapping,2,0.9610461246367186,0.6666666666666666,0.8181818181818182
Creaserinus fodiens,random_forest,snapping,2,0.9693288499120077,0.42857142857142855,0.42857142857142855
Creaserinus fodiens,random_forest,snapping,2,0.9734695257565118,1.0,0.8181818181818182
Creaserinus fodiens,random_forest,snapping,2,0.9662076378473751,1.0,0.5384615384615384
Creaserinus fodiens,random_forest,snapping,2,0.9660352698752166,0.6666666666666666,0.8181818181818182
Creaserinus fodiens,random_forest,snapping,2,0.9735255154283406,1.0,0.5384615384615384
Creaserinus fodiens,random_forest,snapping,2,0.9713278928439226,0.6666666666666666,0.5384615384615384
Creaserinus fodiens,random_forest,snapping,2,0.9558154285936873,0.6666666666666666,0.6666666666666666
Creaserinus fodiens,random_forest,snapping,2,0.9671869076812322,0.6666666666666666,0.6666666666666666
Creaserinus fodiens,random_forest,snapping,2,0.9626065186520965,0.6666666666666666,0.6666666666666666
Creaserinus fodiens,random_forest,snapping,2,0.969856859226478,0.6666666666666666,0.8181818181818182
Creaserinus fodiens,random_forest,snapping,2,0.9655836665472943,0.6666666666666666,0.6666666666666666
Creaserinus fodiens,random_forest,snapping,2,0.9656679480940761,0.6666666666666666,0.5384615384615384
Creaserinus fodiens,random_forest,snapping,2,0.9743742196368185,1.0,0.5384615384615384
Creaserinus fodiens,random_forest,snapping,2,0.9723371141501435,0.6666666666666666,0.5384615384615384
Creaserinus fodiens,random_forest,snapping,2,0.974810241780564,1.0,0.6666666666666666
Creaserinus fodiens,random_forest,snapping,2,0.9730997923321513,0.6666666666666666,0.6666666666666666
Creaserinus fodiens,random_forest,snapping,2,0.9718569354624504,0.6666666666666666,0.8181818181818182
Creaserinus fodiens,random_forest,snapping,2,0.968399560750186,0.6666666666666666,0.5384615384615384
Creaserinus fodiens,random_forest,snapping,2,0.964703430105319,0.6666666666666666,0.42857142857142855
Creaserinus fodiens,random_forest,snapping,2,0.9678116967088541,1.0,0.6666666666666666
Creaserinus fodiens,random_forest,snapping,2,0.9695966256665088,0.6666666666666666,0.5384615384615384
Creaserinus fodiens,random_forest,snapping,2,0.9772003001531756,0.42857142857142855,0.6666666666666666
Creaserinus fodiens,random_forest,snapping,2,0.9702983561099418,0.6666666666666666,0.5384615384615384
Creaserinus fodiens,random_forest,snapping,2,0.9713432141933032,0.42857142857142855,0.6666666666666666
Creaserinus fodiens,random_forest,snapping,2,0.9733920773572444,0.6666666666666666,0.5384615384615384
Creaserinus fodiens,random_forest,snapping,2,0.9601787049001771,0.6666666666666666,0.8181818181818182
Creaserinus fodiens,random_forest,snapping,5,0.9693143211509498,1.0,0.6666666666666666
Creaserinus fodiens,random_forest,snapping,5,0.9645060250258033,0.6666666666666666,0.5384615384615384
Creaserinus fodiens,random_forest,snapping,5,0.9674760189014663,1.0,0.5384615384615384
Creaserinus fodiens,random_forest,snapping,5,0.9610702482070633,0.6666666666666666,0.6666666666666666
Creaserinus fodiens,random_forest,snapping,5,0.9718845682989476,0.6666666666666666,0.5384615384615384
Creaserinus fodiens,random_forest,snapping,5,0.9675067765752661,1.0,0.6666666666666666
Creaserinus fodiens,random_forest,snapping,5,0.9707865530099505,0.6666666666666666,0.8181818181818182
Creaserinus fodiens,random_forest,snapping,5,0.9672301713555191,0.6666666666666666,0.5384615384615384
Creaserinus fodiens,random_forest,snapping,5,0.9698123522829698,1.0,0.42857142857142855
Creaserinus fodiens,random_forest,snapping,5,0.9726807075906687,0.6666666666666666,0.6666666666666666
Creaserinus fodiens,random_forest,snapping,5,0.968644850070493,0.42857142857142855,0.42857142857142855
Creaserinus fodiens,random_forest,snapping,5,0.9620769870404676,1.0,0.6666666666666666
Creaserinus fodiens,random_forest,snapping,5,0.9771512872669726,0.42857142857142855,0.5384615384615384
Creaserinus fodiens,random_forest,snapping,5,0.9777338243663186,1.0,0.8181818181818182
Creaserinus fodiens,random_forest,snapping,5,0.973043038353916,0.6666666666666666,0.6666666666666666
Creaserinus fodiens,random_forest,snapping,5,0.9730118211492329,0.6666666666666666,0.42857142857142855
Creaserinus fodiens,random_forest,snapping,5,0.9690066539891314,0.6666666666666666,0.5384615384615384
Creaserinus fodiens,random_forest,snapping,5,0.9755583163189272,1.0,0.8181818181818182
Creaserinus fodiens,random_forest,snapping,5,0.9677655375276273,0.6666666666666666,0.6666666666666666
Creaserinus fodiens,random_forest,snapping,5,0.9704660195021771,1.0,0.8181818181818182
Creaserinus fodiens,random_forest,snapping,5,0.972329184633948,0.6666666666666666,0.6666666666666666
Creaserinus fodiens,random_forest,snapping,5,0.9682190553392177,0.6666666666666666,0.6666666666666666
Creaserinus fodiens,random_forest,snapping,5,0.9715059841676186,0.6666666666666666,0.42857142857142855
Creaserinus fodiens,random_forest,snapping,5,0.9615806970996642,1.0,0.5384615384615384
Creaserinus fodiens,random_forest,snapping,5,0.972405683181767,0.6666666666666666,0.5384615384615384
Creaserinus fodiens,random_forest,snapping,5,0.9751442000137578,0.6666666666666666,1.0
Creaserinus fodiens,random_forest,snapping,5,0.9549020843587436,0.6666666666666666,0.5384615384615384
Creaserinus fodiens,random_forest,snapping,5,0.9700607927361373,1.0,0.8181818181818182
Creaserinus fodiens,random_forest,snapping,5,0.9674656877867561,0.6666666666666666,0.42857142857142855
Creaserinus fodiens,random_forest,snapping,5,0.967988950669319,0.6666666666666666,0.5384615384615384
Creaserinus fodiens,xgboost,snapping,1,0.521901567731727,0.25,0.42857142857142855
Creaserinus fodiens,xgboost,snapping,1,0.5475309967526826,0.25,0.3333333333333333
Creaserinus fodiens,xgboost,snapping,1,0.5917802438880158,0.25,0.42857142857142855
Creaserinus fodiens,xgboost,snapping,1,0.5249923151828675,0.42857142857142855,0.42857142857142855
Creaserinus fodiens,xgboost,snapping,1,0.6092274083637758,0.6666666666666666,0.42857142857142855
Creaserinus fodiens,xgboost,snapping,1,0.5932681546922755,0.25,0.42857142857142855
Creaserinus fodiens,xgboost,snapping,1,0.6292632711055969,0.25,0.42857142857142855
Creaserinus fodiens,xgboost,snapping,1,0.6186997904402517,0.1111111111111111,0.42857142857142855
Creaserinus fodiens,xgboost,snapping,1,0.6178319462277971,0.25,0.3333333333333333
Creaserinus fodiens,xgboost,snapping,1,0.5226691289543234,0.6666666666666666,0.42857142857142855
Creaserinus fodiens,xgboost,snapping,1,0.578336947048177,0.42857142857142855,0.42857142857142855
Creaserinus fodiens,xgboost,snapping,1,0.5725189931708823,0.42857142857142855,0.3333333333333333
Creaserinus fodiens,xgboost,snapping,1,0.5325495310998439,0.42857142857142855,0.3333333333333333
Creaserinus fodiens,xgboost,snapping,1,0.5765623333046546,0.42857142857142855,0.5384615384615384
Creaserinus fodiens,xgboost,snapping,1,0.6050577772891435,0.25,0.3333333333333333
Creaserinus fodiens,xgboost,snapping,1,0.6001169972182084,0.25,0.3333333333333333
Creaserinus fodiens,xgboost,snapping,1,0.5827005076142133,0.1111111111111111,0.42857142857142855
Creaserinus fodiens,xgboost,snapping,1,0.5789328056439818,0.42857142857142855,0.3333333333333333
Creaserinus fodiens,xgboost,snapping,1,0.5273533387100718,0.42857142857142855,0.3333333333333333
Creaserinus fodiens,xgboost,snapping,1,0.579972593241478,0.42857142857142855,0.5384615384615384
Creaserinus fodiens,xgboost,snapping,1,0.5706810013586326,0.25,0.3333333333333333
Creaserinus fodiens,xgboost,snapping,1,0.5908250279270908,0.25,0.3333333333333333
Creaserinus fodiens,xgboost,snapping,1,0.5486200353028793,0.25,0.25
Creaserinus fodiens,xgboost,snapping,1,0.5522103159257823,0.25,0.3333333333333333
Creaserinus fodiens,xgboost,snapping,1,0.5787737367025433,0.25,0.3333333333333333
Creaserinus fodiens,xgboost,snapping,1,0.5460901891132629,0.25,0.3333333333333333
Creaserinus fodiens,xgboost,snapping,1,0.5536279247423843,0.25,0.3333333333333333
Creaserinus fodiens,xgboost,snapping,1,0.5624973602923966,0.42857142857142855,0.42857142857142855
Creaserinus fodiens,xgboost,snapping,1,0.5233772773529276,0.1111111111111111,0.3333333333333333
Creaserinus fodiens,xgboost,snapping,1,0.5416494880839715,0.1111111111111111,0.3333333333333333
Creaserinus fodiens,xgboost,snapping,2,0.5704096469888515,0.1111111111111111,0.3333333333333333
Creaserinus fodiens,xgboost,snapping,2,0.6134852916046426,0.25,0.3333333333333333
Creaserinus fodiens,xgboost,snapping,2,0.6391485847027446,0.25,0.42857142857142855
Creaserinus fodiens,xgboost,snapping,2,0.6040329621432068,0.25,0.42857142857142855
Creaserinus fodiens,xgboost,snapping,2,0.5933424700134992,0.25,0.25
Creaserinus fodiens,xgboost,snapping,2,0.5924526413678597,0.42857142857142855,0.42857142857142855
Creaserinus fodiens,xgboost,snapping,2,0.6175968338638906,0.25,0.42857142857142855
Creaserinus fodiens,xgboost,snapping,2,0.5454727001249403,0.42857142857142855,0.42857142857142855
Creaserinus fodiens,xgboost,snapping,2,0.6433854036188039,0.1111111111111111,0.3333333333333333
Creaserinus fodiens,xgboost,snapping,2,0.5637433525653778,0.25,0.3333333333333333
Creaserinus fodiens,xgboost,snapping,2,0.6289494966876021,0.25,0.25
Creaserinus fodiens,xgboost,snapping,2,0.6143907769078552,0.25,0.25
Creaserinus fodiens,xgboost,snapping,2,0.5908708760467959,0.25,0.3333333333333333
Creaserinus fodiens,xgboost,snapping,2,0.5815770456597199,0.6666666666666666,0.42857142857142855
Creaserinus fodiens,xgboost,snapping,2,0.5487505642315107,0.1111111111111111,0.25
Creaserinus fodiens,xgboost,snapping,2,0.5748994579664451,0.25,0.42857142857142855
Creaserinus fodiens,xgboost,snapping,2,0.5138434244938913,0.25,0.3333333333333333
Creaserinus fodiens,xgboost,snapping,2,0.513377560806187,0.42857142857142855,0.3333333333333333
Creaserinus fodiens,xgboost,snapping,2,0.6555937120444266,0.42857142857142855,0.5384615384615384
Creaserinus fodiens,xgboost,snapping,2,0.5772723186414375,0.42857142857142855,0.42857142857142855
Creaserinus fodiens,xgboost,snapping,2,0.5643066333992945,0.25,0.25
Creaserinus fodiens,xgboost,snapping,2,0.5573810548051279,0.25,0.3333333333333333
Creaserinus fodiens,xgboost,snapping,2,0.5016283029877996,0.25,0.25
Creaserinus fodiens,xgboost,snapping,2,0.5744220256209555,0.1111111111111111,0.3333333333333333
Creaserinus fodiens,xgboost,snapping,2,0.49266918040137175,0.25,0.3333333333333333
Creaserinus fodiens,xgboost,snapping,2,0.49037505949241955,0.25,0.25
Creaserinus fodiens,xgboost,snapping,2,0.6775462727050982,0.42857142857142855,0.5384615384615384
Creaserinus fodiens,xgboost,snapping,2,0.634872301514575,0.1111111111111111,0.25
Creaserinus fodiens,xgboost,snapping,2,0.5703663866307651,0.25,0.42857142857142855
Creaserinus fodiens,xgboost,snapping,2,0.563823453497376,0.42857142857142855,0.3333333333333333
Creaserinus fodiens,xgboost,snapping,5,0.5760392325561388,0.25,0.5384615384615384
Creaserinus fodiens,xgboost,snapping,5,0.5344086724597781,0.25,0.3333333333333333
Creaserinus fodiens,xgboost,snapping,5,0.6203260362797045,0.42857142857142855,0.5384615384615384
Creaserinus fodiens,xgboost,snapping,5,0.6048028998635537,0.6666666666666666,0.42857142857142855
Creaserinus fodiens,xgboost,snapping,5,0.6099593399901624,0.42857142857142855,0.42857142857142855
Creaserinus fodiens,xgboost,snapping,5,0.6243835560470231,0.1111111111111111,0.42857142857142855
Creaserinus fodiens,xgboost,snapping,5,0.6270086536030443,0.42857142857142855,0.42857142857142855
Creaserinus fodiens,xgboost,snapping,5,0.5656742963917379,0.25,0.25
Creaserinus fodiens,xgboost,snapping,5,0.5914986909379333,0.42857142857142855,0.42857142857142855
Creaserinus fodiens,xgboost,snapping,5,0.5736605007313087,0.25,0.3333333333333333
Creaserinus fodiens,xgboost,snapping,5,0.5678607810814071,0.42857142857142855,0.42857142857142855
Creaserinus fodiens,xgboost,snapping,5,0.5273973091659776,0.25,0.25
Creaserinus fodiens,xgboost,snapping,5,0.6615234566794721,0.42857142857142855,0.5384615384615384
Creaserinus fodiens,xgboost,snapping,5,0.6016699146195209,0.25,0.3333333333333333
Creaserinus fodiens,xgboost,snapping,5,0.5997687344059194,0.25,0.25
Creaserinus fodiens,xgboost,snapping,5,0.5682296131416307,0.25,0.25
Creaserinus fodiens,xgboost,snapping,5,0.578336947048177,0.25,0.42857142857142855
Creaserinus fodiens,xgboost,snapping,5,0.5656138266633637,0.1111111111111111,0.17647058823529413
Creaserinus fodiens,xgboost,snapping,5,0.6248107418118721,0.25,0.3333333333333333
Creaserinus fodiens,xgboost,snapping,5,0.5990928331756001,0.42857142857142855,0.3333333333333333
Creaserinus fodiens,xgboost,snapping,5,0.5976933161710736,0.25,0.42857142857142855
Creaserinus fodiens,xgboost,snapping,5,0.5733617826722877,0.25,0.3333333333333333
Creaserinus fodiens,xgboost,snapping,5,0.6139093420135687,0.25,0.42857142857142855
Creaserinus fodiens,xgboost,snapping,5,0.5712335885743784,0.25,0.25
Creaserinus fodiens,xgboost,snapping,5,0.6061511212320102,0.1111111111111111,0.3333333333333333
Creaserinus fodiens,xgboost,snapping,5,0.5948690137558985,0.25,0.42857142857142855
Creaserinus fodiens,xgboost,snapping,5,0.5291042956588616,0.42857142857142855,0.3333333333333333
Creaserinus fodiens,xgboost,snapping,5,0.558080105674224,0.25,0.42857142857142855
Creaserinus fodiens,xgboost,snapping,5,0.5606919731389913,0.42857142857142855,0.42857142857142855
Creaserinus fodiens,xgboost,snapping,5,0.5709580139183724,0.25,0.25
Faxonius limosus (alien),random_forest,lowacc,3,0.9846035273132392,0.6666666666666666,0.8181818181818182
Faxonius limosus (alien),random_forest,lowacc,3,0.9862725783965762,0.6666666666666666,0.8181818181818182
Faxonius limosus (alien),random_forest,lowacc,3,0.9859314482117183,1.0,1.0
Faxonius limosus (alien),random_forest,lowacc,3,0.986916698556318,0.6666666666666666,1.0
Faxonius limosus (alien),random_forest,lowacc,3,0.9883953046098053,0.6666666666666666,0.8181818181818182
Faxonius limosus (alien),random_forest,lowacc,3,0.98611399451255,0.6666666666666666,1.0
Faxonius limosus (alien),random_forest,lowacc,3,0.9840676058643214,0.6666666666666666,0.8181818181818182
Faxonius limosus (alien),random_forest,lowacc,3,0.9860872960170923,0.6666666666666666,1.0
Faxonius limosus (alien),random_forest,lowacc,3,0.9876382099220143,0.6666666666666666,0.8181818181818182
Faxonius limosus (alien),random_forest,lowacc,3,0.9843700480116258,0.6666666666666666,0.8181818181818182
Faxonius limosus (alien),random_forest,lowacc,3,0.9867771446537964,0.42857142857142855,0.8181818181818182
Faxonius limosus (alien),random_forest,lowacc,3,0.9871230541638002,0.6666666666666666,1.0
Faxonius limosus (alien),random_forest,lowacc,3,0.984674438256497,0.42857142857142855,0.8181818181818182
Faxonius limosus (alien),random_forest,lowacc,3,0.987818667729921,0.6666666666666666,0.8181818181818182
Faxonius limosus (alien),random_forest,lowacc,3,0.9852871149413743,0.6666666666666666,0.8181818181818182
Faxonius limosus (alien),random_forest,lowacc,3,0.9864667815245248,0.42857142857142855,0.8181818181818182
Faxonius limosus (alien),random_forest,lowacc,3,0.982644349945062,0.6666666666666666,0.8181818181818182
Faxonius limosus (alien),random_forest,lowacc,3,0.9843864337852563,0.6666666666666666,0.6666666666666666
Faxonius limosus (alien),random_forest,lowacc,3,0.9882448491287518,1.0,0.8181818181818182
Faxonius limosus (alien),random_forest,lowacc,3,0.9852684999913317,0.42857142857142855,1.0
Faxonius limosus (alien),random_forest,lowacc,3,0.9844598535257912,0.6666666666666666,1.0
Faxonius limosus (alien),random_forest,lowacc,3,0.9880587707550755,0.42857142857142855,0.8181818181818182
Faxonius limosus (alien),random_forest,lowacc,3,0.9826336351527423,0.6666666666666666,0.8181818181818182
Faxonius limosus (alien),random_forest,lowacc,3,0.9866851184580198,0.6666666666666666,1.0
Faxonius limosus (alien),random_forest,lowacc,3,0.9870025142912803,0.6666666666666666,0.8181818181818182
Faxonius limosus (alien),random_forest,lowacc,3,0.9875898722155593,0.42857142857142855,0.8181818181818182
Faxonius limosus (alien),random_forest,lowacc,3,0.9868542137208466,1.0,0.8181818181818182
Faxonius limosus (alien),random_forest,lowacc,3,0.9875658488718542,0.42857142857142855,0.8181818181818182
Faxonius limosus (alien),random_forest,lowacc,3,0.9883547524975496,0.6666666666666666,1.0
Faxonius limosus (alien),random_forest,lowacc,3,0.9832125702388272,0.42857142857142855,0.8181818181818182
Faxonius limosus (alien),random_forest,lowacc,10,0.9805985311215709,0.25,0.8181818181818182
Faxonius limosus (alien),random_forest,lowacc,10,0.9803657593707574,0.25,0.8181818181818182
Faxonius limosus (alien),random_forest,lowacc,10,0.9811352320013284,0.6666666666666666,0.8181818181818182
Faxonius limosus (alien),random_forest,lowacc,10,0.9796201167653916,0.42857142857142855,0.8181818181818182
Faxonius limosus (alien),random_forest,lowacc,10,0.9781825265887825,0.42857142857142855,0.8181818181818182
Faxonius limosus (alien),random_forest,lowacc,10,0.9821689412729117,0.25,0.6666666666666666
Faxonius limosus (alien),random_forest,lowacc,10,0.9832106864469595,0.42857142857142855,0.8181818181818182
Faxonius limosus (alien),random_forest,lowacc,10,0.9819894727845353,0.42857142857142855,0.6666666666666666
Faxonius limosus (alien),random_forest,lowacc,10,0.9733717681007664,0.42857142857142855,0.6666666666666666
Faxonius limosus (alien),random_forest,lowacc,10,0.9779677464522923,0.42857142857142855,0.6666666666666666
Faxonius limosus (alien),random_forest,lowacc,10,0.9820048716579884,0.42857142857142855,0.6666666666666666
Faxonius limosus (alien),random_forest,lowacc,10,0.9769776148933709,0.42857142857142855,0.8181818181818182
Faxonius limosus (alien),random_forest,lowacc,10,0.9831396375280802,0.25,0.6666666666666666
Faxonius limosus (alien),random_forest,lowacc,10,0.9805620323753051,0.42857142857142855,0.6666666666666666
Faxonius limosus (alien),random_forest,lowacc,10,0.9802189871354988,0.42857142857142855,0.6666666666666666
Faxonius limosus (alien),random_forest,lowacc,10,0.9831428313059299,0.6666666666666666,0.6666666666666666
Faxonius limosus (alien),random_forest,lowacc,10,0.9736652518799879,0.42857142857142855,0.6666666666666666
Faxonius limosus (alien),random_forest,lowacc,10,0.9827316979576298,0.42857142857142855,0.6666666666666666
Faxonius limosus (alien),random_forest,lowacc,10,0.9816746519258982,0.42857142857142855,0.8181818181818182
Faxonius limosus (alien),random_forest,lowacc,10,0.9788284498450636,0.42857142857142855,0.6666666666666666
Faxonius limosus (alien),random_forest,lowacc,10,0.9820404112966556,0.42857142857142855,0.6666666666666666
Faxonius limosus (alien),random_forest,lowacc,10,0.9791837155438425,0.25,0.6666666666666666
Faxonius limosus (alien),random_forest,lowacc,10,0.9807824112615263,0.25,0.5384615384615384
Faxonius limosus (alien),random_forest,lowacc,10,0.9737028265991318,0.6666666666666666,0.6666666666666666
Faxonius limosus (alien),random_forest,lowacc,10,0.9747089451516029,0.42857142857142855,0.6666666666666666
Faxonius limosus (alien),random_forest,lowacc,10,0.9789699319984657,0.42857142857142855,0.6666666666666666
Faxonius limosus (alien),random_forest,lowacc,10,0.9799841592337173,0.42857142857142855,0.6666666666666666
Faxonius limosus (alien),random_forest,lowacc,10,0.9785445114786832,0.42857142857142855,0.8181818181818182
Faxonius limosus (alien),random_forest,lowacc,10,0.9779503359911896,0.42857142857142855,0.8181818181818182
Faxonius limosus (alien),random_forest,lowacc,10,0.9766112467353785,0.42857142857142855,0.8181818181818182
Faxonius limosus (alien),random_forest,lowacc,20,0.9654505175242261,0.1111111111111111,0.5384615384615384
Faxonius limosus (alien),random_forest,lowacc,20,0.9659213205382631,0.1111111111111111,0.5384615384615384
Faxonius limosus (alien),random_forest,lowacc,20,0.9707236245535505,0.1111111111111111,0.6666666666666666
Faxonius limosus (alien),random_forest,lowacc,20,0.9659287353662767,0.1111111111111111,0.5384615384615384
Faxonius limosus (alien),random_forest,lowacc,20,0.969612234891476,0.1111111111111111,0.5384615384615384
Faxonius limosus (alien),random_forest,lowacc,20,0.9708342136288042,0.1111111111111111,0.42857142857142855
Faxonius limosus (alien),random_forest,lowacc,20,0.9633055125299361,0.1111111111111111,0.5384615384615384
Faxonius limosus (alien),random_forest,lowacc,20,0.9684382625950558,0.1111111111111111,0.5384615384615384
Faxonius limosus (alien),random_forest,lowacc,20,0.9664073708812738,0.1111111111111111,0.5384615384615384
Faxonius limosus (alien),random_forest,lowacc,20,0.9714990177886332,0.1111111111111111,0.5384615384615384
Faxonius limosus (alien),random_forest,lowacc,20,0.9645147940947614,0.1111111111111111,0.5384615384615384
Faxonius limosus (alien),random_forest,lowacc,20,0.9695588118908322,0.1111111111111111,0.5384615384615384
Faxonius limosus (alien),random_forest,lowacc,20,0.9647949300199073,0.1111111111111111,0.5384615384615384
Faxonius limosus (alien),random_forest,lowacc,20,0.9693291773458094,0.1111111111111111,0.5384615384615384
Faxonius limosus (alien),random_forest,lowacc,20,0.9706366906996152,0.1111111111111111,0.5384615384615384
Faxonius limosus (alien),random_forest,lowacc,20,0.962759389021131,0.1111111111111111,0.5384615384615384
Faxonius limosus (alien),random_forest,lowacc,20,0.9692802308521195,0.25,0.5384615384615384
Faxonius limosus (alien),random_forest,lowacc,20,0.9653045041460557,0.1111111111111111,0.5384615384615384
Faxonius limosus (alien),random_forest,lowacc,20,0.9678728272761827,0.1111111111111111,0.5384615384615384
Faxonius limosus (alien),random_forest,lowacc,20,0.973339867649655,0.1111111111111111,0.5384615384615384
Faxonius limosus (alien),random_forest,lowacc,20,0.9748754725710911,0.1111111111111111,0.5384615384615384
Faxonius limosus (alien),random_forest,lowacc,20,0.9672228932253333,0.1111111111111111,0.5384615384615384
Faxonius limosus (alien),random_forest,lowacc,20,0.9643911823256889,0.1111111111111111,0.5384615384615384
Faxonius limosus (alien),random_forest,lowacc,20,0.9650144811207423,0.1111111111111111,0.42857142857142855
Faxonius limosus (alien),random_forest,lowacc,20,0.9639741970198697,0.1111111111111111,0.5384615384615384
Faxonius limosus (alien),random_forest,lowacc,20,0.9626183211131145,0.25,0.5384615384615384
Faxonius limosus (alien),random_forest,lowacc,20,0.9671157478591387,0.1111111111111111,0.5384615384615384
Faxonius limosus (alien),random_forest,lowacc,20,0.9682508933952673,0.25,0.5384615384615384
Faxonius limosus (alien),random_forest,lowacc,20,0.967626149421739,0.1111111111111111,0.5384615384615384
Faxonius limosus (alien),random_forest,lowacc,20,0.9624938863810112,0.25,0.5384615384615384
Faxonius limosus (alien),random_forest,snapping,1,0.9836442348828852,0.6666666666666666,1.0
Faxonius limosus (alien),random_forest,snapping,1,0.9827463086893837,0.6666666666666666,0.8181818181818182
Faxonius limosus (alien),random_forest,snapping,1,0.9886904150293964,0.6666666666666666,0.8181818181818182
Faxonius limosus (alien),random_forest,snapping,1,0.9842903671595812,1.0,1.0
Faxonius limosus (alien),random_forest,snapping,1,0.9848776033264135,1.0,1.0
Faxonius limosus (alien),random_forest,snapping,1,0.9867805504654177,0.6666666666666666,1.0
Faxonius limosus (alien),random_forest,snapping,1,0.9846795039601609,1.0,1.0
Faxonius limosus (alien),random_forest,snapping,1,0.9871769927128168,1.0,0.8181818181818182
Faxonius limosus (alien),random_forest,snapping,1,0.9887668796836769,0.42857142857142855,1.0
Faxonius limosus (alien),random_forest,snapping,1,0.9847395788795559,0.6666666666666666,1.0
Faxonius limosus (alien),random_forest,snapping,1,0.9834405001795921,0.6666666666666666,1.0
Faxonius limosus (alien),random_forest,snapping,1,0.9857027902597707,0.42857142857142855,0.8181818181818182
Faxonius limosus (alien),random_forest,snapping,1,0.9829544444512086,1.0,0.8181818181818182
Faxonius limosus (alien),random_forest,snapping,1,0.985446575876197,0.6666666666666666,0.8181818181818182
Faxonius limosus (alien),random_forest,snapping,1,0.9889585476771722,0.6666666666666666,1.0
Faxonius limosus (alien),random_forest,snapping,1,0.9876265212071031,1.0,0.8181818181818182
Faxonius limosus (alien),random_forest,snapping,1,0.9818078545729052,0.6666666666666666,0.8181818181818182
Faxonius limosus (alien),random_forest,snapping,1,0.9823763400929009,1.0,1.0
Faxonius limosus (alien),random_forest,snapping,1,0.9869785506540757,0.42857142857142855,1.0
Faxonius limosus (alien),random_forest,snapping,1,0.9846410770856592,1.0,0.8181818181818182
Faxonius limosus (alien),random_forest,snapping,1,0.9866777871801584,1.0,0.8181818181818182
Faxonius limosus (alien),random_forest,snapping,1,0.9854010786490542,0.6666666666666666,1.0
Faxonius limosus (alien),random_forest,snapping,1,0.9846709068015075,0.6666666666666666,0.8181818181818182
Faxonius limosus (alien),random_forest,snapping,1,0.9856041012730334,0.6666666666666666,0.6666666666666666
Faxonius limosus (alien),random_forest,snapping,1,0.9835779028383724,1.0,1.0
Faxonius limosus (alien),random_forest,snapping,1,0.9872351514179906,0.42857142857142855,1.0
Faxonius limosus (alien),random_forest,snapping,1,0.9867272470476866,0.6666666666666666,0.8181818181818182
Faxonius limosus (alien),random_forest,snapping,1,0.9869143618996596,1.0,1.0
Faxonius limosus (alien),random_forest,snapping,1,0.9861351142389245,0.6666666666666666,0.8181818181818182
Faxonius limosus (alien),random_forest,snapping,1,0.9812085644188211,0.6666666666666666,1.0
Faxonius limosus (alien),random_forest,snapping,2,0.9833414524961562,0.6666666666666666,0.8181818181818182
Faxonius limosus (alien),random_forest,snapping,2,0.9884942865317998,0.6666666666666666,1.0
Faxonius limosus (alien),random_forest,snapping,2,0.985929446084472,0.6666666666666666,0.8181818181818182
Faxonius limosus (alien),random_forest,snapping,2,0.9827483238750245,1.0,1.0
Faxonius limosus (alien),random_forest,snapping,2,0.9855227327909145,1.0,0.8181818181818182
Faxonius limosus (alien),random_forest,snapping,2,0.9788663164110775,1.0,1.0
Faxonius limosus (alien),random_forest,snapping,2,0.980037733195315,0.6666666666666666,0.8181818181818182
Faxonius limosus (alien),random_forest,snapping,2,0.9839216856100961,0.6666666666666666,1.0
Faxonius limosus (alien),random_forest,snapping,2,0.9841998329866936,0.6666666666666666,0.8181818181818182
Faxonius limosus (alien),random_forest,snapping,2,0.9871494962155956,0.6666666666666666,1.0
Faxonius limosus (alien),random_forest,snapping,2,0.9821037399689372,1.0,1.0
Faxonius limosus (alien),random_forest,snapping,2,0.9866356100841082,1.0,1.0
Faxonius limosus (alien),random_forest,snapping,2,0.9875797663474591,0.6666666666666666,1.0
Faxonius limosus (alien),random_forest,snapping,2,0.9815560210758385,0.6666666666666666,0.8181818181818182
Faxonius limosus (alien),random_forest,snapping,2,0.9836799344484533,0.6666666666666666,1.0
Faxonius limosus (alien),random_forest,snapping,2,0.9868826068488924,1.0,1.0
Faxonius limosus (alien),random_forest,snapping,2,0.9877835539703476,0.6666666666666666,1.0
Faxonius limosus (alien),random_forest,snapping,2,0.9834137135412544,0.42857142857142855,1.0
Faxonius limosus (alien),random_forest,snapping,2,0.9827312773654432,0.6666666666666666,0.6666666666666666
Faxonius limosus (alien),random_forest,snapping,2,0.9863618958439441,0.6666666666666666,0.6666666666666666
Faxonius limosus (alien),random_forest,snapping,2,0.9816136514449564,0.6666666666666666,0.8181818181818182
Faxonius limosus (alien),random_forest,snapping,2,0.9854170459757623,0.6666666666666666,0.8181818181818182
Faxonius limosus (alien),random_forest,snapping,2,0.9883431929998833,0.6666666666666666,1.0
Faxonius limosus (alien),random_forest,snapping,2,0.9846995200126746,0.6666666666666666,0.8181818181818182
Faxonius limosus (alien),random_forest,snapping,2,0.9842574132251743,1.0,0.8181818181818182
Faxonius limosus (alien),random_forest,snapping,2,0.985338333505823,0.6666666666666666,0.8181818181818182
Faxonius limosus (alien),random_forest,snapping,2,0.9829891714433467,0.6666666666666666,1.0
Faxonius limosus (alien),random_forest,snapping,2,0.986164944813437,0.42857142857142855,0.8181818181818182
Faxonius limosus (alien),random_forest,snapping,2,0.9839679534399521,0.6666666666666666,0.8181818181818182
Faxonius limosus (alien),random_forest,snapping,2,0.9859218969159429,0.6666666666666666,0.8181818181818182
Faxonius limosus (alien),random_forest,snapping,5,0.9884309726593651,0.6666666666666666,1.0
Faxonius limosus (alien),random_forest,snapping,5,0.9828956605285577,1.0,0.8181818181818182
Faxonius limosus (alien),random_forest,snapping,5,0.9765223072424614,1.0,0.8181818181818182
Faxonius limosus (alien),random_forest,snapping,5,0.9872062345572397,0.6666666666666666,0.8181818181818182
Faxonius limosus (alien),random_forest,snapping,5,0.9835633869044738,0.6666666666666666,0.8181818181818182
Faxonius limosus (alien),random_forest,snapping,5,0.985878084268329,0.6666666666666666,1.0
Faxonius limosus (alien),random_forest,snapping,5,0.9847773969475409,0.6666666666666666,0.8181818181818182
Faxonius limosus (alien),random_forest,snapping,5,0.985578560948734,1.0,0.8181818181818182
Faxonius limosus (alien),random_forest,snapping,5,0.9842544881230981,0.6666666666666666,0.8181818181818182
Faxonius limosus (alien),random_forest,snapping,5,0.988722338230012,0.6666666666666666,1.0
Faxonius limosus (alien),random_forest,snapping,5,0.9847699697432742,0.42857142857142855,1.0
Faxonius limosus (alien),random_forest,snapping,5,0.9815767196124898,0.42857142857142855,1.0
Faxonius limosus (alien),random_forest,snapping,5,0.9826057311230296,0.6666666666666666,1.0
Faxonius limosus (alien),random_forest,snapping,5,0.9870027578061742,1.0,0.8181818181818182
Faxonius limosus (alien),random_forest,snapping,5,0.9822318304407579,0.6666666666666666,0.8181818181818182
Faxonius limosus (alien),random_forest,snapping,5,0.9875356526389534,0.6666666666666666,0.8181818181818182
Faxonius limosus (alien),random_forest,snapping,5,0.9881997552675315,0.6666666666666666,0.8181818181818182
Faxonius limosus (alien),random_forest,snapping,5,0.9841832206062302,0.6666666666666666,1.0
Faxonius limosus (alien),random_forest,snapping,5,0.9837021921686138,0.6666666666666666,1.0
Faxonius limosus (alien),random_forest,snapping,5,0.9822803952246727,0.6666666666666666,1.0
Faxonius limosus (alien),random_forest,snapping,5,0.9860336335701532,1.0,1.0
Faxonius limosus (alien),random_forest,snapping,5,0.9863696884201766,0.6666666666666666,0.8181818181818182
Faxonius limosus (alien),random_forest,snapping,5,0.9868677287974624,0.6666666666666666,1.0
Faxonius limosus (alien),random_forest,snapping,5,0.9875171452704015,0.6666666666666666,1.0
Faxonius limosus (alien),random_forest,snapping,5,0.9879035193990052,0.6666666666666666,0.8181818181818182
Faxonius limosus (alien),random_forest,snapping,5,0.9891796592009058,0.6666666666666666,0.6666666666666666
Faxonius limosus (alien),random_forest,snapping,5,0.9879659809693109,0.6666666666666666,1.0
Faxonius limosus (alien),random_forest,snapping,5,0.9791999318158295,1.0,0.8181818181818182
Faxonius limosus (alien),random_forest,snapping,5,0.9849315871353647,0.6666666666666666,0.8181818181818182
Faxonius limosus (alien),random_forest,snapping,5,0.9829190382572549,1.0,1.0
Faxonius limosus (alien),xgboost,lowacc,3,0.7610150002605109,0.25,0.5384615384615384
Faxonius limosus (alien),xgboost,lowacc,3,0.7567790124521384,0.42857142857142855,0.42857142857142855
Faxonius limosus (alien),xgboost,lowacc,3,0.713337853178992,0.25,0.42857142857142855
Faxonius limosus (alien),xgboost,lowacc,3,0.7765265148697638,0.42857142857142855,0.42857142857142855
Faxonius limosus (alien),xgboost,lowacc,3,0.8053549196609628,0.42857142857142855,0.5384615384615384
Faxonius limosus (alien),xgboost,lowacc,3,0.7485589789118746,0.42857142857142855,0.5384615384615384
Faxonius limosus (alien),xgboost,lowacc,3,0.7707089911182702,0.25,0.3333333333333333
Faxonius limosus (alien),xgboost,lowacc,3,0.7473791249192113,0.42857142857142855,0.42857142857142855
Faxonius limosus (alien),xgboost,lowacc,3,0.7581064834351172,0.42857142857142855,0.3333333333333333
Faxonius limosus (alien),xgboost,lowacc,3,0.7471568960953447,0.25,0.3333333333333333
Faxonius limosus (alien),xgboost,lowacc,3,0.741893946828875,0.25,0.42857142857142855
Faxonius limosus (alien),xgboost,lowacc,3,0.7165171558168061,0.42857142857142855,0.5384615384615384
Faxonius limosus (alien),xgboost,lowacc,3,0.78241908983917,0.25,0.5384615384615384
Faxonius limosus (alien),xgboost,lowacc,3,0.6695861009459749,0.25,0.6666666666666666
Faxonius limosus (alien),xgboost,lowacc,3,0.7201641610119709,0.42857142857142855,0.5384615384615384
Faxonius limosus (alien),xgboost,lowacc,3,0.7379063440830058,0.42857142857142855,0.42857142857142855
Faxonius limosus (alien),xgboost,lowacc,3,0.7622221066817148,0.25,0.25
Faxonius limosus (alien),xgboost,lowacc,3,0.7715341401766828,0.42857142857142855,0.5384615384615384
Faxonius limosus (alien),xgboost,lowacc,3,0.7712137082903271,0.42857142857142855,0.42857142857142855
Faxonius limosus (alien),xgboost,lowacc,3,0.7256866649514014,0.42857142857142855,0.3333333333333333
Faxonius limosus (alien),xgboost,lowacc,3,0.7501598214254663,0.42857142857142855,0.42857142857142855
Faxonius limosus (alien),xgboost,lowacc,3,0.7269703092476774,0.25,0.42857142857142855
Faxonius limosus (alien),xgboost,lowacc,3,0.7511778967027375,0.42857142857142855,0.5384615384615384
Faxonius limosus (alien),xgboost,lowacc,3,0.7612205778167438,0.42857142857142855,0.5384615384615384
Faxonius limosus (alien),xgboost,lowacc,3,0.7184458436320186,0.42857142857142855,0.5384615384615384
Faxonius limosus (alien),xgboost,lowacc,3,0.7833112934515841,0.42857142857142855,0.5384615384615384
Faxonius limosus (alien),xgboost,lowacc,3,0.7856732969792608,0.42857142857142855,0.5384615384615384
Faxonius limosus (alien),xgboost,lowacc,3,0.6992873926790695,0.25,0.42857142857142855
Faxonius limosus (alien),xgboost,lowacc,3,0.7590116913210786,0.42857142857142855,0.3333333333333333
Faxonius limosus (alien),xgboost,lowacc,3,0.7219613085354587,0.42857142857142855,0.6666666666666666
Faxonius limosus (alien),xgboost,lowacc,10,0.74516459558063,0.42857142857142855,0.3333333333333333
Faxonius limosus (alien),xgboost,lowacc,10,0.7486634324295925,0.42857142857142855,0.3333333333333333
Faxonius limosus (alien),xgboost,lowacc,10,0.6791186424063627,0.42857142857142855,0.42857142857142855
Faxonius limosus (alien),xgboost,lowacc,10,0.7460770300227464,0.25,0.25
Faxonius limosus (alien),xgboost,lowacc,10,0.7158819008214048,0.42857142857142855,0.42857142857142855
Faxonius limosus (alien),xgboost,lowacc,10,0.683987453418002,0.6666666666666666,0.42857142857142855
Faxonius limosus (alien),xgboost,lowacc,10,0.7333543880100527,0.25,0.42857142857142855
Faxonius limosus (alien),xgboost,lowacc,10,0.7474398962825035,0.25,0.42857142857142855
Faxonius limosus (alien),xgboost,lowacc,10,0.7318471635062126,0.42857142857142855,0.42857142857142855
Faxonius limosus (alien),xgboost,lowacc,10,0.7849842663216557,0.42857142857142855,0.42857142857142855
Faxonius limosus (alien),xgboost,lowacc,10,0.6995783710038588,0.25,0.3333333333333333
Faxonius limosus (alien),xgboost,lowacc,10,0.7345586415460844,0.25,0.42857142857142855
Faxonius limosus (alien),xgboost,lowacc,10,0.7113195824832628,0.42857142857142855,0.5384615384615384
Faxonius limosus (alien),xgboost,lowacc,10,0.707669364235629,0.42857142857142855,0.42857142857142855
Faxonius limosus (alien),xgboost,lowacc,10,0.7087511716699821,0.42857142857142855,0.6666666666666666
Faxonius limosus (alien),xgboost,lowacc,10,0.728357219617481,0.25,0.42857142857142855
Faxonius limosus (alien),xgboost,lowacc,10,0.7368784760497354,0.25,0.25
Faxonius limosus (alien),xgboost,lowacc,10,0.7086321921367468,0.42857142857142855,0.42857142857142855
Faxonius limosus (alien),xgboost,lowacc,10,0.7375067724163996,0.42857142857142855,0.42857142857142855
Faxonius limosus (alien),xgboost,lowacc,10,0.7317074317932125,0.25,0.25
Faxonius limosus (alien),xgboost,lowacc,10,0.7106721761688927,0.42857142857142855,0.42857142857142855
Faxonius limosus (alien),xgboost,lowacc,10,0.7007628944400002,0.25,0.5384615384615384
Faxonius limosus (alien),xgboost,lowacc,10,0.7380998921551449,0.42857142857142855,0.5384615384615384
Faxonius limosus (alien),xgboost,lowacc,10,0.718058338491087,0.42857142857142855,0.3333333333333333
Faxonius limosus (alien),xgboost,lowacc,10,0.6770524610057074,0.25,0.42857142857142855
Faxonius limosus (alien),xgboost,lowacc,10,0.7387407076800009,0.25,0.25
Faxonius limosus (alien),xgboost,lowacc,10,0.7350198695442353,0.6666666666666666,0.5384615384615384
Faxonius limosus (alien),xgboost,lowacc,10,0.7484170504788055,0.42857142857142855,0.6666666666666666
Faxonius limosus (alien),xgboost,lowacc,10,0.7558368946550523,0.42857142857142855,0.6666666666666666
Faxonius limosus (alien),xgboost,lowacc,10,0.6991001845463306,0.42857142857142855,0.42857142857142855
Faxonius limosus (alien),xgboost,lowacc,20,0.6758708343663324,0.42857142857142855,0.3333333333333333
Faxonius limosus (alien),xgboost,lowacc,20,0.6740945589780397,0.25,0.3333333333333333
Faxonius limosus (alien),xgboost,lowacc,20,0.7217377081936006,0.6666666666666666,0.6666666666666666
Faxonius limosus (alien),xgboost,lowacc,20,0.7292251053705892,0.25,0.42857142857142855
Faxonius limosus (alien),xgboost,lowacc,20,0.7067172094483527,0.42857142857142855,0.3333333333333333
Faxonius limosus (alien),xgboost,lowacc,20,0.706003520667458,0.42857142857142855,0.42857142857142855
Faxonius limosus (alien),xgboost,lowacc,20,0.7009864412487072,0.42857142857142855,0.3333333333333333
Faxonius limosus (alien),xgboost,lowacc,20,0.6404280006225418,0.25,0.42857142857142855
Faxonius limosus (alien),xgboost,lowacc,20,0.6973568409448456,0.42857142857142855,0.42857142857142855
Faxonius limosus (alien),xgboost,lowacc,20,0.6912447724343952,0.42857142857142855,0.5384615384615384
Faxonius limosus (alien),xgboost,lowacc,20,0.7480535213826884,0.6666666666666666,0.42857142857142855
Faxonius limosus (alien),xgboost,lowacc,20,0.6803115228370644,0.42857142857142855,0.25
Faxonius limosus (alien),xgboost,lowacc,20,0.7413504997624957,0.25,0.42857142857142855
Faxonius limosus (alien),xgboost,lowacc,20,0.705662159446668,0.1111111111111111,0.42857142857142855
Faxonius limosus (alien),xgboost,lowacc,20,0.6862543110680922,0.42857142857142855,0.25
Faxonius limosus (alien),xgboost,lowacc,20,0.7329518487765264,0.42857142857142855,0.42857142857142855
Faxonius limosus (alien),xgboost,lowacc,20,0.7123562529863612,0.6666666666666666,0.5384615384615384
Faxonius limosus (alien),xgboost,lowacc,20,0.66975176785374,0.25,0.3333333333333333
Faxonius limosus (alien),xgboost,lowacc,20,0.745870030557553,0.42857142857142855,0.42857142857142855
Faxonius limosus (alien),xgboost,lowacc,20,0.7071429026486554,0.42857142857142855,0.3333333333333333
Faxonius limosus (alien),xgboost,lowacc,20,0.7195745798294105,0.25,0.3333333333333333
Faxonius limosus (alien),xgboost,lowacc,20,0.7236368889629614,0.25,0.25
Faxonius limosus (alien),xgboost,lowacc,20,0.7106889472522451,0.42857142857142855,0.42857142857142855
Faxonius limosus (alien),xgboost,lowacc,20,0.7595120918011412,0.1111111111111111,0.42857142857142855
Faxonius limosus (alien),xgboost,lowacc,20,0.6900691712661012,0.25,0.3333333333333333
Faxonius limosus (alien),xgboost,lowacc,20,0.7181823282402747,0.42857142857142855,0.42857142857142855
Faxonius limosus (alien),xgboost,lowacc,20,0.703250778361792,0.25,0.3333333333333333
Faxonius limosus (alien),xgboost,lowacc,20,0.7184900264650718,0.25,0.25
Faxonius limosus (alien),xgboost,lowacc,20,0.747052631451603,0.25,0.3333333333333333
Faxonius limosus (alien),xgboost,lowacc,20,0.7003730111599693,0.42857142857142855,0.5384615384615384
Faxonius limosus (alien),xgboost,snapping,1,0.7491822446518105,0.6666666666666666,0.6666666666666666
Faxonius limosus (alien),xgboost,snapping,1,0.7328017675994105,0.42857142857142855,0.5384615384615384
Faxonius limosus (alien),xgboost,snapping,1,0.7528235029282563,0.42857142857142855,0.5384615384615384
Faxonius limosus (alien),xgboost,snapping,1,0.7177693763163783,0.6666666666666666,0.5384615384615384
Faxonius limosus (alien),xgboost,snapping,1,0.7353046089284001,0.42857142857142855,0.5384615384615384
Faxonius limosus (alien),xgboost,snapping,1,0.7329185674582338,0.6666666666666666,0.5384615384615384
Faxonius limosus (alien),xgboost,snapping,1,0.7597216879896271,0.42857142857142855,0.3333333333333333
Faxonius limosus (alien),xgboost,snapping,1,0.7120228181717985,0.42857142857142855,0.3333333333333333
Faxonius limosus (alien),xgboost,snapping,1,0.7749781733053016,0.42857142857142855,0.42857142857142855
Faxonius limosus (alien),xgboost,snapping,1,0.7790389312353445,0.6666666666666666,0.42857142857142855
Faxonius limosus (alien),xgboost,snapping,1,0.7492253503535364,0.42857142857142855,0.42857142857142855
Faxonius limosus (alien),xgboost,snapping,1,0.7753908273488042,0.6666666666666666,0.5384615384615384
Faxonius limosus (alien),xgboost,snapping,1,0.7761351960075249,0.6666666666666666,0.5384615384615384
Faxonius limosus (alien),xgboost,snapping,1,0.7248542374992544,0.42857142857142855,0.42857142857142855
Faxonius limosus (alien),xgboost,snapping,1,0.7559409958829034,0.6666666666666666,0.3333333333333333
Faxonius limosus (alien),xgboost,snapping,1,0.7305057471571159,0.25,0.5384615384615384
Faxonius limosus (alien),xgboost,snapping,1,0.7730864121474237,0.6666666666666666,0.5384615384615384
Faxonius limosus (alien),xgboost,snapping,1,0.7580487192212534,0.42857142857142855,0.42857142857142855
Faxonius limosus (alien),xgboost,snapping,1,0.7165656839335373,0.42857142857142855,0.3333333333333333
Faxonius limosus (alien),xgboost,snapping,1,0.7432985797553668,0.6666666666666666,0.5384615384615384
Faxonius limosus (alien),xgboost,snapping,1,0.7401729328717563,0.42857142857142855,0.42857142857142855
Faxonius limosus (alien),xgboost,snapping,1,0.7629553933501109,0.42857142857142855,0.42857142857142855
Faxonius limosus (alien),xgboost,snapping,1,0.7672787852170853,0.42857142857142855,0.6666666666666666
Faxonius limosus (alien),xgboost,snapping,1,0.7989998932905409,0.25,0.42857142857142855
Faxonius limosus (alien),xgboost,snapping,1,0.7366933573931456,0.42857142857142855,0.5384615384615384
Faxonius limosus (alien),xgboost,snapping,1,0.7439201785973161,0.42857142857142855,0.42857142857142855
Faxonius limosus (alien),xgboost,snapping,1,0.722398111419886,0.42857142857142855,0.25
Faxonius limosus (alien),xgboost,snapping,1,0.7442963226092711,0.42857142857142855,0.3333333333333333
Faxonius limosus (alien),xgboost,snapping,1,0.7686822203783109,0.42857142857142855,0.42857142857142855
Faxonius limosus (alien),xgboost,snapping,1,0.7136191249663845,0.42857142857142855,0.42857142857142855
Faxonius limosus (alien),xgboost,snapping,2,0.7537052894662184,0.6666666666666666,0.5384615384615384
Faxonius limosus (alien),xgboost,snapping,2,0.78266349767917,0.42857142857142855,0.42857142857142855
Faxonius limosus (alien),xgboost,snapping,2,0.7093204259226741,0.42857142857142855,0.42857142857142855
Faxonius limosus (alien),xgboost,snapping,2,0.7986589188306082,0.6666666666666666,0.5384615384615384
Faxonius limosus (alien),xgboost,snapping,2,0.7254674498180207,0.6666666666666666,0.42857142857142855
Faxonius limosus (alien),xgboost,snapping,2,0.7739915162183943,0.42857142857142855,0.5384615384615384
Faxonius limosus (alien),xgboost,snapping,2,0.6977866982405525,0.42857142857142855,0.42857142857142855
Faxonius limosus (alien),xgboost,snapping,2,0.7652505617088788,0.42857142857142855,0.6666666666666666
Faxonius limosus (alien),xgboost,snapping,2,0.7354418494623133,0.42857142857142855,0.42857142857142855
Faxonius limosus (alien),xgboost,snapping,2,0.7918417390993386,0.6666666666666666,0.5384615384615384
Faxonius limosus (alien),xgboost,snapping,2,0.7110500127354149,0.42857142857142855,0.3333333333333333
Faxonius limosus (alien),xgboost,snapping,2,0.7244661979382332,0.6666666666666666,0.3333333333333333
Faxonius limosus (alien),xgboost,snapping,2,0.7629156359351881,0.42857142857142855,0.5384615384615384
Faxonius limosus (alien),xgboost,snapping,2,0.7491378046555137,0.42857142857142855,0.42857142857142855
Faxonius limosus (alien),xgboost,snapping,2,0.7774404271716385,0.42857142857142855,0.6666666666666666
Faxonius limosus (alien),xgboost,snapping,2,0.7443345517153181,0.42857142857142855,0.3333333333333333
Faxonius limosus (alien),xgboost,snapping,2,0.7298707332270845,0.6666666666666666,0.5384615384615384
Faxonius limosus (alien),xgboost,snapping,2,0.6937093991998388,0.42857142857142855,0.5384615384615384
Faxonius limosus (alien),xgboost,snapping,2,0.7552538984558317,0.25,0.3333333333333333
Faxonius limosus (alien),xgboost,snapping,2,0.7836283307867888,0.6666666666666666,0.42857142857142855
Faxonius limosus (alien),xgboost,snapping,2,0.7300287652407611,0.42857142857142855,0.42857142857142855
Faxonius limosus (alien),xgboost,snapping,2,0.7644236737060843,1.0,0.6666666666666666
Faxonius limosus (alien),xgboost,snapping,2,0.7618063020157473,0.42857142857142855,0.42857142857142855
Faxonius limosus (alien),xgboost,snapping,2,0.7919265782347518,0.25,0.42857142857142855
Faxonius limosus (alien),xgboost,snapping,2,0.7106959765480064,0.6666666666666666,0.42857142857142855
Faxonius limosus (alien),xgboost,snapping,2,0.7115746037067131,0.42857142857142855,0.42857142857142855
Faxonius limosus (alien),xgboost,snapping,2,0.7535882995278196,0.42857142857142855,0.3333333333333333
Faxonius limosus (alien),xgboost,snapping,2,0.7882262903833135,0.42857142857142855,0.5384615384615384
Faxonius limosus (alien),xgboost,snapping,2,0.7105029483036674,0.42857142857142855,0.42857142857142855
Faxonius limosus (alien),xgboost,snapping,2,0.7230933252835952,0.6666666666666666,0.42857142857142855
Faxonius limosus (alien),xgboost,snapping,5,0.7363161153118454,0.42857142857142855,0.42857142857142855
Faxonius limosus (alien),xgboost,snapping,5,0.7430015584177857,0.42857142857142855,0.42857142857142855
Faxonius limosus (alien),xgboost,snapping,5,0.7756436061281387,0.42857142857142855,0.5384615384615384
Faxonius limosus (alien),xgboost,snapping,5,0.7087822010046891,0.42857142857142855,0.42857142857142855
Faxonius limosus (alien),xgboost,snapping,5,0.7214631219652621,0.25,0.5384615384615384
Faxonius limosus (alien),xgboost,snapping,5,0.7459438719369362,0.42857142857142855,0.42857142857142855
Faxonius limosus (alien),xgboost,snapping,5,0.7215135115634981,0.42857142857142855,0.42857142857142855
Faxonius limosus (alien),xgboost,snapping,5,0.7598578851153366,0.42857142857142855,0.42857142857142855
Faxonius limosus (alien),xgboost,snapping,5,0.7343184395612591,0.42857142857142855,0.42857142857142855
Faxonius limosus (alien),xgboost,snapping,5,0.7295860946703735,0.42857142857142855,0.42857142857142855
Faxonius limosus (alien),xgboost,snapping,5,0.7056827583528916,0.42857142857142855,0.5384615384615384
Faxonius limosus (alien),xgboost,snapping,5,0.7633216963566062,0.42857142857142855,0.3333333333333333
Faxonius limosus (alien),xgboost,snapping,5,0.7970615640579741,0.6666666666666666,0.5384615384615384
Faxonius limosus (alien),xgboost,snapping,5,0.7032876999635405,0.42857142857142855,0.42857142857142855
Faxonius limosus (alien),xgboost,snapping,5,0.720426247459111,0.6666666666666666,0.5384615384615384
Faxonius limosus (alien),xgboost,snapping,5,0.719990796689331,0.25,0.5384615384615384
Faxonius limosus (alien),xgboost,snapping,5,0.7211558585125921,0.25,0.5384615384615384
Faxonius limosus (alien),xgboost,snapping,5,0.7303733532804846,0.42857142857142855,0.42857142857142855
Faxonius limosus (alien),xgboost,snapping,5,0.7456518246151215,0.42857142857142855,0.42857142857142855
Faxonius limosus (alien),xgboost,snapping,5,0.7389319555131981,0.42857142857142855,0.5384615384615384
Faxonius limosus (alien),xgboost,snapping,5,0.7364126123087106,0.6666666666666666,0.42857142857142855
Faxonius limosus (alien),xgboost,snapping,5,0.7261232111940413,0.42857142857142855,0.42857142857142855
Faxonius limosus (alien),xgboost,snapping,5,0.7654808062991992,0.42857142857142855,0.6666666666666666
Faxonius limosus (alien),xgboost,snapping,5,0.7323037356439425,1.0,0.6666666666666666
Faxonius limosus (alien),xgboost,snapping,5,0.7525725892845996,0.25,0.42857142857142855
Faxonius limosus (alien),xgboost,snapping,5,0.7432274988179541,0.42857142857142855,0.5384615384615384
Faxonius limosus (alien),xgboost,snapping,5,0.7616389029819186,0.6666666666666666,0.42857142857142855
Faxonius limosus (alien),xgboost,snapping,5,0.714277021828172,0.42857142857142855,0.42857142857142855
Faxonius limosus (alien),xgboost,snapping,5,0.7307478431533262,0.25,0.42857142857142855
Faxonius limosus (alien),xgboost,snapping,5,0.7420168856313666,0.6666666666666666,0.42857142857142855
Faxonius limosus (native),random_forest,snapping,1,0.916000013549153,0.6666666666666666,0.6666666666666666
Faxonius limosus (native),random_forest,snapping,1,0.9095493502229307,0.42857142857142855,0.6666666666666666
Faxonius limosus (native),random_forest,snapping,1,0.9051992770283247,0.6666666666666666,0.8181818181818182
Faxonius limosus (native),random_forest,snapping,1,0.9284089495517677,0.6666666666666666,0.8181818181818182
Faxonius limosus (native),random_forest,snapping,1,0.9167277868038819,0.6666666666666666,0.5384615384615384
Faxonius limosus (native),random_forest,snapping,1,0.9116729747081794,0.42857142857142855,0.6666666666666666
Faxonius limosus (native),random_forest,snapping,1,0.906180419288903,0.6666666666666666,0.6666666666666666
Faxonius limosus (native),random_forest,snapping,1,0.9297213797923483,0.6666666666666666,0.8181818181818182
Faxonius limosus (native),random_forest,snapping,1,0.9221392203409635,0.6666666666666666,0.6666666666666666
Faxonius limosus (native),random_forest,snapping,1,0.9090383453734497,0.6666666666666666,0.5384615384615384
Faxonius limosus (native),random_forest,snapping,1,0.9045900798634869,0.6666666666666666,0.6666666666666666
Faxonius limosus (native),random_forest,snapping,1,0.9240515333834067,0.6666666666666666,0.6666666666666666
Faxonius limosus (native),random_forest,snapping,1,0.9161261740671987,0.6666666666666666,0.6666666666666666
Faxonius limosus (native),random_forest,snapping,1,0.9110662791089109,0.6666666666666666,0.8181818181818182
Faxonius limosus (native),random_forest,snapping,1,0.9107358016307907,0.6666666666666666,0.8181818181818182
Faxonius limosus (native),random_forest,snapping,1,0.9251739603507686,0.6666666666666666,0.6666666666666666
Faxonius limosus (native),random_forest,snapping,1,0.9132401366535406,0.6666666666666666,0.6666666666666666
Faxonius limosus (native),random_forest,snapping,1,0.9155743442945659,0.6666666666666666,0.8181818181818182
Faxonius limosus (native),random_forest,snapping,1,0.9188727901264324,0.6666666666666666,0.6666666666666666
Faxonius limosus (native),random_forest,snapping,1,0.9246137739913554,0.6666666666666666,0.8181818181818182
Faxonius limosus (native),random_forest,snapping,1,0.8999812199411988,0.6666666666666666,0.6666666666666666
Faxonius limosus (native),random_forest,snapping,1,0.9219416751410696,0.6666666666666666,0.6666666666666666
Faxonius limosus (native),random_forest,snapping,1,0.8997250898875514,0.6666666666666666,0.8181818181818182
Faxonius limosus (native),random_forest,snapping,1,0.9208819264012303,0.6666666666666666,0.6666666666666666
Faxonius limosus (native),random_forest,snapping,1,0.9121635921605211,0.6666666666666666,0.6666666666666666
Faxonius limosus (native),random_forest,snapping,1,0.9243141713156316,0.6666666666666666,0.6666666666666666
Faxonius limosus (native),random_forest,snapping,1,0.9121302338046031,0.6666666666666666,0.5384615384615384
Faxonius limosus (native),random_forest,snapping,1,0.9044088539901163,0.42857142857142855,0.6666666666666666
Faxonius limosus (native),random_forest,snapping,1,0.9083082219638425,0.42857142857142855,0.5384615384615384
Faxonius limosus (native),random_forest,snapping,1,0.9086617675256616,0.42857142857142855,0.6666666666666666
Faxonius limosus (native),random_forest,snapping,2,0.9140385490010569,0.42857142857142855,0.6666666666666666
Faxonius limosus (native),random_forest,snapping,2,0.9169164457061039,0.6666666666666666,0.6666666666666666
Faxonius limosus (native),random_forest,snapping,2,0.903327166870134,0.6666666666666666,0.6666666666666666
Faxonius limosus (native),random_forest,snapping,2,0.9119426857723413,0.6666666666666666,0.8181818181818182
Faxonius limosus (native),random_forest,snapping,2,0.9307112603062327,0.6666666666666666,0.6666666666666666
Faxonius limosus (native),random_forest,snapping,2,0.9118884083627044,0.42857142857142855,0.6666666666666666
Faxonius limosus (native),random_forest,snapping,2,0.9077022365987638,0.6666666666666666,0.6666666666666666
Faxonius limosus (native),random_forest,snapping,2,0.9261298409000844,0.42857142857142855,0.6666666666666666
Faxonius limosus (native),random_forest,snapping,2,0.9031684671194862,0.6666666666666666,0.5384615384615384
Faxonius limosus (native),random_forest,snapping,2,0.9067134569804818,0.6666666666666666,0.5384615384615384
Faxonius limosus (native),random_forest,snapping,2,0.9149883868167412,0.42857142857142855,0.6666666666666666
Faxonius limosus (native),random_forest,snapping,2,0.9226111877466026,0.6666666666666666,0.6666666666666666
Faxonius limosus (native),random_forest,snapping,2,0.9244056189221664,1.0,0.6666666666666666
Faxonius limosus (native),random_forest,snapping,2,0.9153080570333535,0.6666666666666666,0.6666666666666666
Faxonius limosus (native),random_forest,snapping,2,0.9106377310367723,0.42857142857142855,0.8181818181818182
Faxonius limosus (native),random_forest,snapping,2,0.9111928398165662,0.6666666666666666,0.5384615384615384
Faxonius limosus (native),random_forest,snapping,2,0.9122772382822828,0.42857142857142855,0.6666666666666666
Faxonius limosus (native),random_forest,snapping,2,0.914160475204194,0.6666666666666666,0.8181818181818182
Faxonius limosus (native),random_forest,snapping,2,0.9028057169503699,0.6666666666666666,0.8181818181818182
Faxonius limosus (native),random_forest,snapping,2,0.9130754039860376,0.42857142857142855,0.8181818181818182
Faxonius limosus (native),random_forest,snapping,2,0.9065462905959093,0.6666666666666666,0.6666666666666666
Faxonius limosus (native),random_forest,snapping,2,0.9231666302787848,0.6666666666666666,0.42857142857142855
Faxonius limosus (native),random_forest,snapping,2,0.9212915275920601,0.6666666666666666,0.5384615384615384
Faxonius limosus (native),random_forest,snapping,2,0.920048418247043,0.6666666666666666,0.6666666666666666
Faxonius limosus (native),random_forest,snapping,2,0.8958599793652017,0.6666666666666666,0.5384615384615384
Faxonius limosus (native),random_forest,snapping,2,0.915943425019203,0.6666666666666666,0.6666666666666666
Faxonius limosus (native),random_forest,snapping,2,0.9150553980156554,0.6666666666666666,0.5384615384615384
Faxonius limosus (native),random_forest,snapping,2,0.9087508281153014,0.42857142857142855,0.6666666666666666
Faxonius limosus (native),random_forest,snapping,2,0.9201506956712153,0.6666666666666666,0.5384615384615384
Faxonius limosus (native),random_forest,snapping,2,0.9031682871438258,0.6666666666666666,0.6666666666666666
Faxonius limosus (native),random_forest,snapping,5,0.9105462792174875,0.6666666666666666,0.5384615384615384
Faxonius limosus (native),random_forest,snapping,5,0.9147174352727561,0.6666666666666666,0.5384615384615384
Faxonius limosus (native),random_forest,snapping,5,0.8881292837700921,0.42857142857142855,0.6666666666666666
Faxonius limosus (native),random_forest,snapping,5,0.9272183157293391,0.6666666666666666,0.42857142857142855
Faxonius limosus (native),random_forest,snapping,5,0.910709440457866,0.42857142857142855,0.5384615384615384
Faxonius limosus (native),random_forest,snapping,5,0.9059060638310488,0.42857142857142855,0.6666666666666666
Faxonius limosus (native),random_forest,snapping,5,0.912494067210438,0.6666666666666666,0.5384615384615384
Faxonius limosus (native),random_forest,snapping,5,0.9119064499967505,0.6666666666666666,0.5384615384615384
Faxonius limosus (native),random_forest,snapping,5,0.9078741723948671,0.6666666666666666,0.8181818181818182
Faxonius limosus (native),random_forest,snapping,5,0.8957263560851803,0.6666666666666666,0.6666666666666666
Faxonius limosus (native),random_forest,snapping,5,0.9067450146042956,0.6666666666666666,0.8181818181818182
Faxonius limosus (native),random_forest,snapping,5,0.9126921573763624,0.6666666666666666,0.6666666666666666
Faxonius limosus (native),random_forest,snapping,5,0.9159272380622826,0.6666666666666666,0.8181818181818182
Faxonius limosus (native),random_forest,snapping,5,0.9090288059960587,0.6666666666666666,0.5384615384615384
Faxonius limosus (native),random_forest,snapping,5,0.9059695042322583,0.42857142857142855,0.6666666666666666
Faxonius limosus (native),random_forest,snapping,5,0.9049211980849053,0.6666666666666666,0.6666666666666666
Faxonius limosus (native),random_forest,snapping,5,0.9098130761700706,0.6666666666666666,0.6666666666666666
Faxonius limosus (native),random_forest,snapping,5,0.9225202778827271,0.6666666666666666,0.6666666666666666
Faxonius limosus (native),random_forest,snapping,5,0.9183734806479393,0.42857142857142855,0.5384615384615384
Faxonius limosus (native),random_forest,snapping,5,0.8947217714992546,0.6666666666666666,0.6666666666666666
Faxonius limosus (native),random_forest,snapping,5,0.9216795059352787,0.6666666666666666,0.8181818181818182
Faxonius limosus (native),random_forest,snapping,5,0.9150433032938302,0.6666666666666666,0.6666666666666666
Faxonius limosus (native),random_forest,snapping,5,0.9050494736089697,0.6666666666666666,0.5384615384615384
Faxonius limosus (native),random_forest,snapping,5,0.9116473318903652,0.6666666666666666,0.5384615384615384
Faxonius limosus (native),random_forest,snapping,5,0.9018483525374359,0.6666666666666666,0.6666666666666666
Faxonius limosus (native),random_forest,snapping,5,0.9123029933774234,0.42857142857142855,0.5384615384615384
Faxonius limosus (native),random_forest,snapping,5,0.9171087390061808,0.6666666666666666,0.6666666666666666
Faxonius limosus (native),random_forest,snapping,5,0.9089005978131997,0.6666666666666666,0.6666666666666666
Faxonius limosus (native),random_forest,snapping,5,0.9043016857607181,0.6666666666666666,0.6666666666666666
Faxonius limosus (native),random_forest,snapping,5,0.9182211972820779,0.6666666666666666,0.5384615384615384
Faxonius limosus (native),xgboost,snapping,1,0.553222715200844,0.25,0.3333333333333333
Faxonius limosus (native),xgboost,snapping,1,0.4926822907011385,0.42857142857142855,0.42857142857142855
Faxonius limosus (native),xgboost,snapping,1,0.5622598206168736,0.25,0.3333333333333333
Faxonius limosus (native),xgboost,snapping,1,0.5040088795552332,0.25,0.3333333333333333
Faxonius limosus (native),xgboost,snapping,1,0.44764762897611193,0.25,0.42857142857142855
Faxonius limosus (native),xgboost,snapping,1,0.38403213435193123,0.1111111111111111,0.17647058823529413
Faxonius limosus (native),xgboost,snapping,1,0.4629780952759966,0.42857142857142855,0.42857142857142855
Faxonius limosus (native),xgboost,snapping,1,0.49737775281922286,0.25,0.3333333333333333
Faxonius limosus (native),xgboost,snapping,1,0.4689669842087259,0.42857142857142855,0.3333333333333333
Faxonius limosus (native),xgboost,snapping,1,0.4668250571199541,0.25,0.25
Faxonius limosus (native),xgboost,snapping,1,0.5609919755070615,0.1111111111111111,0.3333333333333333
Faxonius limosus (native),xgboost,snapping,1,0.5381237101103492,0.25,0.5384615384615384
Faxonius limosus (native),xgboost,snapping,1,0.49208012726934314,0.25,0.3333333333333333
Faxonius limosus (native),xgboost,snapping,1,0.4734476927163866,0.42857142857142855,0.3333333333333333
Faxonius limosus (native),xgboost,snapping,1,0.522522071886882,0.25,0.25
Faxonius limosus (native),xgboost,snapping,1,0.5262356635861617,0.25,0.42857142857142855
Faxonius limosus (native),xgboost,snapping,1,0.48385887506145414,0.42857142857142855,0.3333333333333333
Faxonius limosus (native),xgboost,snapping,1,0.4670360937049223,0.6666666666666666,0.3333333333333333
Faxonius limosus (native),xgboost,snapping,1,0.5132516808449652,0.42857142857142855,0.25
Faxonius limosus (native),xgboost,snapping,1,0.5528806035558661,0.42857142857142855,0.25
Faxonius limosus (native),xgboost,snapping,1,0.48657141405187343,0.25,0.17647058823529413
Faxonius limosus (native),xgboost,snapping,1,0.5165007670033263,0.25,0.25
Faxonius limosus (native),xgboost,snapping,1,0.49857895844081696,0.42857142857142855,0.25
Faxonius limosus (native),xgboost,snapping,1,0.500842689720794,0.25,0.42857142857142855
Faxonius limosus (native),xgboost,snapping,1,0.4565596442268609,0.25,0.3333333333333333
Faxonius limosus (native),xgboost,snapping,1,0.4756532882632712,0.42857142857142855,0.25
Faxonius limosus (native),xgboost,snapping,1,0.4982115173069737,0.42857142857142855,0.25
Faxonius limosus (native),xgboost,snapping,1,0.5246582002714156,0.42857142857142855,0.42857142857142855
Faxonius limosus (native),xgboost,snapping,1,0.5358934455361981,0.25,0.42857142857142855
Faxonius limosus (native),xgboost,snapping,1,0.48564762713162474,0.25,0.3333333333333333
Faxonius limosus (native),xgboost,snapping,2,0.5041173530638567,0.42857142857142855,0.25
Faxonius limosus (native),xgboost,snapping,2,0.5352840197667726,0.42857142857142855,0.3333333333333333
Faxonius limosus (native),xgboost,snapping,2,0.4605353992387377,0.1111111111111111,0.25
Faxonius limosus (native),xgboost,snapping,2,0.45749458888209227,0.6666666666666666,0.25
Faxonius limosus (native),xgboost,snapping,2,0.4856307537562352,0.25,0.25
Faxonius limosus (native),xgboost,snapping,2,0.4494938035199562,0.25,0.42857142857142855
Faxonius limosus (native),xgboost,snapping,2,0.5065757539972612,0.6666666666666666,0.42857142857142855
Faxonius limosus (native),xgboost,snapping,2,0.5081897921619658,0.25,0.3333333333333333
Faxonius limosus (native),xgboost,snapping,2,0.47769361831416746,0.42857142857142855,0.42857142857142855
Faxonius limosus (native),xgboost,snapping,2,0.4559824500760059,0.42857142857142855,0.3333333333333333
Faxonius limosus (native),xgboost,snapping,2,0.48521481077519135,0.25,0.17647058823529413
Faxonius limosus (native),xgboost,snapping,2,0.47582475503231486,1.0,0.3333333333333333
Faxonius limosus (native),xgboost,snapping,2,0.5201451857804199,0.25,0.3333333333333333
Faxonius limosus (native),xgboost,snapping,2,0.5230937308745671,0.25,0.3333333333333333
Faxonius limosus (native),xgboost,snapping,2,0.49042662409169047,0.6666666666666666,0.5384615384615384
Faxonius limosus (native),xgboost,snapping,2,0.44416392828034656,0.42857142857142855,0.42857142857142855
Faxonius limosus (native),xgboost,snapping,2,0.518856545485235,0.42857142857142855,0.3333333333333333
Faxonius limosus (native),xgboost,snapping,2,0.4362331822427485,0.25,0.3333333333333333
Faxonius limosus (native),xgboost,snapping,2,0.5363144237206252,0.42857142857142855,0.25
Faxonius limosus (native),xgboost,snapping,2,0.4418139767500727,0.42857142857142855,0.3333333333333333
Faxonius limosus (native),xgboost,snapping,2,0.5313674644421882,0.25,0.3333333333333333
Faxonius limosus (native),xgboost,snapping,2,0.47600231012031585,0.25,0.42857142857142855
Faxonius limosus (native),xgboost,snapping,2,0.47537285902870413,0.25,0.17647058823529413
Faxonius limosus (native),xgboost,snapping,2,0.4358069728710625,0.42857142857142855,0.5384615384615384
Faxonius limosus (native),xgboost,snapping,2,0.4981504189856324,0.42857142857142855,0.3333333333333333
Faxonius limosus (native),xgboost,snapping,2,0.5046618603281304,0.42857142857142855,0.3333333333333333
Faxonius limosus (native),xgboost,snapping,2,0.5001113398659065,0.42857142857142855,0.42857142857142855
Faxonius limosus (native),xgboost,snapping,2,0.45829409772911894,0.42857142857142855,0.25
Faxonius limosus (native),xgboost,snapping,2,0.4599951466136121,0.25,0.42857142857142855
Faxonius limosus (native),xgboost,snapping,2,0.5251902599417293,0.42857142857142855,0.3333333333333333
Faxonius limosus (native),xgboost,snapping,5,0.4909635512408915,0.42857142857142855,0.42857142857142855
Faxonius limosus (native),xgboost,snapping,5,0.44360390194015775,0.42857142857142855,0.3333333333333333
Faxonius limosus (native),xgboost,snapping,5,0.44707135594889846,0.25,0.5384615384615384
Faxonius limosus (native),xgboost,snapping,5,0.5478546667965669,0.42857142857142855,0.3333333333333333
Faxonius limosus (native),xgboost,snapping,5,0.5437140559407595,0.42857142857142855,0.25
Faxonius limosus (native),xgboost,snapping,5,0.5288604416886646,0.42857142857142855,0.42857142857142855
Faxonius limosus (native),xgboost,snapping,5,0.4563922115670851,0.1111111111111111,0.25
Faxonius limosus (native),xgboost,snapping,5,0.44660301709770733,0.6666666666666666,0.42857142857142855
Faxonius limosus (native),xgboost,snapping,5,0.53937425812066,0.25,0.42857142857142855
Faxonius limosus (native),xgboost,snapping,5,0.5040519781107137,0.6666666666666666,0.3333333333333333
Faxonius limosus (native),xgboost,snapping,5,0.5280859380419044,0.25,0.25
Faxonius limosus (native),xgboost,snapping,5,0.45569441990685366,0.42857142857142855,0.5384615384615384
Faxonius limosus (native),xgboost,snapping,5,0.49278141902569883,0.6666666666666666,0.25
Faxonius limosus (native),xgboost,snapping,5,0.5071550748592628,0.1111111111111111,0.3333333333333333
Faxonius limosus (native),xgboost,snapping,5,0.5053969141580092,0.6666666666666666,0.25
Faxonius limosus (native),xgboost,snapping,5,0.48575731478762735,0.42857142857142855,0.42857142857142855
Faxonius limosus (native),xgboost,snapping,5,0.44319863398451925,0.25,0.42857142857142855
Faxonius limosus (native),xgboost,snapping,5,0.5310370267352988,0.25,0.25
Faxonius limosus (native),xgboost,snapping,5,0.4915973622346246,0.25,0.42857142857142855
Faxonius limosus (native),xgboost,snapping,5,0.48169317663389744,0.1111111111111111,0.25
Faxonius limosus (native),xgboost,snapping,5,0.5161155739061453,0.25,0.3333333333333333
Faxonius limosus (native),xgboost,snapping,5,0.471664353490061,0.42857142857142855,0.3333333333333333
Faxonius limosus (native),xgboost,snapping,5,0.529828328300749,0.42857142857142855,0.5384615384615384
Faxonius limosus (native),xgboost,snapping,5,0.42684598432877024,0.25,0.3333333333333333
Faxonius limosus (native),xgboost,snapping,5,0.4509855074941012,0.42857142857142855,0.17647058823529413
Faxonius limosus (native),xgboost,snapping,5,0.4774873879522215,0.25,0.3333333333333333
Faxonius limosus (native),xgboost,snapping,5,0.47049834236210514,0.25,0.25
Faxonius limosus (native),xgboost,snapping,5,0.45606048411264544,0.1111111111111111,0.42857142857142855
Faxonius limosus (native),xgboost,snapping,5,0.4422350605326203,0.25,0.17647058823529413
Faxonius limosus (native),xgboost,snapping,5,0.5637558598878921,0.6666666666666666,0.5384615384615384
Lacunicambarus diogenes,random_forest,snapping,1,0.9764769052483369,1.0,0.6666666666666666
Lacunicambarus diogenes,random_forest,snapping,1,0.9806673847242826,1.0,0.6666666666666666
Lacunicambarus diogenes,random_forest,snapping,1,0.9781656915166707,0.6666666666666666,0.8181818181818182
Lacunicambarus diogenes,random_forest,snapping,1,0.9849815069483655,1.0,0.6666666666666666
Lacunicambarus diogenes,random_forest,snapping,1,0.9788621572679972,1.0,0.8181818181818182
Lacunicambarus diogenes,random_forest,snapping,1,0.9797525789416068,0.6666666666666666,0.6666666666666666
Lacunicambarus diogenes,random_forest,snapping,1,0.9809821837718834,1.0,0.6666666666666666
Lacunicambarus diogenes,random_forest,snapping,1,0.9818463460550285,0.6666666666666666,1.0
Lacunicambarus diogenes,random_forest,snapping,1,0.9768693690679485,1.0,0.6666666666666666
Lacunicambarus diogenes,random_forest,snapping,1,0.9814502430689529,1.0,0.8181818181818182
Lacunicambarus diogenes,random_forest,snapping,1,0.9778939410173557,1.0,0.6666666666666666
Lacunicambarus diogenes,random_forest,snapping,1,0.9788148562894268,1.0,0.8181818181818182
Lacunicambarus diogenes,random_forest,snapping,1,0.9800095192766466,0.6666666666666666,0.8181818181818182
Lacunicambarus diogenes,random_forest,snapping,1,0.9814187841586165,1.0,0.6666666666666666
Lacunicambarus diogenes,random_forest,snapping,1,0.9798345262112345,1.0,0.8181818181818182
Lacunicambarus diogenes,random_forest,snapping,1,0.9850059062447661,1.0,0.8181818181818182
Lacunicambarus diogenes,random_forest,snapping,1,0.9794575416848894,1.0,0.6666666666666666
Lacunicambarus diogenes,random_forest,snapping,1,0.9833873984527995,0.6666666666666666,0.8181818181818182
Lacunicambarus diogenes,random_forest,snapping,1,0.9810646815333132,1.0,0.5384615384615384
Lacunicambarus diogenes,random_forest,snapping,1,0.9827490174861846,1.0,0.8181818181818182
Lacunicambarus diogenes,random_forest,snapping,1,0.9828883164870883,1.0,0.8181818181818182
Lacunicambarus diogenes,random_forest,snapping,1,0.9831694462400813,1.0,0.6666666666666666
Lacunicambarus diogenes,random_forest,snapping,1,0.9809023185581734,1.0,0.6666666666666666
Lacunicambarus diogenes,random_forest,snapping,1,0.9789771260213807,1.0,1.0
Lacunicambarus diogenes,random_forest,snapping,1,0.9813103436076563,1.0,0.6666666666666666
Lacunicambarus diogenes,random_forest,snapping,1,0.9836914193192005,1.0,0.6666666666666666
Lacunicambarus diogenes,random_forest,snapping,1,0.9805112796814183,1.0,0.8181818181818182
Lacunicambarus diogenes,random_forest,snapping,1,0.980029501691013,0.6666666666666666,0.6666666666666666
Lacunicambarus diogenes,random_forest,snapping,1,0.9811161188543732,1.0,0.8181818181818182
Lacunicambarus diogenes,random_forest,snapping,1,0.9829356981219732,1.0,0.8181818181818182
Lacunicambarus diogenes,random_forest,snapping,2,0.9777266291803098,1.0,0.8181818181818182
Lacunicambarus diogenes,random_forest,snapping,2,0.9779315468775354,1.0,0.6666666666666666
Lacunicambarus diogenes,random_forest,snapping,2,0.980528345312651,0.6666666666666666,0.5384615384615384
Lacunicambarus diogenes,random_forest,snapping,2,0.9829234935589557,1.0,0.6666666666666666
Lacunicambarus diogenes,random_forest,snapping,2,0.977220246503135,1.0,0.8181818181818182
Lacunicambarus diogenes,random_forest,snapping,2,0.9785120379707412,1.0,0.8181818181818182
Lacunicambarus diogenes,random_forest,snapping,2,0.9755758502224721,1.0,0.8181818181818182
Lacunicambarus diogenes,random_forest,snapping,2,0.9745126863789617,1.0,0.8181818181818182
Lacunicambarus diogenes,random_forest,snapping,2,0.9786614230573155,0.6666666666666666,0.6666666666666666
Lacunicambarus diogenes,random_forest,snapping,2,0.9802488081943945,1.0,0.8181818181818182
Lacunicambarus diogenes,random_forest,snapping,2,0.9828326292983177,1.0,1.0
Lacunicambarus diogenes,random_forest,snapping,2,0.9796072275948775,1.0,0.6666666666666666
Lacunicambarus diogenes,random_forest,snapping,2,0.9779801094505116,0.6666666666666666,0.6666666666666666
Lacunicambarus diogenes,random_forest,snapping,2,0.975846344129658,0.6666666666666666,0.6666666666666666
Lacunicambarus diogenes,random_forest,snapping,2,0.9848870753489434,1.0,0.6666666666666666
Lacunicambarus diogenes,random_forest,snapping,2,0.9785322384761205,0.6666666666666666,0.6666666666666666
Lacunicambarus diogenes,random_forest,snapping,2,0.9777331434048584,0.6666666666666666,0.8181818181818182
Lacunicambarus diogenes,random_forest,snapping,2,0.9777232846152961,0.6666666666666666,0.8181818181818182
Lacunicambarus diogenes,random_forest,snapping,2,0.9815288464550997,1.0,0.8181818181818182
Lacunicambarus diogenes,random_forest,snapping,2,0.9832994690257206,0.6666666666666666,0.6666666666666666
Lacunicambarus diogenes,random_forest,snapping,2,0.976855767868367,0.6666666666666666,0.6666666666666666
Lacunicambarus diogenes,random_forest,snapping,2,0.9795711330616981,1.0,0.8181818181818182
Lacunicambarus diogenes,random_forest,snapping,2,0.9778283537872842,0.6666666666666666,0.8181818181818182
Lacunicambarus diogenes,random_forest,snapping,2,0.9794166597835237,0.6666666666666666,0.6666666666666666
Lacunicambarus diogenes,random_forest,snapping,2,0.9751292890309925,1.0,0.6666666666666666
Lacunicambarus diogenes,random_forest,snapping,2,0.981169534386439,1.0,0.8181818181818182
Lacunicambarus diogenes,random_forest,snapping,2,0.9851090559298793,1.0,0.5384615384615384
Lacunicambarus diogenes,random_forest,snapping,2,0.9787765479129421,1.0,0.6666666666666666
Lacunicambarus diogenes,random_forest,snapping,2,0.9739617478436342,1.0,0.8181818181818182
Lacunicambarus diogenes,random_forest,snapping,2,0.9859628979596833,0.6666666666666666,0.8181818181818182
Lacunicambarus diogenes,random_forest,snapping,5,0.9831093849895247,1.0,0.8181818181818182
Lacunicambarus diogenes,random_forest,snapping,5,0.9798025824220349,1.0,0.6666666666666666
Lacunicambarus diogenes,random_forest,snapping,5,0.9831889435150898,1.0,0.8181818181818182
Lacunicambarus diogenes,random_forest,snapping,5,0.9783880996715321,1.0,0.6666666666666666
Lacunicambarus diogenes,random_forest,snapping,5,0.9785408027486486,1.0,0.8181818181818182
Lacunicambarus diogenes,random_forest,snapping,5,0.9750452619057658,0.6666666666666666,0.8181818181818182
Lacunicambarus diogenes,random_forest,snapping,5,0.9793932157609815,1.0,0.8181818181818182
Lacunicambarus diogenes,random_forest,snapping,5,0.9814121780824971,1.0,0.8181818181818182
Lacunicambarus diogenes,random_forest,snapping,5,0.9830717098087272,0.42857142857142855,1.0
Lacunicambarus diogenes,random_forest,snapping,5,0.9836103213771462,1.0,0.6666666666666666
Lacunicambarus diogenes,random_forest,snapping,5,0.9839979048537665,1.0,0.8181818181818182
Lacunicambarus diogenes,random_forest,snapping,5,0.9821675734648382,0.6666666666666666,0.6666666666666666
Lacunicambarus diogenes,random_forest,snapping,5,0.9827551468577586,1.0,0.8181818181818182
Lacunicambarus diogenes,random_forest,snapping,5,0.9785139545423782,0.6666666666666666,0.6666666666666666
Lacunicambarus diogenes,random_forest,snapping,5,0.981628300108776,1.0,0.8181818181818182
Lacunicambarus diogenes,random_forest,snapping,5,0.9759169999739028,0.6666666666666666,0.8181818181818182
Lacunicambarus diogenes,random_forest,snapping,5,0.9816598921156906,1.0,0.8181818181818182
Lacunicambarus diogenes,random_forest,snapping,5,0.9829761978790202,0.6666666666666666,1.0
Lacunicambarus diogenes,random_forest,snapping,5,0.98209682607901,1.0,0.8181818181818182
Lacunicambarus diogenes,random_forest,snapping,5,0.9799680205594725,0.6666666666666666,0.6666666666666666
Lacunicambarus diogenes,random_forest,snapping,5,0.9817244137262922,1.0,0.8181818181818182
Lacunicambarus diogenes,random_forest,snapping,5,0.9739054394978872,1.0,0.6666666666666666
Lacunicambarus diogenes,random_forest,snapping,5,0.9824903183601711,1.0,0.6666666666666666
Lacunicambarus diogenes,random_forest,snapping,5,0.9815363880143234,1.0,0.6666666666666666
Lacunicambarus diogenes,random_forest,snapping,5,0.9817152680338003,1.0,0.5384615384615384
Lacunicambarus diogenes,random_forest,snapping,5,0.9840434398761806,1.0,0.5384615384615384
Lacunicambarus diogenes,random_forest,snapping,5,0.9815154083989202,0.6666666666666666,0.8181818181818182
Lacunicambarus diogenes,random_forest,snapping,5,0.9804242085598601,0.6666666666666666,0.8181818181818182
Lacunicambarus diogenes,random_forest,snapping,5,0.9836076517854975,1.0,0.8181818181818182
Lacunicambarus diogenes,random_forest,snapping,5,0.9757838827000931,0.6666666666666666,0.5384615384615384
Lacunicambarus diogenes,xgboost,snapping,1,0.5934876370178988,0.6666666666666666,0.8181818181818182
Lacunicambarus diogenes,xgboost,snapping,1,0.6858441905021117,0.6666666666666666,0.5384615384615384
Lacunicambarus diogenes,xgboost,snapping,1,0.6511899572569176,0.42857142857142855,0.6666666666666666
Lacunicambarus diogenes,xgboost,snapping,1,0.5624806637893385,0.6666666666666666,0.5384615384615384
Lacunicambarus diogenes,xgboost,snapping,1,0.5684510614706157,0.42857142857142855,0.42857142857142855
Lacunicambarus diogenes,xgboost,snapping,1,0.5833002440923024,0.6666666666666666,0.5384615384615384
Lacunicambarus diogenes,xgboost,snapping,1,0.6528628403271,0.6666666666666666,0.6666666666666666
Lacunicambarus diogenes,xgboost,snapping,1,0.5918106220343702,0.6666666666666666,0.6666666666666666
Lacunicambarus diogenes,xgboost,snapping,1,0.6172058512866047,0.6666666666666666,0.5384615384615384
Lacunicambarus diogenes,xgboost,snapping,1,0.5634713807089747,0.6666666666666666,0.6666666666666666
Lacunicambarus diogenes,xgboost,snapping,1,0.6467871967380971,0.6666666666666666,0.6666666666666666
Lacunicambarus diogenes,xgboost,snapping,1,0.5480596021616502,0.6666666666666666,0.3333333333333333
Lacunicambarus diogenes,xgboost,snapping,1,0.5329426281191231,0.6666666666666666,0.6666666666666666
Lacunicambarus diogenes,xgboost,snapping,1,0.6710739483019361,0.6666666666666666,0.5384615384615384
Lacunicambarus diogenes,xgboost,snapping,1,0.5581078279465226,1.0,0.6666666666666666
Lacunicambarus diogenes,xgboost,snapping,1,0.5846060852885124,0.6666666666666666,0.6666666666666666
Lacunicambarus diogenes,xgboost,snapping,1,0.6423838304979539,0.6666666666666666,0.6666666666666666
Lacunicambarus diogenes,xgboost,snapping,1,0.5518805653054499,0.6666666666666666,0.5384615384615384
Lacunicambarus diogenes,xgboost,snapping,1,0.5390217564085282,0.6666666666666666,0.42857142857142855
Lacunicambarus diogenes,xgboost,snapping,1,0.649065236658465,0.6666666666666666,0.6666666666666666
Lacunicambarus diogenes,xgboost,snapping,1,0.5949672347135443,1.0,0.5384615384615384
Lacunicambarus diogenes,xgboost,snapping,1,0.6326872445792303,0.6666666666666666,0.5384615384615384
Lacunicambarus diogenes,xgboost,snapping,1,0.6099242014596579,0.6666666666666666,0.42857142857142855
Lacunicambarus diogenes,xgboost,snapping,1,0.6262370162193075,0.6666666666666666,0.6666666666666666
Lacunicambarus diogenes,xgboost,snapping,1,0.6307273729872539,0.6666666666666666,0.6666666666666666
Lacunicambarus diogenes,xgboost,snapping,1,0.5859224568126657,1.0,0.6666666666666666
Lacunicambarus diogenes,xgboost,snapping,1,0.6268886916217162,0.6666666666666666,0.6666666666666666
Lacunicambarus diogenes,xgboost,snapping,1,0.5813738378778391,0.6666666666666666,0.6666666666666666
Lacunicambarus diogenes,xgboost,snapping,1,0.6377616817424728,0.6666666666666666,0.6666666666666666
Lacunicambarus diogenes,xgboost,snapping,1,0.6327515381057515,0.6666666666666666,0.6666666666666666
Lacunicambarus diogenes,xgboost,snapping,2,0.6915723319896084,0.6666666666666666,0.6666666666666666
Lacunicambarus diogenes,xgboost,snapping,2,0.5790431980470362,0.6666666666666666,0.6666666666666666
Lacunicambarus diogenes,xgboost,snapping,2,0.5484565187222074,1.0,0.42857142857142855
Lacunicambarus diogenes,xgboost,snapping,2,0.5871325162897185,1.0,0.42857142857142855
Lacunicambarus diogenes,xgboost,snapping,2,0.5380132583190729,0.6666666666666666,0.5384615384615384
Lacunicambarus diogenes,xgboost,snapping,2,0.62923887106801,1.0,0.6666666666666666
Lacunicambarus diogenes,xgboost,snapping,2,0.6974164747177847,0.6666666666666666,0.5384615384615384
Lacunicambarus diogenes,xgboost,snapping,2,0.596449432894271,0.6666666666666666,0.5384615384615384
Lacunicambarus diogenes,xgboost,snapping,2,0.5972497659074032,1.0,0.5384615384615384
Lacunicambarus diogenes,xgboost,snapping,2,0.6154111972454527,0.6666666666666666,0.5384615384615384
Lacunicambarus diogenes,xgboost,snapping,2,0.6608929604827712,0.6666666666666666,0.5384615384615384
Lacunicambarus diogenes,xgboost,snapping,2,0.6633082564486735,1.0,0.8181818181818182
Lacunicambarus diogenes,xgboost,snapping,2,0.5359958741524521,0.42857142857142855,0.42857142857142855
Lacunicambarus diogenes,xgboost,snapping,2,0.5783441459131454,0.6666666666666666,0.5384615384615384
Lacunicambarus diogenes,xgboost,snapping,2,0.6006731959851411,0.6666666666666666,0.8181818181818182
Lacunicambarus diogenes,xgboost,snapping,2,0.632962286306669,0.6666666666666666,0.5384615384615384
Lacunicambarus diogenes,xgboost,snapping,2,0.6014825451944859,0.42857142857142855,0.6666666666666666
Lacunicambarus diogenes,xgboost,snapping,2,0.6013101034994606,1.0,0.5384615384615384
Lacunicambarus diogenes,xgboost,snapping,2,0.5636588890925188,0.6666666666666666,0.5384615384615384
Lacunicambarus diogenes,xgboost,snapping,2,0.6689746954155682,0.6666666666666666,0.5384615384615384
Lacunicambarus diogenes,xgboost,snapping,2,0.6335016995036739,0.6666666666666666,0.5384615384615384
Lacunicambarus diogenes,xgboost,snapping,2,0.5636604775303196,1.0,0.5384615384615384
Lacunicambarus diogenes,xgboost,snapping,2,0.6043225333536851,0.6666666666666666,0.5384615384615384
Lacunicambarus diogenes,xgboost,snapping,2,0.5900374633205522,1.0,0.6666666666666666
Lacunicambarus diogenes,xgboost,snapping,2,0.6237619266437169,0.6666666666666666,0.8181818181818182
Lacunicambarus diogenes,xgboost,snapping,2,0.623633955922726,0.6666666666666666,0.5384615384615384
Lacunicambarus diogenes,xgboost,snapping,2,0.5935815490015485,0.6666666666666666,0.6666666666666666
Lacunicambarus diogenes,xgboost,snapping,2,0.5841427789811832,0.6666666666666666,0.5384615384615384
Lacunicambarus diogenes,xgboost,snapping,2,0.6179622383126586,0.42857142857142855,0.6666666666666666
Lacunicambarus diogenes,xgboost,snapping,2,0.6381393745267604,0.42857142857142855,0.6666666666666666
Lacunicambarus diogenes,xgboost,snapping,5,0.5977457041463258,0.6666666666666666,0.42857142857142855
Lacunicambarus diogenes,xgboost,snapping,5,0.5398142311839483,0.6666666666666666,0.6666666666666666
Lacunicambarus diogenes,xgboost,snapping,5,0.6484847451202689,1.0,0.6666666666666666
Lacunicambarus diogenes,xgboost,snapping,5,0.6108928462800275,0.6666666666666666,0.5384615384615384
Lacunicambarus diogenes,xgboost,snapping,5,0.609499294488048,0.6666666666666666,0.5384615384615384
Lacunicambarus diogenes,xgboost,snapping,5,0.5984754989082748,0.42857142857142855,0.5384615384615384
Lacunicambarus diogenes,xgboost,snapping,5,0.6283719253224838,0.6666666666666666,0.6666666666666666
Lacunicambarus diogenes,xgboost,snapping,5,0.6372138456830613,0.6666666666666666,0.5384615384615384
Lacunicambarus diogenes,xgboost,snapping,5,0.5548101196970617,0.6666666666666666,0.42857142857142855
Lacunicambarus diogenes,xgboost,snapping,5,0.6060187688576466,0.42857142857142855,0.5384615384615384
Lacunicambarus diogenes,xgboost,snapping,5,0.5696920938361799,0.6666666666666666,0.5384615384615384
Lacunicambarus diogenes,xgboost,snapping,5,0.5781446528648382,0.6666666666666666,0.6666666666666666
Lacunicambarus diogenes,xgboost,snapping,5,0.5892649696901513,0.42857142857142855,0.42857142857142855
Lacunicambarus diogenes,xgboost,snapping,5,0.6169434228112223,0.6666666666666666,0.42857142857142855
Lacunicambarus diogenes,xgboost,snapping,5,0.572656697382085,0.42857142857142855,0.5384615384615384
Lacunicambarus diogenes,xgboost,snapping,5,0.6281513667094347,0.6666666666666666,0.42857142857142855
Lacunicambarus diogenes,xgboost,snapping,5,0.5435676827531924,0.6666666666666666,0.42857142857142855
Lacunicambarus diogenes,xgboost,snapping,5,0.6334399328015412,0.6666666666666666,0.8181818181818182
Lacunicambarus diogenes,xgboost,snapping,5,0.6125759089044618,1.0,0.6666666666666666
Lacunicambarus diogenes,xgboost,snapping,5,0.5524675184188467,0.6666666666666666,0.5384615384615384
Lacunicambarus diogenes,xgboost,snapping,5,0.6453129105653891,0.6666666666666666,0.6666666666666666
Lacunicambarus diogenes,xgboost,snapping,5,0.6464441237733531,0.6666666666666666,0.6666666666666666
Lacunicambarus diogenes,xgboost,snapping,5,0.5388054391068037,0.6666666666666666,0.6666666666666666
Lacunicambarus diogenes,xgboost,snapping,5,0.6214651611478889,0.6666666666666666,0.5384615384615384
Lacunicambarus diogenes,xgboost,snapping,5,0.6351530528989981,0.6666666666666666,0.42857142857142855
Lacunicambarus diogenes,xgboost,snapping,5,0.5833403868328488,0.6666666666666666,0.5384615384615384
Lacunicambarus diogenes,xgboost,snapping,5,0.6325663950820976,0.42857142857142855,0.5384615384615384
Lacunicambarus diogenes,xgboost,snapping,5,0.5034375602748375,0.6666666666666666,0.5384615384615384
Lacunicambarus diogenes,xgboost,snapping,5,0.5807178763039632,0.42857142857142855,0.5384615384615384
Lacunicambarus diogenes,xgboost,snapping,5,0.6364362212904787,1.0,0.5384615384615384
Pacifastacus leniusculus (alien),random_forest,lowacc,3,0.9632904095477468,1.0,0.8181818181818182
Pacifastacus leniusculus (alien),random_forest,lowacc,3,0.9652197031739104,1.0,0.8181818181818182
Pacifastacus leniusculus (alien),random_forest,lowacc,3,0.9700858612752884,1.0,0.8181818181818182
Pacifastacus leniusculus (alien),random_forest,lowacc,3,0.9670114026942221,1.0,0.8181818181818182
Pacifastacus leniusculus (alien),random_forest,lowacc,3,0.9689546423125573,1.0,0.8181818181818182
Pacifastacus leniusculus (alien),random_forest,lowacc,3,0.9737035290275727,1.0,0.8181818181818182
Pacifastacus leniusculus (alien),random_forest,lowacc,3,0.9716865296766342,1.0,0.8181818181818182
Pacifastacus leniusculus (alien),random_forest,lowacc,3,0.9671614285288077,1.0,0.8181818181818182
Pacifastacus leniusculus (alien),random_forest,lowacc,3,0.9672688131585891,1.0,0.8181818181818182
Pacifastacus leniusculus (alien),random_forest,lowacc,3,0.9714241705431133,1.0,1.0
Pacifastacus leniusculus (alien),random_forest,lowacc,3,0.9671372680183252,1.0,0.8181818181818182
Pacifastacus leniusculus (alien),random_forest,lowacc,3,0.9702813083970695,1.0,0.8181818181818182
Pacifastacus leniusculus (alien),random_forest,lowacc,3,0.9690587036885909,1.0,0.6666666666666666
Pacifastacus leniusculus (alien),random_forest,lowacc,3,0.9707715765537904,1.0,0.8181818181818182
Pacifastacus leniusculus (alien),random_forest,lowacc,3,0.9784523846197855,1.0,0.8181818181818182
Pacifastacus leniusculus (alien),random_forest,lowacc,3,0.9686700964234003,1.0,0.8181818181818182
Pacifastacus leniusculus (alien),random_forest,lowacc,3,0.9685530578600038,1.0,0.8181818181818182
Pacifastacus leniusculus (alien),random_forest,lowacc,3,0.9702002842972004,1.0,0.8181818181818182
Pacifastacus leniusculus (alien),random_forest,lowacc,3,0.9712380130882333,1.0,0.8181818181818182
Pacifastacus leniusculus (alien),random_forest,lowacc,3,0.9766832286656074,1.0,0.8181818181818182
Pacifastacus leniusculus (alien),random_forest,lowacc,3,0.9668898862477625,1.0,0.8181818181818182
Pacifastacus leniusculus (alien),random_forest,lowacc,3,0.9691786447946429,1.0,0.8181818181818182
Pacifastacus leniusculus (alien),random_forest,lowacc,3,0.9658398761536093,1.0,0.6666666666666666
Pacifastacus leniusculus (alien),random_forest,lowacc,3,0.9708021126854367,1.0,0.8181818181818182
Pacifastacus leniusculus (alien),random_forest,lowacc,3,0.9737966878936042,1.0,0.8181818181818182
Pacifastacus leniusculus (alien),random_forest,lowacc,3,0.9705655577902274,1.0,0.8181818181818182
Pacifastacus leniusculus (alien),random_forest,lowacc,3,0.96596244243183,1.0,0.8181818181818182
Pacifastacus leniusculus (alien),random_forest,lowacc,3,0.9717493959784709,1.0,0.8181818181818182
Pacifastacus leniusculus (alien),random_forest,lowacc,3,0.9700616937347857,0.6666666666666666,0.8181818181818182
Pacifastacus leniusculus (alien),random_forest,lowacc,3,0.9589437048700575,1.0,0.8181818181818182
Pacifastacus leniusculus (alien),random_forest,lowacc,10,0.9584182337486302,0.6666666666666666,0.6666666666666666
Pacifastacus leniusculus (alien),random_forest,lowacc,10,0.9483157589813606,0.6666666666666666,0.6666666666666666
Pacifastacus leniusculus (alien),random_forest,lowacc,10,0.9486311479604975,0.6666666666666666,0.6666666666666666
Pacifastacus leniusculus (alien),random_forest,lowacc,10,0.9459936539231693,0.6666666666666666,0.8181818181818182
Pacifastacus leniusculus (alien),random_forest,lowacc,10,0.9442708517528983,0.6666666666666666,0.8181818181818182
Pacifastacus leniusculus (alien),random_forest,lowacc,10,0.947168432994569,0.6666666666666666,0.8181818181818182
Pacifastacus leniusculus (alien),random_forest,lowacc,10,0.9512175049619982,1.0,0.8181818181818182
Pacifastacus leniusculus (alien),random_forest,lowacc,10,0.9538756397787234,0.6666666666666666,0.6666666666666666
Pacifastacus leniusculus (alien),random_forest,lowacc,10,0.9451527282779726,0.6666666666666666,0.6666666666666666
Pacifastacus leniusculus (alien),random_forest,lowacc,10,0.9411642256920002,1.0,0.8181818181818182
Pacifastacus leniusculus (alien),random_forest,lowacc,10,0.9394539935405306,0.6666666666666666,0.6666666666666666
Pacifastacus leniusculus (alien),random_forest,lowacc,10,0.9492793550062271,0.6666666666666666,0.8181818181818182
Pacifastacus leniusculus (alien),random_forest,lowacc,10,0.9486031405960038,0.6666666666666666,0.8181818181818182
Pacifastacus leniusculus (alien),random_forest,lowacc,10,0.9518030666604309,0.6666666666666666,0.6666666666666666
Pacifastacus leniusculus (alien),random_forest,lowacc,10,0.9428510917724557,0.6666666666666666,0.8181818181818182
Pacifastacus leniusculus (alien),random_forest,lowacc,10,0.9525661902742001,0.6666666666666666,0.6666666666666666
Pacifastacus leniusculus (alien),random_forest,lowacc,10,0.9517434182027567,0.6666666666666666,0.5384615384615384
Pacifastacus leniusculus (alien),random_forest,lowacc,10,0.9411932724622338,0.6666666666666666,0.8181818181818182
Pacifastacus leniusculus (alien),random_forest,lowacc,10,0.9527888780184719,0.6666666666666666,0.6666666666666666
Pacifastacus leniusculus (alien),random_forest,lowacc,10,0.9523747492292235,1.0,0.8181818181818182
Pacifastacus leniusculus (alien),random_forest,lowacc,10,0.9494144621897925,0.6666666666666666,0.6666666666666666
Pacifastacus leniusculus (alien),random_forest,lowacc,10,0.9432695058245719,0.6666666666666666,0.8181818181818182
Pacifastacus leniusculus (alien),random_forest,lowacc,10,0.9548425143138799,1.0,0.8181818181818182
Pacifastacus leniusculus (alien),random_forest,lowacc,10,0.9475304106025998,0.6666666666666666,0.6666666666666666
Pacifastacus leniusculus (alien),random_forest,lowacc,10,0.9574236336350874,0.6666666666666666,0.6666666666666666
Pacifastacus leniusculus (alien),random_forest,lowacc,10,0.9464858466479968,0.6666666666666666,0.8181818181818182
Pacifastacus leniusculus (alien),random_forest,lowacc,10,0.9405265709269225,1.0,0.8181818181818182
Pacifastacus leniusculus (alien),random_forest,lowacc,10,0.9491973882894144,0.6666666666666666,0.6666666666666666
Pacifastacus leniusculus (alien),random_forest,lowacc,10,0.9432342987409066,0.6666666666666666,0.8181818181818182
Pacifastacus leniusculus (alien),random_forest,lowacc,10,0.9533897820241432,0.6666666666666666,0.6666666666666666
Pacifastacus leniusculus (alien),random_forest,lowacc,20,0.919476815909453,0.6666666666666666,0.5384615384615384
Pacifastacus leniusculus (alien),random_forest,lowacc,20,0.9236023888006267,0.6666666666666666,0.6666666666666666
Pacifastacus leniusculus (alien),random_forest,lowacc,20,0.9328475546009639,0.6666666666666666,0.6666666666666666
Pacifastacus leniusculus (alien),random_forest,lowacc,20,0.9248936939844501,0.6666666666666666,0.5384615384615384
Pacifastacus leniusculus (alien),random_forest,lowacc,20,0.9246952084597314,0.6666666666666666,0.42857142857142855
Pacifastacus leniusculus (alien),random_forest,lowacc,20,0.9168520931686687,0.6666666666666666,0.5384615384615384
Pacifastacus leniusculus (alien),random_forest,lowacc,20,0.9295970981516815,0.42857142857142855,0.5384615384615384
Pacifastacus leniusculus (alien),random_forest,lowacc,20,0.9164973771175166,0.6666666666666666,0.5384615384615384
Pacifastacus leniusculus (alien),random_forest,lowacc,20,0.9256325172624732,0.6666666666666666,0.6666666666666666
Pacifastacus leniusculus (alien),random_forest,lowacc,20,0.9283988834609368,0.6666666666666666,0.6666666666666666
Pacifastacus leniusculus (alien),random_forest,lowacc,20,0.9217671331983057,0.6666666666666666,0.6666666666666666
Pacifastacus leniusculus (alien),random_forest,lowacc,20,0.9265625313675561,0.42857142857142855,0.6666666666666666
Pacifastacus leniusculus (alien),random_forest,lowacc,20,0.9215709400731427,0.6666666666666666,0.5384615384615384
Pacifastacus leniusculus (alien),random_forest,lowacc,20,0.9331659529897415,0.42857142857142855,0.6666666666666666
Pacifastacus leniusculus (alien),random_forest,lowacc,20,0.9242500792975393,0.6666666666666666,0.6666666666666666
Pacifastacus leniusculus (alien),random_forest,lowacc,20,0.9262305039007469,0.6666666666666666,0.6666666666666666
Pacifastacus leniusculus (alien),random_forest,lowacc,20,0.921646481085856,0.6666666666666666,0.5384615384615384
Pacifastacus leniusculus (alien),random_forest,lowacc,20,0.9320087555226627,0.42857142857142855,0.5384615384615384
Pacifastacus leniusculus (alien),random_forest,lowacc,20,0.9271716564588266,0.6666666666666666,0.5384615384615384
Pacifastacus leniusculus (alien),random_forest,lowacc,20,0.9141384713679181,0.6666666666666666,0.5384615384615384
Pacifastacus leniusculus (alien),random_forest,lowacc,20,0.9223092631863961,0.6666666666666666,0.5384615384615384
Pacifastacus leniusculus (alien),random_forest,lowacc,20,0.9216904905214827,0.6666666666666666,0.6666666666666666
Pacifastacus leniusculus (alien),random_forest,lowacc,20,0.9256825864271928,0.6666666666666666,0.5384615384615384
Pacifastacus leniusculus (alien),random_forest,lowacc,20,0.9315801475921013,0.6666666666666666,0.6666666666666666
Pacifastacus leniusculus (alien),random_forest,lowacc,20,0.9320268500479537,0.6666666666666666,0.5384615384615384
Pacifastacus leniusculus (alien),random_forest,lowacc,20,0.9162079989081165,0.6666666666666666,0.5384615384615384
Pacifastacus leniusculus (alien),random_forest,lowacc,20,0.9296499081671044,0.6666666666666666,0.6666666666666666
Pacifastacus leniusculus (alien),random_forest,lowacc,20,0.9214507843173234,0.6666666666666666,0.5384615384615384
Pacifastacus leniusculus (alien),random_forest,lowacc,20,0.9303601301100431,0.6666666666666666,0.6666666666666666
Pacifastacus leniusculus (alien),random_forest,lowacc,20,0.9326132017761973,0.6666666666666666,0.6666666666666666
Pacifastacus leniusculus (alien),random_forest,snapping,1,0.9730676623470812,0.6666666666666666,1.0
Pacifastacus leniusculus (alien),random_forest,snapping,1,0.9773838974705428,0.6666666666666666,0.8181818181818182
Pacifastacus leniusculus (alien),random_forest,snapping,1,0.9750413689544677,0.6666666666666666,0.8181818181818182
Pacifastacus leniusculus (alien),random_forest,snapping,1,0.9777922518010624,1.0,0.6666666666666666
Pacifastacus leniusculus (alien),random_forest,snapping,1,0.9766807204315673,1.0,0.8181818181818182
Pacifastacus leniusculus (alien),random_forest,snapping,1,0.9714598177153242,1.0,0.6666666666666666
Pacifastacus leniusculus (alien),random_forest,snapping,1,0.9829645731443242,1.0,0.8181818181818182
Pacifastacus leniusculus (alien),random_forest,snapping,1,0.984797581273352,0.6666666666666666,1.0
Pacifastacus leniusculus (alien),random_forest,snapping,1,0.9745818058593388,1.0,1.0
Pacifastacus leniusculus (alien),random_forest,snapping,1,0.9737702825808552,1.0,1.0
Pacifastacus leniusculus (alien),random_forest,snapping,1,0.9683219863836604,1.0,1.0
Pacifastacus leniusculus (alien),random_forest,snapping,1,0.974915392977067,1.0,0.8181818181818182
Pacifastacus leniusculus (alien),random_forest,snapping,1,0.9742923283600989,1.0,1.0
Pacifastacus leniusculus (alien),random_forest,snapping,1,0.9754026864209641,1.0,0.8181818181818182
Pacifastacus leniusculus (alien),random_forest,snapping,1,0.9748983382886803,1.0,1.0
Pacifastacus leniusculus (alien),random_forest,snapping,1,0.9729937283254891,1.0,0.8181818181818182
Pacifastacus leniusculus (alien),random_forest,snapping,1,0.9750792170691066,0.6666666666666666,0.8181818181818182
Pacifastacus leniusculus (alien),random_forest,snapping,1,0.9788533052850232,1.0,0.8181818181818182
Pacifastacus leniusculus (alien),random_forest,snapping,1,0.9734856354050591,1.0,1.0
Pacifastacus leniusculus (alien),random_forest,snapping,1,0.975542196331901,0.6666666666666666,1.0
Pacifastacus leniusculus (alien),random_forest,snapping,1,0.9795622879323319,1.0,0.8181818181818182
Pacifastacus leniusculus (alien),random_forest,snapping,1,0.9723958860522737,1.0,0.8181818181818182
Pacifastacus leniusculus (alien),random_forest,snapping,1,0.977200046053927,1.0,0.8181818181818182
Pacifastacus leniusculus (alien),random_forest,snapping,1,0.9771833228823764,1.0,0.8181818181818182
Pacifastacus leniusculus (alien),random_forest,snapping,1,0.9727217567460609,1.0,1.0
Pacifastacus leniusculus (alien),random_forest,snapping,1,0.9745837498731817,1.0,0.8181818181818182
Pacifastacus leniusculus (alien),random_forest,snapping,1,0.982300173293398,1.0,1.0
Pacifastacus leniusculus (alien),random_forest,snapping,1,0.9730534627472036,1.0,0.8181818181818182
Pacifastacus leniusculus (alien),random_forest,snapping,1,0.9745760847082432,1.0,0.8181818181818182
Pacifastacus leniusculus (alien),random_forest,snapping,1,0.9723331630492404,1.0,0.6666666666666666
Pacifastacus leniusculus (alien),random_forest,snapping,2,0.9725712482021055,0.6666666666666666,1.0
Pacifastacus leniusculus (alien),random_forest,snapping,2,0.9763823364580173,0.6666666666666666,1.0
Pacifastacus leniusculus (alien),random_forest,snapping,2,0.9642646728595375,0.6666666666666666,0.8181818181818182
Pacifastacus leniusculus (alien),random_forest,snapping,2,0.9744868500655695,1.0,1.0
Pacifastacus leniusculus (alien),random_forest,snapping,2,0.9725170168886779,1.0,0.8181818181818182
Pacifastacus leniusculus (alien),random_forest,snapping,2,0.9731995740734847,1.0,0.8181818181818182
Pacifastacus leniusculus (alien),random_forest,snapping,2,0.9781664693361668,0.6666666666666666,1.0
Pacifastacus leniusculus (alien),random_forest,snapping,2,0.9747953562093137,1.0,0.8181818181818182
Pacifastacus leniusculus (alien),random_forest,snapping,2,0.9737817248830465,1.0,1.0
Pacifastacus leniusculus (alien),random_forest,snapping,2,0.9737237264518003,0.42857142857142855,0.8181818181818182
Pacifastacus leniusculus (alien),random_forest,snapping,2,0.9744177552516354,1.0,0.8181818181818182
Pacifastacus leniusculus (alien),random_forest,snapping,2,0.9748925083726845,1.0,0.8181818181818182
Pacifastacus leniusculus (alien),random_forest,snapping,2,0.9763664930611916,1.0,0.8181818181818182
Pacifastacus leniusculus (alien),random_forest,snapping,2,0.9724768623447037,1.0,0.8181818181818182
Pacifastacus leniusculus (alien),random_forest,snapping,2,0.9685561134900341,1.0,0.8181818181818182
Pacifastacus leniusculus (alien),random_forest,snapping,2,0.9719501461960388,1.0,1.0
Pacifastacus leniusculus (alien),random_forest,snapping,2,0.9658302050372535,1.0,1.0
Pacifastacus leniusculus (alien),random_forest,snapping,2,0.9671918460160657,1.0,1.0
Pacifastacus leniusculus (alien),random_forest,snapping,2,0.9675491908972084,0.6666666666666666,1.0
Pacifastacus leniusculus (alien),random_forest,snapping,2,0.9788748696237682,1.0,0.8181818181818182
Pacifastacus leniusculus (alien),random_forest,snapping,2,0.9789555681591183,0.6666666666666666,0.6666666666666666
Pacifastacus leniusculus (alien),random_forest,snapping,2,0.9736106222022394,0.6666666666666666,1.0
Pacifastacus leniusculus (alien),random_forest,snapping,2,0.9746887473759719,1.0,1.0
Pacifastacus leniusculus (alien),random_forest,snapping,2,0.9782236912446439,1.0,0.8181818181818182
Pacifastacus leniusculus (alien),random_forest,snapping,2,0.9755244755244754,1.0,0.8181818181818182
Pacifastacus leniusculus (alien),random_forest,snapping,2,0.9771677661545503,1.0,1.0
Pacifastacus leniusculus (alien),random_forest,snapping,2,0.9708122346050594,1.0,0.8181818181818182
Pacifastacus leniusculus (alien),random_forest,snapping,2,0.975734154772699,0.6666666666666666,0.8181818181818182
Pacifastacus leniusculus (alien),random_forest,snapping,2,0.9776258983307441,1.0,0.8181818181818182
Pacifastacus leniusculus (alien),random_forest,snapping,2,0.9757666444535978,0.6666666666666666,1.0
Pacifastacus leniusculus (alien),random_forest,snapping,5,0.9721043196490742,0.6666666666666666,1.0
Pacifastacus leniusculus (alien),random_forest,snapping,5,0.9749225434782751,1.0,1.0
Pacifastacus leniusculus (alien),random_forest,snapping,5,0.9757775264383193,0.6666666666666666,1.0
Pacifastacus leniusculus (alien),random_forest,snapping,5,0.976617655472281,1.0,1.0
Pacifastacus leniusculus (alien),random_forest,snapping,5,0.9749422383783617,1.0,1.0
Pacifastacus leniusculus (alien),random_forest,snapping,5,0.9739142873080645,1.0,1.0
Pacifastacus leniusculus (alien),random_forest,snapping,5,0.9657012464313848,1.0,0.8181818181818182
Pacifastacus leniusculus (alien),random_forest,snapping,5,0.9736229448442149,0.6666666666666666,1.0
Pacifastacus leniusculus (alien),random_forest,snapping,5,0.9729214696541246,1.0,0.8181818181818182
Pacifastacus leniusculus (alien),random_forest,snapping,5,0.9730018879798615,1.0,0.8181818181818182
Pacifastacus leniusculus (alien),random_forest,snapping,5,0.9769574038296505,1.0,0.8181818181818182
Pacifastacus leniusculus (alien),random_forest,snapping,5,0.9743516395498775,1.0,0.6666666666666666
Pacifastacus leniusculus (alien),random_forest,snapping,5,0.9684364094055724,1.0,0.6666666666666666
Pacifastacus leniusculus (alien),random_forest,snapping,5,0.9809956563260528,0.6666666666666666,0.8181818181818182
Pacifastacus leniusculus (alien),random_forest,snapping,5,0.9772084929274829,0.6666666666666666,0.8181818181818182
Pacifastacus leniusculus (alien),random_forest,snapping,5,0.9772708869633231,0.6666666666666666,1.0
Pacifastacus leniusculus (alien),random_forest,snapping,5,0.9762731930576628,1.0,1.0
Pacifastacus leniusculus (alien),random_forest,snapping,5,0.9727374749994029,1.0,1.0
Pacifastacus leniusculus (alien),random_forest,snapping,5,0.9764708277576283,1.0,0.8181818181818182
Pacifastacus leniusculus (alien),random_forest,snapping,5,0.9753845273669063,0.6666666666666666,0.8181818181818182
Pacifastacus leniusculus (alien),random_forest,snapping,5,0.9722739815250828,1.0,1.0
Pacifastacus leniusculus (alien),random_forest,snapping,5,0.9758342978607294,1.0,1.0
Pacifastacus leniusculus (alien),random_forest,snapping,5,0.9742509594906098,1.0,0.8181818181818182
Pacifastacus leniusculus (alien),random_forest,snapping,5,0.9751589428418623,1.0,1.0
Pacifastacus leniusculus (alien),random_forest,snapping,5,0.9753163136423048,1.0,1.0
Pacifastacus leniusculus (alien),random_forest,snapping,5,0.9728382566069884,1.0,0.8181818181818182
Pacifastacus leniusculus (alien),random_forest,snapping,5,0.9679549525364504,0.6666666666666666,0.6666666666666666
Pacifastacus leniusculus (alien),random_forest,snapping,5,0.9761151991837624,1.0,1.0
Pacifastacus leniusculus (alien),random_forest,snapping,5,0.9737351689050633,1.0,1.0
Pacifastacus leniusculus (alien),random_forest,snapping,5,0.9785753266353024,1.0,0.8181818181818182
Pacifastacus leniusculus (alien),xgboost,lowacc,3,0.6729978968801964,0.6666666666666666,0.5384615384615384
Pacifastacus leniusculus (alien),xgboost,lowacc,3,0.6677180797846857,0.42857142857142855,0.5384615384615384
Pacifastacus leniusculus (alien),xgboost,lowacc,3,0.6541315627023824,0.6666666666666666,0.5384615384615384
Pacifastacus leniusculus (alien),xgboost,lowacc,3,0.6436254060066132,0.6666666666666666,0.5384615384615384
Pacifastacus leniusculus (alien),xgboost,lowacc,3,0.6371013802714611,0.6666666666666666,0.6666666666666666
Pacifastacus leniusculus (alien),xgboost,lowacc,3,0.6713120526365933,0.6666666666666666,0.42857142857142855
Pacifastacus leniusculus (alien),xgboost,lowacc,3,0.7440437205821335,0.6666666666666666,0.5384615384615384
Pacifastacus leniusculus (alien),xgboost,lowacc,3,0.692214405489953,0.6666666666666666,0.5384615384615384
Pacifastacus leniusculus (alien),xgboost,lowacc,3,0.6779897239523153,1.0,0.42857142857142855
Pacifastacus leniusculus (alien),xgboost,lowacc,3,0.6699384698758509,0.6666666666666666,0.5384615384615384
Pacifastacus leniusculus (alien),xgboost,lowacc,3,0.6761776326497279,0.42857142857142855,0.6666666666666666
Pacifastacus leniusculus (alien),xgboost,lowacc,3,0.6978354717506622,0.42857142857142855,0.6666666666666666
Pacifastacus leniusculus (alien),xgboost,lowacc,3,0.6517939740212026,0.25,0.5384615384615384
Pacifastacus leniusculus (alien),xgboost,lowacc,3,0.7111511753271209,0.42857142857142855,0.5384615384615384
Pacifastacus leniusculus (alien),xgboost,lowacc,3,0.6912171615922997,0.6666666666666666,0.5384615384615384
Pacifastacus leniusculus (alien),xgboost,lowacc,3,0.6559939708660427,0.6666666666666666,0.42857142857142855
Pacifastacus leniusculus (alien),xgboost,lowacc,3,0.698551472711273,0.6666666666666666,0.5384615384615384
Pacifastacus leniusculus (alien),xgboost,lowacc,3,0.6771341645615473,0.6666666666666666,0.42857142857142855
Pacifastacus leniusculus (alien),xgboost,lowacc,3,0.678006737565884,0.6666666666666666,0.42857142857142855
Pacifastacus leniusculus (alien),xgboost,lowacc,3,0.664849553655148,0.6666666666666666,0.6666666666666666
Pacifastacus leniusculus (alien),xgboost,lowacc,3,0.6438969054019648,0.6666666666666666,0.42857142857142855
Pacifastacus leniusculus (alien),xgboost,lowacc,3,0.695197655191125,0.6666666666666666,0.6666666666666666
Pacifastacus leniusculus (alien),xgboost,lowacc,3,0.6702367896108146,0.6666666666666666,0.6666666666666666
Pacifastacus leniusculus (alien),xgboost,lowacc,3,0.6910489290129281,0.6666666666666666,0.5384615384615384
Pacifastacus leniusculus (alien),xgboost,lowacc,3,0.663012461976058,0.42857142857142855,0.5384615384615384
Pacifastacus leniusculus (alien),xgboost,lowacc,3,0.7414734696897106,0.6666666666666666,0.42857142857142855
Pacifastacus leniusculus (alien),xgboost,lowacc,3,0.601383423010658,0.6666666666666666,0.6666666666666666
Pacifastacus leniusculus (alien),xgboost,lowacc,3,0.6677731703728053,1.0,0.5384615384615384
Pacifastacus leniusculus (alien),xgboost,lowacc,3,0.6436830303883729,0.42857142857142855,0.5384615384615384
Pacifastacus leniusculus (alien),xgboost,lowacc,3,0.6719216355519839,0.6666666666666666,0.5384615384615384
Pacifastacus leniusculus (alien),xgboost,lowacc,10,0.6238826863224874,0.42857142857142855,0.42857142857142855
Pacifastacus leniusculus (alien),xgboost,lowacc,10,0.5764140941553615,0.42857142857142855,0.5384615384615384
Pacifastacus leniusculus (alien),xgboost,lowacc,10,0.6618630447835412,0.42857142857142855,0.5384615384615384
Pacifastacus leniusculus (alien),xgboost,lowacc,10,0.6224331110817558,0.25,0.42857142857142855
Pacifastacus leniusculus (alien),xgboost,lowacc,10,0.6090504607840376,0.6666666666666666,0.5384615384615384
Pacifastacus leniusculus (alien),xgboost,lowacc,10,0.6295256673776736,0.42857142857142855,0.5384615384615384
Pacifastacus leniusculus (alien),xgboost,lowacc,10,0.6355264234940823,0.42857142857142855,0.42857142857142855
Pacifastacus leniusculus (alien),xgboost,lowacc,10,0.6688207621109635,0.42857142857142855,0.5384615384615384
Pacifastacus leniusculus (alien),xgboost,lowacc,10,0.5958284601076572,0.42857142857142855,0.42857142857142855
Pacifastacus leniusculus (alien),xgboost,lowacc,10,0.648985981218284,0.25,0.6666666666666666
Pacifastacus leniusculus (alien),xgboost,lowacc,10,0.6100854925388167,0.42857142857142855,0.42857142857142855
Pacifastacus leniusculus (alien),xgboost,lowacc,10,0.6437032857847175,0.42857142857142855,0.5384615384615384
Pacifastacus leniusculus (alien),xgboost,lowacc,10,0.6305964299805542,0.42857142857142855,0.5384615384615384
Pacifastacus leniusculus (alien),xgboost,lowacc,10,0.6590875318232174,0.25,0.5384615384615384
Pacifastacus leniusculus (alien),xgboost,lowacc,10,0.6657517250403268,0.25,0.42857142857142855
Pacifastacus leniusculus (alien),xgboost,lowacc,10,0.6434224684569176,0.42857142857142855,0.42857142857142855
Pacifastacus leniusculus (alien),xgboost,lowacc,10,0.6634048347095793,0.42857142857142855,0.25
Pacifastacus leniusculus (alien),xgboost,lowacc,10,0.6118563819293747,0.25,0.42857142857142855
Pacifastacus leniusculus (alien),xgboost,lowacc,10,0.5851331232940358,0.6666666666666666,0.42857142857142855
Pacifastacus leniusculus (alien),xgboost,lowacc,10,0.6051315995125818,0.25,0.42857142857142855
Pacifastacus leniusculus (alien),xgboost,lowacc,10,0.6438013501306348,0.42857142857142855,0.5384615384615384
Pacifastacus leniusculus (alien),xgboost,lowacc,10,0.5609413567546015,0.42857142857142855,0.5384615384615384
Pacifastacus leniusculus (alien),xgboost,lowacc,10,0.6859199391182821,0.42857142857142855,0.5384615384615384
Pacifastacus leniusculus (alien),xgboost,lowacc,10,0.6614109221317253,0.25,0.42857142857142855
Pacifastacus leniusculus (alien),xgboost,lowacc,10,0.6865944511809959,0.42857142857142855,0.42857142857142855
Pacifastacus leniusculus (alien),xgboost,lowacc,10,0.6429795606346703,0.6666666666666666,0.5384615384615384
Pacifastacus leniusculus (alien),xgboost,lowacc,10,0.6308908755373678,0.42857142857142855,0.42857142857142855
Pacifastacus leniusculus (alien),xgboost,lowacc,10,0.5816095031423499,0.42857142857142855,0.42857142857142855
Pacifastacus leniusculus (alien),xgboost,lowacc,10,0.6306989079236179,0.42857142857142855,0.5384615384615384
Pacifastacus leniusculus (alien),xgboost,lowacc,10,0.6406774217918301,0.42857142857142855,0.42857142857142855
Pacifastacus leniusculus (alien),xgboost,lowacc,20,0.6575322521892077,0.42857142857142855,0.42857142857142855
Pacifastacus leniusculus (alien),xgboost,lowacc,20,0.6438424315509096,0.25,0.3333333333333333
Pacifastacus leniusculus (alien),xgboost,lowacc,20,0.6525222750322558,0.42857142857142855,0.3333333333333333
Pacifastacus leniusculus (alien),xgboost,lowacc,20,0.5859067139894177,0.25,0.42857142857142855
Pacifastacus leniusculus (alien),xgboost,lowacc,20,0.5918069158634168,0.25,0.42857142857142855
Pacifastacus leniusculus (alien),xgboost,lowacc,20,0.6257524081801702,0.25,0.25
Pacifastacus leniusculus (alien),xgboost,lowacc,20,0.6151264913228508,0.42857142857142855,0.42857142857142855
Pacifastacus leniusculus (alien),xgboost,lowacc,20,0.6042881703468261,0.25,0.3333333333333333
Pacifastacus leniusculus (alien),xgboost,lowacc,20,0.6031202442014487,0.42857142857142855,0.42857142857142855
Pacifastacus leniusculus (alien),xgboost,lowacc,20,0.6335854824290477,0.25,0.42857142857142855
Pacifastacus leniusculus (alien),xgboost,lowacc,20,0.5327722400673859,0.25,0.3333333333333333
Pacifastacus leniusculus (alien),xgboost,lowacc,20,0.6161063146692566,0.42857142857142855,0.3333333333333333
Pacifastacus leniusculus (alien),xgboost,lowacc,20,0.600678818963334,0.25,0.42857142857142855
Pacifastacus leniusculus (alien),xgboost,lowacc,20,0.5681073010565904,0.42857142857142855,0.6666666666666666
Pacifastacus leniusculus (alien),xgboost,lowacc,20,0.646422792911308,0.25,0.5384615384615384
Pacifastacus leniusculus (alien),xgboost,lowacc,20,0.6176325023580919,0.25,0.42857142857142855
Pacifastacus leniusculus (alien),xgboost,lowacc,20,0.6349497470619734,0.25,0.3333333333333333
Pacifastacus leniusculus (alien),xgboost,lowacc,20,0.6522379554998169,0.25,0.5384615384615384
Pacifastacus leniusculus (alien),xgboost,lowacc,20,0.6377157130654247,0.42857142857142855,0.3333333333333333
Pacifastacus leniusculus (alien),xgboost,lowacc,20,0.6443747686756154,0.25,0.5384615384615384
Pacifastacus leniusculus (alien),xgboost,lowacc,20,0.5956668510272526,0.1111111111111111,0.25
Pacifastacus leniusculus (alien),xgboost,lowacc,20,0.6096522513142355,0.42857142857142855,0.42857142857142855
Pacifastacus leniusculus (alien),xgboost,lowacc,20,0.6239130762254583,0.25,0.3333333333333333
Pacifastacus leniusculus (alien),xgboost,lowacc,20,0.6308534384776958,0.1111111111111111,0.3333333333333333
Pacifastacus leniusculus (alien),xgboost,lowacc,20,0.5510891659386186,0.42857142857142855,0.3333333333333333
Pacifastacus leniusculus (alien),xgboost,lowacc,20,0.6406707006841946,0.42857142857142855,0.5384615384615384
Pacifastacus leniusculus (alien),xgboost,lowacc,20,0.5963175473757488,0.42857142857142855,0.42857142857142855
Pacifastacus leniusculus (alien),xgboost,lowacc,20,0.6537744066322172,0.42857142857142855,0.5384615384615384
Pacifastacus leniusculus (alien),xgboost,lowacc,20,0.5835234426553614,0.42857142857142855,0.42857142857142855
Pacifastacus leniusculus (alien),xgboost,lowacc,20,0.634339455544714,0.42857142857142855,0.42857142857142855
Pacifastacus leniusculus (alien),xgboost,snapping,1,0.6708474185469713,0.6666666666666666,0.42857142857142855
Pacifastacus leniusculus (alien),xgboost,snapping,1,0.7323692879857202,0.6666666666666666,0.5384615384615384
Pacifastacus leniusculus (alien),xgboost,snapping,1,0.5937703057015965,0.6666666666666666,0.6666666666666666
Pacifastacus leniusculus (alien),xgboost,snapping,1,0.6748455132686594,0.6666666666666666,0.5384615384615384
Pacifastacus leniusculus (alien),xgboost,snapping,1,0.6728319103887794,1.0,0.5384615384615384
Pacifastacus leniusculus (alien),xgboost,snapping,1,0.6787576380200937,0.6666666666666666,0.5384615384615384
Pacifastacus leniusculus (alien),xgboost,snapping,1,0.734156034696998,0.6666666666666666,0.5384615384615384
Pacifastacus leniusculus (alien),xgboost,snapping,1,0.7064238795056905,0.6666666666666666,0.5384615384615384
Pacifastacus leniusculus (alien),xgboost,snapping,1,0.7072136984752276,1.0,0.42857142857142855
Pacifastacus leniusculus (alien),xgboost,snapping,1,0.6692786758641088,0.6666666666666666,0.42857142857142855
Pacifastacus leniusculus (alien),xgboost,snapping,1,0.6919305095179729,0.6666666666666666,0.6666666666666666
Pacifastacus leniusculus (alien),xgboost,snapping,1,0.6842396178863486,0.6666666666666666,0.5384615384615384
Pacifastacus leniusculus (alien),xgboost,snapping,1,0.7032306135811929,0.6666666666666666,0.5384615384615384
Pacifastacus leniusculus (alien),xgboost,snapping,1,0.6537469441227521,0.6666666666666666,0.42857142857142855
Pacifastacus leniusculus (alien),xgboost,snapping,1,0.6694708581442507,0.6666666666666666,0.5384615384615384
Pacifastacus leniusculus (alien),xgboost,snapping,1,0.7044430065049472,0.6666666666666666,0.5384615384615384
Pacifastacus leniusculus (alien),xgboost,snapping,1,0.6894071632894627,0.6666666666666666,0.6666666666666666
Pacifastacus leniusculus (alien),xgboost,snapping,1,0.691760426948782,0.6666666666666666,0.42857142857142855
Pacifastacus leniusculus (alien),xgboost,snapping,1,0.72281591436061,0.6666666666666666,0.6666666666666666
Pacifastacus leniusculus (alien),xgboost,snapping,1,0.6774634105412861,0.6666666666666666,0.5384615384615384
Pacifastacus leniusculus (alien),xgboost,snapping,1,0.6876649469270671,0.6666666666666666,0.5384615384615384
Pacifastacus leniusculus (alien),xgboost,snapping,1,0.7148621871017878,0.6666666666666666,0.6666666666666666
Pacifastacus leniusculus (alien),xgboost,snapping,1,0.6416312633056793,0.6666666666666666,0.8181818181818182
Pacifastacus leniusculus (alien),xgboost,snapping,1,0.7077003356205191,1.0,0.5384615384615384
Pacifastacus leniusculus (alien),xgboost,snapping,1,0.7144314859468909,0.6666666666666666,0.6666666666666666
Pacifastacus leniusculus (alien),xgboost,snapping,1,0.6685411146330906,0.6666666666666666,0.5384615384615384
Pacifastacus leniusculus (alien),xgboost,snapping,1,0.6576176807869997,0.42857142857142855,0.5384615384615384
Pacifastacus leniusculus (alien),xgboost,snapping,1,0.7284857453433622,0.6666666666666666,0.6666666666666666
Pacifastacus leniusculus (alien),xgboost,snapping,1,0.7129828439424042,0.6666666666666666,0.42857142857142855
Pacifastacus leniusculus (alien),xgboost,snapping,1,0.7150455080346568,0.6666666666666666,0.5384615384615384
Pacifastacus leniusculus (alien),xgboost,snapping,2,0.5821062592718655,0.6666666666666666,0.6666666666666666
Pacifastacus leniusculus (alien),xgboost,snapping,2,0.653516778640791,0.6666666666666666,0.5384615384615384
Pacifastacus leniusculus (alien),xgboost,snapping,2,0.6350516944883096,0.6666666666666666,0.5384615384615384
Pacifastacus leniusculus (alien),xgboost,snapping,2,0.6987787285460644,0.42857142857142855,0.42857142857142855
Pacifastacus leniusculus (alien),xgboost,snapping,2,0.6979570322407914,1.0,0.5384615384615384
Pacifastacus leniusculus (alien),xgboost,snapping,2,0.6912152474424373,1.0,0.5384615384615384
Pacifastacus leniusculus (alien),xgboost,snapping,2,0.6983132767804302,0.6666666666666666,0.5384615384615384
Pacifastacus leniusculus (alien),xgboost,snapping,2,0.6255326268616191,0.6666666666666666,0.6666666666666666
Pacifastacus leniusculus (alien),xgboost,snapping,2,0.6736688347561189,0.6666666666666666,0.42857142857142855
Pacifastacus leniusculus (alien),xgboost,snapping,2,0.6656354766786978,0.6666666666666666,0.6666666666666666
Pacifastacus leniusculus (alien),xgboost,snapping,2,0.6729173500885547,1.0,0.5384615384615384
Pacifastacus leniusculus (alien),xgboost,snapping,2,0.6899712538398671,0.6666666666666666,0.42857142857142855
Pacifastacus leniusculus (alien),xgboost,snapping,2,0.7238593010292754,0.6666666666666666,0.5384615384615384
Pacifastacus leniusculus (alien),xgboost,snapping,2,0.6639588595035363,0.6666666666666666,0.5384615384615384
Pacifastacus leniusculus (alien),xgboost,snapping,2,0.6438323990936974,1.0,0.42857142857142855
Pacifastacus leniusculus (alien),xgboost,snapping,2,0.672655303243807,0.6666666666666666,0.5384615384615384
Pacifastacus leniusculus (alien),xgboost,snapping,2,0.688140810821949,0.6666666666666666,0.6666666666666666
Pacifastacus leniusculus (alien),xgboost,snapping,2,0.6864784613698639,0.6666666666666666,0.6666666666666666
Pacifastacus leniusculus (alien),xgboost,snapping,2,0.6518329021149127,0.6666666666666666,0.6666666666666666
Pacifastacus leniusculus (alien),xgboost,snapping,2,0.6843012851224531,1.0,0.6666666666666666
Pacifastacus leniusculus (alien),xgboost,snapping,2,0.7556210490212373,0.6666666666666666,0.5384615384615384
Pacifastacus leniusculus (alien),xgboost,snapping,2,0.7209430884789034,0.6666666666666666,0.6666666666666666
Pacifastacus leniusculus (alien),xgboost,snapping,2,0.7428397773847576,0.6666666666666666,0.6666666666666666
Pacifastacus leniusculus (alien),xgboost,snapping,2,0.6631714426682029,0.6666666666666666,0.5384615384615384
Pacifastacus leniusculus (alien),xgboost,snapping,2,0.6857393518694347,0.6666666666666666,0.5384615384615384
Pacifastacus leniusculus (alien),xgboost,snapping,2,0.668206715919507,0.6666666666666666,0.42857142857142855
Pacifastacus leniusculus (alien),xgboost,snapping,2,0.6520750792532559,0.6666666666666666,0.6666666666666666
Pacifastacus leniusculus (alien),xgboost,snapping,2,0.7664648535895862,0.6666666666666666,0.5384615384615384
Pacifastacus leniusculus (alien),xgboost,snapping,2,0.702224860157538,0.6666666666666666,0.6666666666666666
Pacifastacus leniusculus (alien),xgboost,snapping,2,0.7330883683464987,0.6666666666666666,0.5384615384615384
Pacifastacus leniusculus (alien),xgboost,snapping,5,0.7390290067137312,0.6666666666666666,0.5384615384615384
Pacifastacus leniusculus (alien),xgboost,snapping,5,0.6536935894239329,1.0,0.5384615384615384
Pacifastacus leniusculus (alien),xgboost,snapping,5,0.7175089459763704,0.6666666666666666,0.6666666666666666
Pacifastacus leniusculus (alien),xgboost,snapping,5,0.6578168440631933,1.0,0.6666666666666666
Pacifastacus leniusculus (alien),xgboost,snapping,5,0.6537192986782405,0.6666666666666666,0.6666666666666666
Pacifastacus leniusculus (alien),xgboost,snapping,5,0.6806393202378606,1.0,0.6666666666666666
Pacifastacus leniusculus (alien),xgboost,snapping,5,0.6606151755035236,0.6666666666666666,0.42857142857142855
Pacifastacus leniusculus (alien),xgboost,snapping,5,0.6769978218554269,0.6666666666666666,0.42857142857142855
Pacifastacus leniusculus (alien),xgboost,snapping,5,0.6523348328777162,0.6666666666666666,0.6666666666666666
Pacifastacus leniusculus (alien),xgboost,snapping,5,0.6752024496729407,0.6666666666666666,0.5384615384615384
Pacifastacus leniusculus (alien),xgboost,snapping,5,0.7212936387031347,0.6666666666666666,0.5384615384615384
Pacifastacus leniusculus (alien),xgboost,snapping,5,0.652538880665117,1.0,0.5384615384615384
Pacifastacus leniusculus (alien),xgboost,snapping,5,0.6823185797341769,0.6666666666666666,0.5384615384615384
Pacifastacus leniusculus (alien),xgboost,snapping,5,0.6624399858250825,1.0,0.5384615384615384
Pacifastacus leniusculus (alien),xgboost,snapping,5,0.6964048997210791,0.6666666666666666,0.5384615384615384
Pacifastacus leniusculus (alien),xgboost,snapping,5,0.6986219726480467,0.6666666666666666,0.5384615384615384
Pacifastacus leniusculus (alien),xgboost,snapping,5,0.6783904921174531,0.6666666666666666,0.5384615384615384
Pacifastacus leniusculus (alien),xgboost,snapping,5,0.718901193959301,0.6666666666666666,0.6666666666666666
Pacifastacus leniusculus (alien),xgboost,snapping,5,0.7093793320664731,0.6666666666666666,0.6666666666666666
Pacifastacus leniusculus (alien),xgboost,snapping,5,0.6696817240310288,0.6666666666666666,0.5384615384615384
Pacifastacus leniusculus (alien),xgboost,snapping,5,0.7091243493235116,0.6666666666666666,0.42857142857142855
Pacifastacus leniusculus (alien),xgboost,snapping,5,0.6579476339660617,0.6666666666666666,0.5384615384615384
Pacifastacus leniusculus (alien),xgboost,snapping,5,0.6691663965842799,1.0,0.5384615384615384
Pacifastacus leniusculus (alien),xgboost,snapping,5,0.6869317897133592,0.6666666666666666,0.5384615384615384
Pacifastacus leniusculus (alien),xgboost,snapping,5,0.7060624649001235,0.6666666666666666,0.5384615384615384
Pacifastacus leniusculus (alien),xgboost,snapping,5,0.6919036808986453,1.0,0.8181818181818182
Pacifastacus leniusculus (alien),xgboost,snapping,5,0.6816435898483242,0.6666666666666666,0.8181818181818182
Pacifastacus leniusculus (alien),xgboost,snapping,5,0.7024148798312343,0.6666666666666666,0.5384615384615384
Pacifastacus leniusculus (alien),xgboost,snapping,5,0.7057122097037338,0.6666666666666666,0.5384615384615384
Pacifastacus leniusculus (alien),xgboost,snapping,5,0.6549179799341144,0.6666666666666666,0.5384615384615384
Pontastacus leptodactylus (pooled),random_forest,lowacc,3,0.9831437429779387,0.6666666666666666,0.8181818181818182
Pontastacus leptodactylus (pooled),random_forest,lowacc,3,0.9795217985368282,0.6666666666666666,0.8181818181818182
Pontastacus leptodactylus (pooled),random_forest,lowacc,3,0.9848588767329863,1.0,0.6666666666666666
Pontastacus leptodactylus (pooled),random_forest,lowacc,3,0.9903716282798429,1.0,0.8181818181818182
Pontastacus leptodactylus (pooled),random_forest,lowacc,3,0.9829862671617973,0.6666666666666666,0.6666666666666666
Pontastacus leptodactylus (pooled),random_forest,lowacc,3,0.9804990227320138,0.6666666666666666,0.6666666666666666
Pontastacus leptodactylus (pooled),random_forest,lowacc,3,0.9850686059945107,0.6666666666666666,0.8181818181818182
Pontastacus leptodactylus (pooled),random_forest,lowacc,3,0.9797965303115072,0.6666666666666666,0.6666666666666666
Pontastacus leptodactylus (pooled),random_forest,lowacc,3,0.9854016253461712,0.6666666666666666,0.8181818181818182
Pontastacus leptodactylus (pooled),random_forest,lowacc,3,0.9834131496797424,0.6666666666666666,0.8181818181818182
Pontastacus leptodactylus (pooled),random_forest,lowacc,3,0.9783764987599639,0.6666666666666666,0.8181818181818182
Pontastacus leptodactylus (pooled),random_forest,lowacc,3,0.9779823373542729,0.6666666666666666,0.8181818181818182
Pontastacus leptodactylus (pooled),random_forest,lowacc,3,0.9839865062190446,0.6666666666666666,1.0
Pontastacus leptodactylus (pooled),random_forest,lowacc,3,0.9851983025033282,0.6666666666666666,0.8181818181818182
Pontastacus leptodactylus (pooled),random_forest,lowacc,3,0.9794974166277831,0.6666666666666666,0.6666666666666666
Pontastacus leptodactylus (pooled),random_forest,lowacc,3,0.9830823929369339,0.6666666666666666,0.8181818181818182
Pontastacus leptodactylus (pooled),random_forest,lowacc,3,0.9833429997050079,0.6666666666666666,0.8181818181818182
Pontastacus leptodactylus (pooled),random_forest,lowacc,3,0.9872370915545879,0.6666666666666666,0.6666666666666666
Pontastacus leptodactylus (pooled),random_forest,lowacc,3,0.9755951844711436,0.6666666666666666,0.6666666666666666
Pontastacus leptodactylus (pooled),random_forest,lowacc,3,0.9827983155731508,1.0,0.8181818181818182
Pontastacus leptodactylus (pooled),random_forest,lowacc,3,0.9820247040147636,0.6666666666666666,0.8181818181818182
Pontastacus leptodactylus (pooled),random_forest,lowacc,3,0.9797448257902781,0.6666666666666666,0.8181818181818182
Pontastacus leptodactylus (pooled),random_forest,lowacc,3,0.979640495352486,0.6666666666666666,0.8181818181818182
Pontastacus leptodactylus (pooled),random_forest,lowacc,3,0.9844587677699115,0.6666666666666666,0.8181818181818182
Pontastacus leptodactylus (pooled),random_forest,lowacc,3,0.9834590468228561,0.6666666666666666,0.6666666666666666
Pontastacus leptodactylus (pooled),random_forest,lowacc,3,0.9867253850457305,0.6666666666666666,0.8181818181818182
Pontastacus leptodactylus (pooled),random_forest,lowacc,3,0.9826635965535244,0.6666666666666666,1.0
Pontastacus leptodactylus (pooled),random_forest,lowacc,3,0.9827663068561049,0.6666666666666666,1.0
Pontastacus leptodactylus (pooled),random_forest,lowacc,3,0.9851592304445327,0.6666666666666666,0.8181818181818182
Pontastacus leptodactylus (pooled),random_forest,lowacc,3,0.9832224051575765,0.6666666666666666,0.6666666666666666
Pontastacus leptodactylus (pooled),random_forest,lowacc,10,0.9792466816775894,0.6666666666666666,0.5384615384615384
Pontastacus leptodactylus (pooled),random_forest,lowacc,10,0.9793345849429824,0.6666666666666666,1.0
Pontastacus leptodactylus (pooled),random_forest,lowacc,10,0.9839429215020614,0.6666666666666666,0.8181818181818182
Pontastacus leptodactylus (pooled),random_forest,lowacc,10,0.9759766399982369,0.6666666666666666,0.6666666666666666
Pontastacus leptodactylus (pooled),random_forest,lowacc,10,0.9765426119354751,0.6666666666666666,1.0
Pontastacus leptodactylus (pooled),random_forest,lowacc,10,0.9775355490121727,0.6666666666666666,0.8181818181818182
Pontastacus leptodactylus (pooled),random_forest,lowacc,10,0.9846061365406252,0.6666666666666666,0.8181818181818182
Pontastacus leptodactylus (pooled),random_forest,lowacc,10,0.98049525990259,0.6666666666666666,0.6666666666666666
Pontastacus leptodactylus (pooled),random_forest,lowacc,10,0.9843446539037738,0.6666666666666666,0.8181818181818182
Pontastacus leptodactylus (pooled),random_forest,lowacc,10,0.9747125769945565,0.6666666666666666,0.8181818181818182
Pontastacus leptodactylus (pooled),random_forest,lowacc,10,0.9855577337218238,0.6666666666666666,0.6666666666666666
Pontastacus leptodactylus (pooled),random_forest,lowacc,10,0.9808688073437318,0.6666666666666666,0.8181818181818182
Pontastacus leptodactylus (pooled),random_forest,lowacc,10,0.9742202978044671,0.6666666666666666,0.8181818181818182
Pontastacus leptodactylus (pooled),random_forest,lowacc,10,0.9878636950456787,0.6666666666666666,0.8181818181818182
Pontastacus leptodactylus (pooled),random_forest,lowacc,10,0.9823851925055629,0.6666666666666666,1.0
Pontastacus leptodactylus (pooled),random_forest,lowacc,10,0.9797685213392382,0.6666666666666666,0.8181818181818182
Pontastacus leptodactylus (pooled),random_forest,lowacc,10,0.9835857441313399,0.6666666666666666,0.6666666666666666
Pontastacus leptodactylus (pooled),random_forest,lowacc,10,0.9802243103081514,0.6666666666666666,0.8181818181818182
Pontastacus leptodactylus (pooled),random_forest,lowacc,10,0.9847913652471095,0.42857142857142855,0.8181818181818182
Pontastacus leptodactylus (pooled),random_forest,lowacc,10,0.9811555468422312,0.6666666666666666,0.8181818181818182
Pontastacus leptodactylus (pooled),random_forest,lowacc,10,0.9782663833173644,1.0,0.6666666666666666
Pontastacus leptodactylus (pooled),random_forest,lowacc,10,0.9826979082172027,0.6666666666666666,0.6666666666666666
Pontastacus leptodactylus (pooled),random_forest,lowacc,10,0.9818066519002838,0.6666666666666666,0.8181818181818182
Pontastacus leptodactylus (pooled),random_forest,lowacc,10,0.9731437325173059,0.6666666666666666,0.8181818181818182
Pontastacus leptodactylus (pooled),random_forest,lowacc,10,0.9697934405766738,0.6666666666666666,0.8181818181818182
Pontastacus leptodactylus (pooled),random_forest,lowacc,10,0.9724206615146912,0.6666666666666666,0.8181818181818182
Pontastacus leptodactylus (pooled),random_forest,lowacc,10,0.9839845385460284,0.6666666666666666,0.6666666666666666
Pontastacus leptodactylus (pooled),random_forest,lowacc,10,0.9834925046240857,0.6666666666666666,0.8181818181818182
Pontastacus leptodactylus (pooled),random_forest,lowacc,10,0.9847521810094998,0.6666666666666666,0.8181818181818182
Pontastacus leptodactylus (pooled),random_forest,lowacc,10,0.984204988066969,0.6666666666666666,0.8181818181818182
Pontastacus leptodactylus (pooled),random_forest,lowacc,20,0.9823181848174609,0.6666666666666666,0.6666666666666666
Pontastacus leptodactylus (pooled),random_forest,lowacc,20,0.9771752827199379,0.6666666666666666,0.8181818181818182
Pontastacus leptodactylus (pooled),random_forest,lowacc,20,0.974178441324096,0.6666666666666666,0.8181818181818182
Pontastacus leptodactylus (pooled),random_forest,lowacc,20,0.9778347033479836,0.6666666666666666,0.8181818181818182
Pontastacus leptodactylus (pooled),random_forest,lowacc,20,0.9784911928385283,0.6666666666666666,0.8181818181818182
Pontastacus leptodactylus (pooled),random_forest,lowacc,20,0.9744026958312965,0.6666666666666666,0.6666666666666666
Pontastacus leptodactylus (pooled),random_forest,lowacc,20,0.9776386535513352,0.6666666666666666,0.6666666666666666
Pontastacus leptodactylus (pooled),random_forest,lowacc,20,0.9746869038069002,0.6666666666666666,0.8181818181818182
Pontastacus leptodactylus (pooled),random_forest,lowacc,20,0.9806728110153544,0.6666666666666666,0.8181818181818182
Pontastacus leptodactylus (pooled),random_forest,lowacc,20,0.9814368703840411,0.6666666666666666,0.6666666666666666
Pontastacus leptodactylus (pooled),random_forest,lowacc,20,0.9797885469457437,0.6666666666666666,0.8181818181818182
Pontastacus leptodactylus (pooled),random_forest,lowacc,20,0.9806661422124333,0.6666666666666666,0.8181818181818182
Pontastacus leptodactylus (pooled),random_forest,lowacc,20,0.9825769219469159,0.6666666666666666,0.8181818181818182
Pontastacus leptodactylus (pooled),random_forest,lowacc,20,0.9792188842216427,0.6666666666666666,0.6666666666666666
Pontastacus leptodactylus (pooled),random_forest,lowacc,20,0.9811565351280003,0.6666666666666666,0.8181818181818182
Pontastacus leptodactylus (pooled),random_forest,lowacc,20,0.9871337319679196,0.6666666666666666,0.8181818181818182
Pontastacus leptodactylus (pooled),random_forest,lowacc,20,0.9775035402951268,0.6666666666666666,0.8181818181818182
Pontastacus leptodactylus (pooled),random_forest,lowacc,20,0.9810178306874676,0.6666666666666666,0.8181818181818182
Pontastacus leptodactylus (pooled),random_forest,lowacc,20,0.9764481243647666,0.6666666666666666,0.8181818181818182
Pontastacus leptodactylus (pooled),random_forest,lowacc,20,0.9829828843472624,0.6666666666666666,0.6666666666666666
Pontastacus leptodactylus (pooled),random_forest,lowacc,20,0.9788439438127176,0.6666666666666666,0.8181818181818182
Pontastacus leptodactylus (pooled),random_forest,lowacc,20,0.9714285525391065,0.6666666666666666,0.6666666666666666
Pontastacus leptodactylus (pooled),random_forest,lowacc,20,0.9806817163738998,0.6666666666666666,0.8181818181818182
Pontastacus leptodactylus (pooled),random_forest,lowacc,20,0.9804283368152039,0.6666666666666666,0.5384615384615384
Pontastacus leptodactylus (pooled),random_forest,lowacc,20,0.9811078552041593,0.6666666666666666,0.6666666666666666
Pontastacus leptodactylus (pooled),random_forest,lowacc,20,0.9789678103220207,0.6666666666666666,0.8181818181818182
Pontastacus leptodactylus (pooled),random_forest,lowacc,20,0.9783368308883788,0.6666666666666666,0.6666666666666666
Pontastacus leptodactylus (pooled),random_forest,lowacc,20,0.9815544267615387,0.6666666666666666,0.6666666666666666
Pontastacus leptodactylus (pooled),random_forest,lowacc,20,0.9811134418546475,0.6666666666666666,0.8181818181818182
Pontastacus leptodactylus (pooled),random_forest,lowacc,20,0.9809924904531395,0.6666666666666666,0.8181818181818182
Pontastacus leptodactylus (pooled),random_forest,snapping,1,0.9818638592170831,0.6666666666666666,0.8181818181818182
Pontastacus leptodactylus (pooled),random_forest,snapping,1,0.9822181575766922,0.6666666666666666,0.6666666666666666
Pontastacus leptodactylus (pooled),random_forest,snapping,1,0.986991029054713,0.6666666666666666,0.8181818181818182
Pontastacus leptodactylus (pooled),random_forest,snapping,1,0.9815092474872622,0.6666666666666666,0.8181818181818182
Pontastacus leptodactylus (pooled),random_forest,snapping,1,0.9800735735346109,0.6666666666666666,0.6666666666666666
Pontastacus leptodactylus (pooled),random_forest,snapping,1,0.9790466271960522,0.6666666666666666,0.6666666666666666
Pontastacus leptodactylus (pooled),random_forest,snapping,1,0.983037612766736,1.0,0.6666666666666666
Pontastacus leptodactylus (pooled),random_forest,snapping,1,0.9837971276242058,1.0,0.8181818181818182
Pontastacus leptodactylus (pooled),random_forest,snapping,1,0.9855097358340857,0.6666666666666666,0.8181818181818182
Pontastacus leptodactylus (pooled),random_forest,snapping,1,0.9801793195991848,0.6666666666666666,0.6666666666666666
Pontastacus leptodactylus (pooled),random_forest,snapping,1,0.9834643814311615,0.6666666666666666,0.6666666666666666
Pontastacus leptodactylus (pooled),random_forest,snapping,1,0.9816203315642171,0.6666666666666666,0.8181818181818182
Pontastacus leptodactylus (pooled),random_forest,snapping,1,0.9782604130836099,0.6666666666666666,0.8181818181818182
Pontastacus leptodactylus (pooled),random_forest,snapping,1,0.9859236358599134,0.6666666666666666,0.6666666666666666
Pontastacus leptodactylus (pooled),random_forest,snapping,1,0.9843553239884478,0.6666666666666666,0.8181818181818182
Pontastacus leptodactylus (pooled),random_forest,snapping,1,0.9805920703858778,0.6666666666666666,1.0
Pontastacus leptodactylus (pooled),random_forest,snapping,1,0.9810698448526673,0.6666666666666666,0.6666666666666666
Pontastacus leptodactylus (pooled),random_forest,snapping,1,0.9837735451471339,1.0,0.6666666666666666
Pontastacus leptodactylus (pooled),random_forest,snapping,1,0.9782435971613579,0.6666666666666666,0.8181818181818182
Pontastacus leptodactylus (pooled),random_forest,snapping,1,0.9835571889064494,0.6666666666666666,0.8181818181818182
Pontastacus leptodactylus (pooled),random_forest,snapping,1,0.9881628500695344,0.6666666666666666,0.8181818181818182
Pontastacus leptodactylus (pooled),random_forest,snapping,1,0.9778897157521036,0.6666666666666666,0.8181818181818182
Pontastacus leptodactylus (pooled),random_forest,snapping,1,0.9848684899297754,1.0,0.8181818181818182
Pontastacus leptodactylus (pooled),random_forest,snapping,1,0.9765300574602855,0.6666666666666666,0.8181818181818182
Pontastacus leptodactylus (pooled),random_forest,snapping,1,0.9855754218343854,0.6666666666666666,0.8181818181818182
Pontastacus leptodactylus (pooled),random_forest,snapping,1,0.982701532443501,0.6666666666666666,0.8181818181818182
Pontastacus leptodactylus (pooled),random_forest,snapping,1,0.9798575146945505,0.6666666666666666,0.6666666666666666
Pontastacus leptodactylus (pooled),random_forest,snapping,1,0.9839306239386526,1.0,0.8181818181818182
Pontastacus leptodactylus (pooled),random_forest,snapping,1,0.9843637318593167,0.6666666666666666,0.8181818181818182
Pontastacus leptodactylus (pooled),random_forest,snapping,1,0.982676859880089,1.0,0.8181818181818182
Pontastacus leptodactylus (pooled),random_forest,snapping,2,0.9818313855790531,0.6666666666666666,0.8181818181818182
Pontastacus leptodactylus (pooled),random_forest,snapping,2,0.987056808636811,0.6666666666666666,0.8181818181818182
Pontastacus leptodactylus (pooled),random_forest,snapping,2,0.9823928184188573,0.6666666666666666,0.8181818181818182
Pontastacus leptodactylus (pooled),random_forest,snapping,2,0.9835884110742602,0.6666666666666666,0.8181818181818182
Pontastacus leptodactylus (pooled),random_forest,snapping,2,0.983640428315294,0.6666666666666666,0.6666666666666666
Pontastacus leptodactylus (pooled),random_forest,snapping,2,0.9816663432511856,0.6666666666666666,0.8181818181818182
Pontastacus leptodactylus (pooled),random_forest,snapping,2,0.9858013935539626,0.6666666666666666,0.8181818181818182
Pontastacus leptodactylus (pooled),random_forest,snapping,2,0.9834238192520912,0.6666666666666666,0.6666666666666666
Pontastacus leptodactylus (pooled),random_forest,snapping,2,0.9821411305138171,0.6666666666666666,0.6666666666666666
Pontastacus leptodactylus (pooled),random_forest,snapping,2,0.9798448445773865,0.6666666666666666,0.8181818181818182
Pontastacus leptodactylus (pooled),random_forest,snapping,2,0.9831023983850876,0.6666666666666666,0.6666666666666666
Pontastacus leptodactylus (pooled),random_forest,snapping,2,0.9832714176067386,0.6666666666666666,0.8181818181818182
Pontastacus leptodactylus (pooled),random_forest,snapping,2,0.9817913746827457,0.6666666666666666,0.8181818181818182
Pontastacus leptodactylus (pooled),random_forest,snapping,2,0.9769321535612989,1.0,0.8181818181818182
Pontastacus leptodactylus (pooled),random_forest,snapping,2,0.9798108415680564,0.6666666666666666,0.6666666666666666
Pontastacus leptodactylus (pooled),random_forest,snapping,2,0.9780127485714704,0.6666666666666666,0.8181818181818182
Pontastacus leptodactylus (pooled),random_forest,snapping,2,0.9822034869147127,0.6666666666666666,0.8181818181818182
Pontastacus leptodactylus (pooled),random_forest,snapping,2,0.987740994963669,1.0,0.6666666666666666
Pontastacus leptodactylus (pooled),random_forest,snapping,2,0.9787798878873355,0.6666666666666666,0.8181818181818182
Pontastacus leptodactylus (pooled),random_forest,snapping,2,0.9805583535568392,0.6666666666666666,0.8181818181818182
Pontastacus leptodactylus (pooled),random_forest,snapping,2,0.9864571188494671,0.6666666666666666,0.8181818181818182
Pontastacus leptodactylus (pooled),random_forest,snapping,2,0.9806577106365257,0.6666666666666666,0.6666666666666666
Pontastacus leptodactylus (pooled),random_forest,snapping,2,0.9753084259455315,0.6666666666666666,0.6666666666666666
Pontastacus leptodactylus (pooled),random_forest,snapping,2,0.9852943391021391,0.6666666666666666,0.8181818181818182
Pontastacus leptodactylus (pooled),random_forest,snapping,2,0.976906134158076,0.6666666666666666,0.8181818181818182
Pontastacus leptodactylus (pooled),random_forest,snapping,2,0.9791226478990364,0.6666666666666666,0.8181818181818182
Pontastacus leptodactylus (pooled),random_forest,snapping,2,0.9866613676116386,0.6666666666666666,0.6666666666666666
Pontastacus leptodactylus (pooled),random_forest,snapping,2,0.9857035832673191,0.6666666666666666,0.8181818181818182
Pontastacus leptodactylus (pooled),random_forest,snapping,2,0.9825762550986442,0.6666666666666666,0.8181818181818182
Pontastacus leptodactylus (pooled),random_forest,snapping,2,0.976811351789007,0.6666666666666666,0.8181818181818182
Pontastacus leptodactylus (pooled),random_forest,snapping,5,0.9816344523965934,0.6666666666666666,0.8181818181818182
Pontastacus leptodactylus (pooled),random_forest,snapping,5,0.9848528166863703,0.6666666666666666,0.8181818181818182
Pontastacus leptodactylus (pooled),random_forest,snapping,5,0.9815982183630931,0.6666666666666666,0.6666666666666666
Pontastacus leptodactylus (pooled),random_forest,snapping,5,0.9785195439641667,0.6666666666666666,0.6666666666666666
Pontastacus leptodactylus (pooled),random_forest,snapping,5,0.9802045076576095,0.6666666666666666,0.8181818181818182
Pontastacus leptodactylus (pooled),random_forest,snapping,5,0.9853243479347633,0.6666666666666666,0.8181818181818182
Pontastacus leptodactylus (pooled),random_forest,snapping,5,0.9824413775500599,1.0,1.0
Pontastacus leptodactylus (pooled),random_forest,snapping,5,0.9727454106676428,0.6666666666666666,0.6666666666666666
Pontastacus leptodactylus (pooled),random_forest,snapping,5,0.9845313803855679,0.6666666666666666,0.8181818181818182
Pontastacus leptodactylus (pooled),random_forest,snapping,5,0.984089333827339,0.6666666666666666,0.6666666666666666
Pontastacus leptodactylus (pooled),random_forest,snapping,5,0.9824631724597872,0.6666666666666666,0.6666666666666666
Pontastacus leptodactylus (pooled),random_forest,snapping,5,0.976848853307282,1.0,0.8181818181818182
Pontastacus leptodactylus (pooled),random_forest,snapping,5,0.9800599352235466,0.6666666666666666,0.8181818181818182
Pontastacus leptodactylus (pooled),random_forest,snapping,5,0.9786203747265277,0.6666666666666666,0.8181818181818182
Pontastacus leptodactylus (pooled),random_forest,snapping,5,0.9807454426757729,0.6666666666666666,0.6666666666666666
Pontastacus leptodactylus (pooled),random_forest,snapping,5,0.9765661034176678,0.6666666666666666,0.6666666666666666
Pontastacus leptodactylus (pooled),random_forest,snapping,5,0.9818237165573388,0.6666666666666666,0.6666666666666666
Pontastacus leptodactylus (pooled),random_forest,snapping,5,0.9858571485958583,0.6666666666666666,0.8181818181818182
Pontastacus leptodactylus (pooled),random_forest,snapping,5,0.9839956015494601,0.6666666666666666,0.8181818181818182
Pontastacus leptodactylus (pooled),random_forest,snapping,5,0.9798228444367434,0.6666666666666666,0.8181818181818182
Pontastacus leptodactylus (pooled),random_forest,snapping,5,0.9841743136089899,0.6666666666666666,0.8181818181818182
Pontastacus leptodactylus (pooled),random_forest,snapping,5,0.9812469033801251,0.6666666666666666,0.8181818181818182
Pontastacus leptodactylus (pooled),random_forest,snapping,5,0.9769825593281963,0.6666666666666666,0.8181818181818182
Pontastacus leptodactylus (pooled),random_forest,snapping,5,0.9762111883443949,0.6666666666666666,0.8181818181818182
Pontastacus leptodactylus (pooled),random_forest,snapping,5,0.9821754792872975,0.6666666666666666,0.8181818181818182
Pontastacus leptodactylus (pooled),random_forest,snapping,5,0.9855980085608409,0.6666666666666666,1.0
Pontastacus leptodactylus (pooled),random_forest,snapping,5,0.977227465110605,0.6666666666666666,1.0
Pontastacus leptodactylus (pooled),random_forest,snapping,5,0.9815593114841622,0.6666666666666666,0.8181818181818182
Pontastacus leptodactylus (pooled),random_forest,snapping,5,0.9814904062534952,0.6666666666666666,0.6666666666666666
Pontastacus leptodactylus (pooled),random_forest,snapping,5,0.9820167655917934,1.0,0.6666666666666666
Pontastacus leptodactylus (pooled),xgboost,lowacc,3,0.6808514366971415,0.6666666666666666,1.0
Pontastacus leptodactylus (pooled),xgboost,lowacc,3,0.6328158506640721,0.6666666666666666,0.5384615384615384
Pontastacus leptodactylus (pooled),xgboost,lowacc,3,0.6609119975674536,0.6666666666666666,0.5384615384615384
Pontastacus leptodactylus (pooled),xgboost,lowacc,3,0.6773298443026198,0.6666666666666666,0.6666666666666666
Pontastacus leptodactylus (pooled),xgboost,lowacc,3,0.6664747339153365,0.42857142857142855,0.5384615384615384
Pontastacus leptodactylus (pooled),xgboost,lowacc,3,0.6649060927936901,0.6666666666666666,0.5384615384615384
Pontastacus leptodactylus (pooled),xgboost,lowacc,3,0.635826649447257,0.6666666666666666,0.5384615384615384
Pontastacus leptodactylus (pooled),xgboost,lowacc,3,0.7036917306089299,0.6666666666666666,0.42857142857142855
Pontastacus leptodactylus (pooled),xgboost,lowacc,3,0.6926460188788881,1.0,0.42857142857142855
Pontastacus leptodactylus (pooled),xgboost,lowacc,3,0.6641161006262424,0.6666666666666666,0.5384615384615384
Pontastacus leptodactylus (pooled),xgboost,lowacc,3,0.729305135720647,0.6666666666666666,0.6666666666666666
Pontastacus leptodactylus (pooled),xgboost,lowacc,3,0.7016338818033859,0.6666666666666666,0.5384615384615384
Pontastacus leptodactylus (pooled),xgboost,lowacc,3,0.7165291640840404,0.42857142857142855,0.5384615384615384
Pontastacus leptodactylus (pooled),xgboost,lowacc,3,0.707532858611335,0.42857142857142855,0.6666666666666666
Pontastacus leptodactylus (pooled),xgboost,lowacc,3,0.6435671699402723,0.6666666666666666,0.6666666666666666
Pontastacus leptodactylus (pooled),xgboost,lowacc,3,0.601577148019059,0.6666666666666666,0.6666666666666666
Pontastacus leptodactylus (pooled),xgboost,lowacc,3,0.6442149879988134,0.6666666666666666,0.5384615384615384
Pontastacus leptodactylus (pooled),xgboost,lowacc,3,0.66782840318892,0.6666666666666666,0.5384615384615384
Pontastacus leptodactylus (pooled),xgboost,lowacc,3,0.6351029666360315,0.6666666666666666,0.6666666666666666
Pontastacus leptodactylus (pooled),xgboost,lowacc,3,0.7145666934490184,0.6666666666666666,0.42857142857142855
Pontastacus leptodactylus (pooled),xgboost,lowacc,3,0.654714047710279,1.0,0.6666666666666666
Pontastacus leptodactylus (pooled),xgboost,lowacc,3,0.6743356765065621,0.6666666666666666,0.5384615384615384
Pontastacus leptodactylus (pooled),xgboost,lowacc,3,0.6572564293810986,0.6666666666666666,0.5384615384615384
Pontastacus leptodactylus (pooled),xgboost,lowacc,3,0.6511637848120204,0.42857142857142855,0.5384615384615384
Pontastacus leptodactylus (pooled),xgboost,lowacc,3,0.643462984767971,0.6666666666666666,0.6666666666666666
Pontastacus leptodactylus (pooled),xgboost,lowacc,3,0.7080559901015715,0.6666666666666666,0.6666666666666666
Pontastacus leptodactylus (pooled),xgboost,lowacc,3,0.7070674012011883,0.6666666666666666,0.6666666666666666
Pontastacus leptodactylus (pooled),xgboost,lowacc,3,0.6772741359779426,1.0,0.6666666666666666
Pontastacus leptodactylus (pooled),xgboost,lowacc,3,0.6525538089049389,0.6666666666666666,0.5384615384615384
Pontastacus leptodactylus (pooled),xgboost,lowacc,3,0.692847372133285,0.6666666666666666,0.42857142857142855
Pontastacus leptodactylus (pooled),xgboost,lowacc,10,0.6580463729701659,0.6666666666666666,0.5384615384615384
Pontastacus leptodactylus (pooled),xgboost,lowacc,10,0.6154639399234668,0.6666666666666666,0.6666666666666666
Pontastacus leptodactylus (pooled),xgboost,lowacc,10,0.6094524751571905,0.6666666666666666,0.42857142857142855
Pontastacus leptodactylus (pooled),xgboost,lowacc,10,0.6550836386015914,1.0,0.5384615384615384
Pontastacus leptodactylus (pooled),xgboost,lowacc,10,0.7077319906507089,0.6666666666666666,0.6666666666666666
Pontastacus leptodactylus (pooled),xgboost,lowacc,10,0.7300296943433613,0.6666666666666666,0.42857142857142855
Pontastacus leptodactylus (pooled),xgboost,lowacc,10,0.7608430226344924,0.6666666666666666,0.8181818181818182
Pontastacus leptodactylus (pooled),xgboost,lowacc,10,0.6866828606377834,0.42857142857142855,0.42857142857142855
Pontastacus leptodactylus (pooled),xgboost,lowacc,10,0.7164305965670023,0.6666666666666666,0.6666666666666666
Pontastacus leptodactylus (pooled),xgboost,lowacc,10,0.6594544785051372,0.6666666666666666,0.5384615384615384
Pontastacus leptodactylus (pooled),xgboost,lowacc,10,0.6874585130405902,0.42857142857142855,0.5384615384615384
Pontastacus leptodactylus (pooled),xgboost,lowacc,10,0.6111094816463674,0.6666666666666666,0.42857142857142855
Pontastacus leptodactylus (pooled),xgboost,lowacc,10,0.6044523162777738,0.6666666666666666,0.42857142857142855
Pontastacus leptodactylus (pooled),xgboost,lowacc,10,0.6557978177698933,0.6666666666666666,0.6666666666666666
Pontastacus leptodactylus (pooled),xgboost,lowacc,10,0.6674593557184864,0.42857142857142855,0.5384615384615384
Pontastacus leptodactylus (pooled),xgboost,lowacc,10,0.6491517623170963,0.6666666666666666,0.5384615384615384
Pontastacus leptodactylus (pooled),xgboost,lowacc,10,0.6670870113493065,0.6666666666666666,0.5384615384615384
Pontastacus leptodactylus (pooled),xgboost,lowacc,10,0.6547398315771475,0.6666666666666666,0.5384615384615384
Pontastacus leptodactylus (pooled),xgboost,lowacc,10,0.6427857811480118,0.6666666666666666,0.5384615384615384
Pontastacus leptodactylus (pooled),xgboost,lowacc,10,0.7306261175566465,0.6666666666666666,0.5384615384615384
Pontastacus leptodactylus (pooled),xgboost,lowacc,10,0.6642510205826405,0.6666666666666666,0.5384615384615384
Pontastacus leptodactylus (pooled),xgboost,lowacc,10,0.701085459482907,0.6666666666666666,0.5384615384615384
Pontastacus leptodactylus (pooled),xgboost,lowacc,10,0.6833375512821701,0.42857142857142855,0.42857142857142855
Pontastacus leptodactylus (pooled),xgboost,lowacc,10,0.6138203453950885,0.6666666666666666,0.42857142857142855
Pontastacus leptodactylus (pooled),xgboost,lowacc,10,0.5745679051884192,0.6666666666666666,0.42857142857142855
Pontastacus leptodactylus (pooled),xgboost,lowacc,10,0.6877377467135769,0.6666666666666666,0.6666666666666666
Pontastacus leptodactylus (pooled),xgboost,lowacc,10,0.6882681086626627,0.42857142857142855,0.5384615384615384
Pontastacus leptodactylus (pooled),xgboost,lowacc,10,0.6250721331091129,0.6666666666666666,0.5384615384615384
Pontastacus leptodactylus (pooled),xgboost,lowacc,10,0.5983679501645195,0.6666666666666666,0.5384615384615384
Pontastacus leptodactylus (pooled),xgboost,lowacc,10,0.6696100713309474,0.6666666666666666,0.6666666666666666
Pontastacus leptodactylus (pooled),xgboost,lowacc,20,0.7049968474148802,0.42857142857142855,0.5384615384615384
Pontastacus leptodactylus (pooled),xgboost,lowacc,20,0.6555293136982495,0.42857142857142855,0.5384615384615384
Pontastacus leptodactylus (pooled),xgboost,lowacc,20,0.7113930528158365,0.6666666666666666,0.5384615384615384
Pontastacus leptodactylus (pooled),xgboost,lowacc,20,0.6836334962743928,0.6666666666666666,0.5384615384615384
Pontastacus leptodactylus (pooled),xgboost,lowacc,20,0.6258642892256396,0.42857142857142855,0.42857142857142855
Pontastacus leptodactylus (pooled),xgboost,lowacc,20,0.661187821132585,0.42857142857142855,0.6666666666666666
Pontastacus leptodactylus (pooled),xgboost,lowacc,20,0.6775165203513653,0.42857142857142855,0.8181818181818182
Pontastacus leptodactylus (pooled),xgboost,lowacc,20,0.6671066553710894,0.42857142857142855,0.5384615384615384
Pontastacus leptodactylus (pooled),xgboost,lowacc,20,0.6788985188193303,0.6666666666666666,0.42857142857142855
Pontastacus leptodactylus (pooled),xgboost,lowacc,20,0.6581597725991577,0.6666666666666666,0.42857142857142855
Pontastacus leptodactylus (pooled),xgboost,lowacc,20,0.7018134692578532,0.6666666666666666,0.3333333333333333
Pontastacus leptodactylus (pooled),xgboost,lowacc,20,0.6154652755077296,0.42857142857142855,0.5384615384615384
Pontastacus leptodactylus (pooled),xgboost,lowacc,20,0.6441118793682007,1.0,0.5384615384615384
Pontastacus leptodactylus (pooled),xgboost,lowacc,20,0.5749193151943917,0.6666666666666666,0.42857142857142855
Pontastacus leptodactylus (pooled),xgboost,lowacc,20,0.6350989591125741,0.6666666666666666,0.42857142857142855
Pontastacus leptodactylus (pooled),xgboost,lowacc,20,0.6086658306042916,0.42857142857142855,0.42857142857142855
Pontastacus leptodactylus (pooled),xgboost,lowacc,20,0.6607162059112428,0.42857142857142855,0.5384615384615384
Pontastacus leptodactylus (pooled),xgboost,lowacc,20,0.6302648847223729,0.6666666666666666,0.6666666666666666
Pontastacus leptodactylus (pooled),xgboost,lowacc,20,0.6513508025733644,0.6666666666666666,0.5384615384615384
Pontastacus leptodactylus (pooled),xgboost,lowacc,20,0.655520414900855,0.6666666666666666,0.42857142857142855
Pontastacus leptodactylus (pooled),xgboost,lowacc,20,0.6538280737046255,0.6666666666666666,0.42857142857142855
Pontastacus leptodactylus (pooled),xgboost,lowacc,20,0.6858463142845925,0.42857142857142855,0.42857142857142855
Pontastacus leptodactylus (pooled),xgboost,lowacc,20,0.6716626545280838,0.6666666666666666,0.42857142857142855
Pontastacus leptodactylus (pooled),xgboost,lowacc,20,0.6136502164947614,0.42857142857142855,0.42857142857142855
Pontastacus leptodactylus (pooled),xgboost,lowacc,20,0.6832587043409494,0.6666666666666666,0.5384615384615384
Pontastacus leptodactylus (pooled),xgboost,lowacc,20,0.6706363308173875,0.6666666666666666,0.42857142857142855
Pontastacus leptodactylus (pooled),xgboost,lowacc,20,0.7410758240673537,0.6666666666666666,0.5384615384615384
Pontastacus leptodactylus (pooled),xgboost,lowacc,20,0.6855870754696818,0.42857142857142855,0.42857142857142855
Pontastacus leptodactylus (pooled),xgboost,lowacc,20,0.7191046658259773,0.6666666666666666,0.3333333333333333
Pontastacus leptodactylus (pooled),xgboost,lowacc,20,0.6783989142283113,0.6666666666666666,0.5384615384615384
Pontastacus leptodactylus (pooled),xgboost,snapping,1,0.6252646401523203,0.6666666666666666,0.6666666666666666
Pontastacus leptodactylus (pooled),xgboost,snapping,1,0.6592564123121448,1.0,0.5384615384615384
Pontastacus leptodactylus (pooled),xgboost,snapping,1,0.6670669090802374,0.6666666666666666,0.6666666666666666
Pontastacus leptodactylus (pooled),xgboost,snapping,1,0.6967931414392153,0.6666666666666666,0.6666666666666666
Pontastacus leptodactylus (pooled),xgboost,snapping,1,0.691424519547,0.6666666666666666,0.8181818181818182
Pontastacus leptodactylus (pooled),xgboost,snapping,1,0.6839974244982581,0.6666666666666666,0.8181818181818182
Pontastacus leptodactylus (pooled),xgboost,snapping,1,0.6087406087451874,0.6666666666666666,0.5384615384615384
Pontastacus leptodactylus (pooled),xgboost,snapping,1,0.5881430334188296,0.6666666666666666,0.5384615384615384
Pontastacus leptodactylus (pooled),xgboost,snapping,1,0.6720286046160554,1.0,0.5384615384615384
Pontastacus leptodactylus (pooled),xgboost,snapping,1,0.6646497768147902,0.6666666666666666,0.6666666666666666
Pontastacus leptodactylus (pooled),xgboost,snapping,1,0.630692954770692,0.6666666666666666,0.5384615384615384
Pontastacus leptodactylus (pooled),xgboost,snapping,1,0.7246552909668728,1.0,0.8181818181818182
Pontastacus leptodactylus (pooled),xgboost,snapping,1,0.6614474179787658,0.42857142857142855,0.42857142857142855
Pontastacus leptodactylus (pooled),xgboost,snapping,1,0.6167635308047253,0.42857142857142855,0.5384615384615384
Pontastacus leptodactylus (pooled),xgboost,snapping,1,0.6928367386338168,0.6666666666666666,0.42857142857142855
Pontastacus leptodactylus (pooled),xgboost,snapping,1,0.68835360249642,0.6666666666666666,0.5384615384615384
Pontastacus leptodactylus (pooled),xgboost,snapping,1,0.6604185191108403,0.6666666666666666,0.8181818181818182
Pontastacus leptodactylus (pooled),xgboost,snapping,1,0.6625766747891416,0.6666666666666666,0.5384615384615384
Pontastacus leptodactylus (pooled),xgboost,snapping,1,0.6737675529527433,1.0,0.5384615384615384
Pontastacus leptodactylus (pooled),xgboost,snapping,1,0.6532075511865135,0.6666666666666666,0.6666666666666666
Pontastacus leptodactylus (pooled),xgboost,snapping,1,0.6245003954089812,0.6666666666666666,0.5384615384615384
Pontastacus leptodactylus (pooled),xgboost,snapping,1,0.6432040250591172,1.0,0.5384615384615384
Pontastacus leptodactylus (pooled),xgboost,snapping,1,0.6867479214311668,0.6666666666666666,0.42857142857142855
Pontastacus leptodactylus (pooled),xgboost,snapping,1,0.6698498832143125,0.42857142857142855,0.6666666666666666
Pontastacus leptodactylus (pooled),xgboost,snapping,1,0.634547336558928,0.6666666666666666,0.5384615384615384
Pontastacus leptodactylus (pooled),xgboost,snapping,1,0.6436176181417915,0.6666666666666666,0.5384615384615384
Pontastacus leptodactylus (pooled),xgboost,snapping,1,0.6716328787911172,0.42857142857142855,0.5384615384615384
Pontastacus leptodactylus (pooled),xgboost,snapping,1,0.6619264362039438,1.0,0.5384615384615384
Pontastacus leptodactylus (pooled),xgboost,snapping,1,0.710317502725116,0.6666666666666666,0.6666666666666666
Pontastacus leptodactylus (pooled),xgboost,snapping,1,0.6770824554659977,0.6666666666666666,0.8181818181818182
Pontastacus leptodactylus (pooled),xgboost,snapping,2,0.6580115090847288,1.0,0.6666666666666666
Pontastacus leptodactylus (pooled),xgboost,snapping,2,0.6633593271670662,0.6666666666666666,0.42857142857142855
Pontastacus leptodactylus (pooled),xgboost,snapping,2,0.6811426316245137,0.6666666666666666,0.42857142857142855
Pontastacus leptodactylus (pooled),xgboost,snapping,2,0.6749823386574947,0.6666666666666666,0.42857142857142855
Pontastacus leptodactylus (pooled),xgboost,snapping,2,0.6419420199787842,0.6666666666666666,0.42857142857142855
Pontastacus leptodactylus (pooled),xgboost,snapping,2,0.6492679688554324,0.6666666666666666,0.5384615384615384
Pontastacus leptodactylus (pooled),xgboost,snapping,2,0.6751621711159083,0.6666666666666666,0.6666666666666666
Pontastacus leptodactylus (pooled),xgboost,snapping,2,0.6812497918941327,0.6666666666666666,0.5384615384615384
Pontastacus leptodactylus (pooled),xgboost,snapping,2,0.7173877073451799,1.0,0.5384615384615384
Pontastacus leptodactylus (pooled),xgboost,snapping,2,0.6913487606601786,0.6666666666666666,0.5384615384615384
Pontastacus leptodactylus (pooled),xgboost,snapping,2,0.6429033233936852,0.6666666666666666,0.5384615384615384
Pontastacus leptodactylus (pooled),xgboost,snapping,2,0.688555314510441,0.6666666666666666,0.5384615384615384
Pontastacus leptodactylus (pooled),xgboost,snapping,2,0.6374457585425554,0.6666666666666666,0.42857142857142855
Pontastacus leptodactylus (pooled),xgboost,snapping,2,0.6355189673836885,0.6666666666666666,0.6666666666666666
Pontastacus leptodactylus (pooled),xgboost,snapping,2,0.6866020334748383,0.6666666666666666,0.5384615384615384
Pontastacus leptodactylus (pooled),xgboost,snapping,2,0.6528864186374039,0.6666666666666666,0.5384615384615384
Pontastacus leptodactylus (pooled),xgboost,snapping,2,0.7042127086583881,1.0,0.5384615384615384
Pontastacus leptodactylus (pooled),xgboost,snapping,2,0.6951603608438714,0.6666666666666666,0.6666666666666666
Pontastacus leptodactylus (pooled),xgboost,snapping,2,0.7130826008644785,1.0,0.6666666666666666
Pontastacus leptodactylus (pooled),xgboost,snapping,2,0.6994885611730616,0.6666666666666666,0.6666666666666666
Pontastacus leptodactylus (pooled),xgboost,snapping,2,0.6332218682799235,0.6666666666666666,0.6666666666666666
Pontastacus leptodactylus (pooled),xgboost,snapping,2,0.6723865411984509,0.42857142857142855,0.6666666666666666
Pontastacus leptodactylus (pooled),xgboost,snapping,2,0.6492405123948046,0.6666666666666666,0.42857142857142855
Pontastacus leptodactylus (pooled),xgboost,snapping,2,0.6754705396892404,0.6666666666666666,0.8181818181818182
Pontastacus leptodactylus (pooled),xgboost,snapping,2,0.687255600794753,0.6666666666666666,0.5384615384615384
Pontastacus leptodactylus (pooled),xgboost,snapping,2,0.6506530973641065,0.6666666666666666,0.42857142857142855
Pontastacus leptodactylus (pooled),xgboost,snapping,2,0.7277818030126766,0.6666666666666666,0.5384615384615384
Pontastacus leptodactylus (pooled),xgboost,snapping,2,0.6644447175497468,0.42857142857142855,0.6666666666666666
Pontastacus leptodactylus (pooled),xgboost,snapping,2,0.6924713397626174,0.6666666666666666,0.6666666666666666
Pontastacus leptodactylus (pooled),xgboost,snapping,2,0.6245712890106119,1.0,0.5384615384615384
Pontastacus leptodactylus (pooled),xgboost,snapping,5,0.6653149524997672,1.0,0.6666666666666666
Pontastacus leptodactylus (pooled),xgboost,snapping,5,0.6888171393763225,0.6666666666666666,0.5384615384615384
Pontastacus leptodactylus (pooled),xgboost,snapping,5,0.6498864013525548,0.6666666666666666,0.6666666666666666
Pontastacus leptodactylus (pooled),xgboost,snapping,5,0.6633980591106836,0.6666666666666666,0.5384615384615384
Pontastacus leptodactylus (pooled),xgboost,snapping,5,0.7057556051894758,0.6666666666666666,0.6666666666666666
Pontastacus leptodactylus (pooled),xgboost,snapping,5,0.7098341648803645,1.0,0.5384615384615384
Pontastacus leptodactylus (pooled),xgboost,snapping,5,0.675249000790818,0.6666666666666666,0.6666666666666666
Pontastacus leptodactylus (pooled),xgboost,snapping,5,0.7151296940916472,0.6666666666666666,0.6666666666666666
Pontastacus leptodactylus (pooled),xgboost,snapping,5,0.6860052634577191,0.6666666666666666,0.5384615384615384
Pontastacus leptodactylus (pooled),xgboost,snapping,5,0.6518523653461721,0.6666666666666666,0.5384615384615384
Pontastacus leptodactylus (pooled),xgboost,snapping,5,0.6288018039198923,0.6666666666666666,0.5384615384615384
Pontastacus leptodactylus (pooled),xgboost,snapping,5,0.6032918933919752,0.6666666666666666,0.5384615384615384
Pontastacus leptodactylus (pooled),xgboost,snapping,5,0.676877391155663,0.42857142857142855,0.6666666666666666
Pontastacus leptodactylus (pooled),xgboost,snapping,5,0.6900073738431616,0.6666666666666666,0.5384615384615384
Pontastacus leptodactylus (pooled),xgboost,snapping,5,0.6788637869493663,0.42857142857142855,0.5384615384615384
Pontastacus leptodactylus (pooled),xgboost,snapping,5,0.6311209942347441,0.6666666666666666,0.42857142857142855
Pontastacus leptodactylus (pooled),xgboost,snapping,5,0.6702101512309495,0.6666666666666666,0.6666666666666666
Pontastacus leptodactylus (pooled),xgboost,snapping,5,0.6771942700078942,0.6666666666666666,0.5384615384615384
Pontastacus leptodactylus (pooled),xgboost,snapping,5,0.6799337957124844,0.6666666666666666,0.5384615384615384
Pontastacus leptodactylus (pooled),xgboost,snapping,5,0.6603984180963011,0.6666666666666666,0.5384615384615384
Pontastacus leptodactylus (pooled),xgboost,snapping,5,0.7341824262599878,0.6666666666666666,0.42857142857142855
Pontastacus leptodactylus (pooled),xgboost,snapping,5,0.6555100984553562,0.6666666666666666,0.6666666666666666
Pontastacus leptodactylus (pooled),xgboost,snapping,5,0.6435872869402208,0.6666666666666666,0.6666666666666666
Pontastacus leptodactylus (pooled),xgboost,snapping,5,0.6733293970547375,0.6666666666666666,0.5384615384615384
Pontastacus leptodactylus (pooled),xgboost,snapping,5,0.6672105255160097,0.6666666666666666,0.8181818181818182
Pontastacus leptodactylus (pooled),xgboost,snapping,5,0.6339434565156988,0.6666666666666666,0.5384615384615384
Pontastacus leptodactylus (pooled),xgboost,snapping,5,0.6457830166499241,0.6666666666666666,0.6666666666666666
Pontastacus leptodactylus (pooled),xgboost,snapping,5,0.7045653707226367,0.6666666666666666,0.5384615384615384
Pontastacus leptodactylus (pooled),xgboost,snapping,5,0.6996067283647167,0.6666666666666666,0.5384615384615384
Pontastacus leptodactylus (pooled),xgboost,snapping,5,0.7047277141189985,0.6666666666666666,0.5384615384615384
Procambarus clarkii (alien),random_forest,lowacc,3,0.9867866340984812,0.6666666666666666,1.0
Procambarus clarkii (alien),random_forest,lowacc,3,0.9855244465793184,0.6666666666666666,1.0
Procambarus clarkii (alien),random_forest,lowacc,3,0.9863893260838459,1.0,1.0
Procambarus clarkii (alien),random_forest,lowacc,3,0.9840744639535596,1.0,1.0
Procambarus clarkii (alien),random_forest,lowacc,3,0.9845279827484005,1.0,1.0
Procambarus clarkii (alien),random_forest,lowacc,3,0.9846186865073686,1.0,0.8181818181818182
Procambarus clarkii (alien),random_forest,lowacc,3,0.9880449890644482,1.0,0.8181818181818182
Procambarus clarkii (alien),random_forest,lowacc,3,0.9816420701919341,1.0,0.8181818181818182
Procambarus clarkii (alien),random_forest,lowacc,3,0.9818439179935816,0.6666666666666666,0.8181818181818182
Procambarus clarkii (alien),random_forest,lowacc,3,0.9828135539521288,0.6666666666666666,1.0
Procambarus clarkii (alien),random_forest,lowacc,3,0.9862155836723012,0.6666666666666666,0.8181818181818182
Procambarus clarkii (alien),random_forest,lowacc,3,0.9897453651656684,0.6666666666666666,0.8181818181818182
Procambarus clarkii (alien),random_forest,lowacc,3,0.9855436093452976,1.0,1.0
Procambarus clarkii (alien),random_forest,lowacc,3,0.9782272652944421,0.6666666666666666,1.0
Procambarus clarkii (alien),random_forest,lowacc,3,0.9893263393495901,1.0,1.0
Procambarus clarkii (alien),random_forest,lowacc,3,0.9842737567197432,1.0,1.0
Procambarus clarkii (alien),random_forest,lowacc,3,0.9841664452302596,0.6666666666666666,0.8181818181818182
Procambarus clarkii (alien),random_forest,lowacc,3,0.9859434723953967,1.0,1.0
Procambarus clarkii (alien),random_forest,lowacc,3,0.987880189277027,0.6666666666666666,1.0
Procambarus clarkii (alien),random_forest,lowacc,3,0.9798612104736013,1.0,1.0
Procambarus clarkii (alien),random_forest,lowacc,3,0.9871686119003331,1.0,1.0
Procambarus clarkii (alien),random_forest,lowacc,3,0.9808806696236942,1.0,0.8181818181818182
Procambarus clarkii (alien),random_forest,lowacc,3,0.9876757864399157,0.6666666666666666,0.8181818181818182
Procambarus clarkii (alien),random_forest,lowacc,3,0.9868747828219855,1.0,1.0
Procambarus clarkii (alien),random_forest,lowacc,3,0.9866154467224003,1.0,1.0
Procambarus clarkii (alien),random_forest,lowacc,3,0.9867444760133269,1.0,0.8181818181818182
Procambarus clarkii (alien),random_forest,lowacc,3,0.9891474868671176,0.6666666666666666,0.8181818181818182
Procambarus clarkii (alien),random_forest,lowacc,3,0.9872337653046622,0.6666666666666666,0.8181818181818182
Procambarus clarkii (alien),random_forest,lowacc,3,0.9805932281340064,0.6666666666666666,0.8181818181818182
Procambarus clarkii (alien),random_forest,lowacc,3,0.9894234306972179,1.0,0.8181818181818182
Procambarus clarkii (alien),random_forest,lowacc,10,0.9812830877092573,0.6666666666666666,1.0
Procambarus clarkii (alien),random_forest,lowacc,10,0.9803083416797824,0.6666666666666666,0.8181818181818182
Procambarus clarkii (alien),random_forest,lowacc,10,0.9868811704106452,1.0,1.0
Procambarus clarkii (alien),random_forest,lowacc,10,0.9865196328925044,0.6666666666666666,0.8181818181818182
Procambarus clarkii (alien),random_forest,lowacc,10,0.9771043272080616,1.0,1.0
Procambarus clarkii (alien),random_forest,lowacc,10,0.9826385340228522,0.6666666666666666,0.8181818181818182
Procambarus clarkii (alien),random_forest,lowacc,10,0.9763199313206467,1.0,1.0
Procambarus clarkii (alien),random_forest,lowacc,10,0.9838930564356232,1.0,0.8181818181818182
Procambarus clarkii (alien),random_forest,lowacc,10,0.9845726958690186,1.0,0.8181818181818182
Procambarus clarkii (alien),random_forest,lowacc,10,0.9835902847331519,1.0,0.8181818181818182
Procambarus clarkii (alien),random_forest,lowacc,10,0.9881931811213538,0.6666666666666666,0.8181818181818182
Procambarus clarkii (alien),random_forest,lowacc,10,0.9848946303374689,1.0,0.8181818181818182
Procambarus clarkii (alien),random_forest,lowacc,10,0.9848818551601494,1.0,0.8181818181818182
Procambarus clarkii (alien),random_forest,lowacc,10,0.9810914600494652,1.0,1.0
Procambarus clarkii (alien),random_forest,lowacc,10,0.9830780001226415,0.6666666666666666,1.0
Procambarus clarkii (alien),random_forest,lowacc,10,0.9795303333810272,1.0,1.0
Procambarus clarkii (alien),random_forest,lowacc,10,0.9812690350142058,1.0,0.8181818181818182
Procambarus clarkii (alien),random_forest,lowacc,10,0.9824967295546061,0.6666666666666666,1.0
Procambarus clarkii (alien),random_forest,lowacc,10,0.9838406782086134,1.0,0.8181818181818182
Procambarus clarkii (alien),random_forest,lowacc,10,0.9858080555158104,1.0,0.8181818181818182
Procambarus clarkii (alien),random_forest,lowacc,10,0.9834139872861434,0.6666666666666666,0.8181818181818182
Procambarus clarkii (alien),random_forest,lowacc,10,0.9796874680620566,1.0,0.8181818181818182
Procambarus clarkii (alien),random_forest,lowacc,10,0.9787139995503137,1.0,1.0
Procambarus clarkii (alien),random_forest,lowacc,10,0.9810263066451361,1.0,1.0
Procambarus clarkii (alien),random_forest,lowacc,10,0.9866154467224003,1.0,1.0
Procambarus clarkii (alien),random_forest,lowacc,10,0.9863292827504444,1.0,0.8181818181818182
Procambarus clarkii (alien),random_forest,lowacc,10,0.9794140792674202,0.6666666666666666,1.0
Procambarus clarkii (alien),random_forest,lowacc,10,0.9848754675714898,1.0,1.0
Procambarus clarkii (alien),random_forest,lowacc,10,0.9833718292009891,1.0,0.8181818181818182
Procambarus clarkii (alien),random_forest,lowacc,10,0.9858770414733355,1.0,0.8181818181818182
Procambarus clarkii (alien),random_forest,lowacc,20,0.9758038141569404,1.0,1.0
Procambarus clarkii (alien),random_forest,lowacc,20,0.9803032316088546,1.0,0.8181818181818182
Procambarus clarkii (alien),random_forest,lowacc,20,0.979988962246796,1.0,0.8181818181818182
Procambarus clarkii (alien),random_forest,lowacc,20,0.9814747153690493,1.0,0.8181818181818182
Procambarus clarkii (alien),random_forest,lowacc,20,0.9813661263618337,1.0,1.0
Procambarus clarkii (alien),random_forest,lowacc,20,0.9794370745865951,1.0,0.8181818181818182
Procambarus clarkii (alien),random_forest,lowacc,20,0.9769446374915683,1.0,1.0
Procambarus clarkii (alien),random_forest,lowacc,20,0.9780905708971238,1.0,1.0
Procambarus clarkii (alien),random_forest,lowacc,20,0.9790691494797946,0.6666666666666666,1.0
Procambarus clarkii (alien),random_forest,lowacc,20,0.9796951331684484,1.0,1.0
Procambarus clarkii (alien),random_forest,lowacc,20,0.979011661181857,1.0,1.0
Procambarus clarkii (alien),random_forest,lowacc,20,0.9820495983484251,1.0,0.8181818181818182
Procambarus clarkii (alien),random_forest,lowacc,20,0.9803630492280817,1.0,1.0
Procambarus clarkii (alien),random_forest,lowacc,20,0.9804539787012243,1.0,0.8181818181818182
Procambarus clarkii (alien),random_forest,lowacc,20,0.9806072808290578,1.0,0.8181818181818182
Procambarus clarkii (alien),random_forest,lowacc,20,0.9792773848701019,1.0,1.0
Procambarus clarkii (alien),random_forest,lowacc,20,0.9819588945894568,0.6666666666666666,1.0
Procambarus clarkii (alien),random_forest,lowacc,20,0.979819052388447,0.6666666666666666,0.8181818181818182
Procambarus clarkii (alien),random_forest,lowacc,20,0.9811502258651349,1.0,0.8181818181818182
Procambarus clarkii (alien),random_forest,lowacc,20,0.9789465077775278,1.0,1.0
Procambarus clarkii (alien),random_forest,lowacc,20,0.9794230218915437,0.6666666666666666,0.8181818181818182
Procambarus clarkii (alien),random_forest,lowacc,20,0.9795469411115425,1.0,1.0
Procambarus clarkii (alien),random_forest,lowacc,20,0.9745978374179833,1.0,1.0
Procambarus clarkii (alien),random_forest,lowacc,20,0.9734697892606748,1.0,0.8181818181818182
Procambarus clarkii (alien),random_forest,lowacc,20,0.978731884798561,0.6666666666666666,1.0
Procambarus clarkii (alien),random_forest,lowacc,20,0.9803390021053492,1.0,1.0
Procambarus clarkii (alien),random_forest,lowacc,20,0.9764872861435316,1.0,0.8181818181818182
Procambarus clarkii (alien),random_forest,lowacc,20,0.9840029229605707,1.0,1.0
Procambarus clarkii (alien),random_forest,lowacc,20,0.9804271508288533,0.6666666666666666,1.0
Procambarus clarkii (alien),random_forest,lowacc,20,0.9742324673466466,1.0,1.0
Procambarus clarkii (alien),random_forest,snapping,1,0.9848013715430369,0.6666666666666666,1.0
Procambarus clarkii (alien),random_forest,snapping,1,0.9846135764364408,1.0,0.8181818181818182
Procambarus clarkii (alien),random_forest,snapping,1,0.9874215604112583,1.0,1.0
Procambarus clarkii (alien),random_forest,snapping,1,0.9814427774257505,0.6666666666666666,0.8181818181818182
Procambarus clarkii (alien),random_forest,snapping,1,0.9823114894834739,0.6666666666666666,0.8181818181818182
Procambarus clarkii (alien),random_forest,snapping,1,0.9846953375712852,0.6666666666666666,0.8181818181818182
Procambarus clarkii (alien),random_forest,snapping,1,0.9876719538867198,0.6666666666666666,1.0
Procambarus clarkii (alien),random_forest,snapping,1,0.9863318377859083,1.0,0.8181818181818182
Procambarus clarkii (alien),random_forest,snapping,1,0.9808921672832818,0.6666666666666666,0.8181818181818182
Procambarus clarkii (alien),random_forest,snapping,1,0.986294789771682,1.0,0.8181818181818182
Procambarus clarkii (alien),random_forest,snapping,1,0.9919912413384296,0.6666666666666666,0.8181818181818182
Procambarus clarkii (alien),random_forest,snapping,1,0.9836963187049035,0.6666666666666666,0.8181818181818182
Procambarus clarkii (alien),random_forest,snapping,1,0.9869999795597161,1.0,1.0
Procambarus clarkii (alien),random_forest,snapping,1,0.9892036976473232,1.0,0.8181818181818182
Procambarus clarkii (alien),random_forest,snapping,1,0.9761346912495144,1.0,1.0
Procambarus clarkii (alien),random_forest,snapping,1,0.9883975839584652,0.6666666666666666,1.0
Procambarus clarkii (alien),random_forest,snapping,1,0.9897696380025753,1.0,0.8181818181818182
Procambarus clarkii (alien),random_forest,snapping,1,0.9871864971485802,1.0,0.8181818181818182
Procambarus clarkii (alien),random_forest,snapping,1,0.9882979375753734,1.0,0.8181818181818182
Procambarus clarkii (alien),random_forest,snapping,1,0.9863190626085889,1.0,0.8181818181818182
Procambarus clarkii (alien),random_forest,snapping,1,0.9833360587044947,0.6666666666666666,0.8181818181818182
Procambarus clarkii (alien),random_forest,snapping,1,0.98695654395683,1.0,0.8181818181818182
Procambarus clarkii (alien),random_forest,snapping,1,0.9895792878605154,0.6666666666666666,1.0
Procambarus clarkii (alien),random_forest,snapping,1,0.9890708358032008,0.6666666666666666,0.8181818181818182
Procambarus clarkii (alien),random_forest,snapping,1,0.9786973918197983,0.6666666666666666,1.0
Procambarus clarkii (alien),random_forest,snapping,1,0.9835877296976882,1.0,0.8181818181818182
Procambarus clarkii (alien),random_forest,snapping,1,0.9882749422561984,0.6666666666666666,1.0
Procambarus clarkii (alien),random_forest,snapping,1,0.9851079757987039,0.6666666666666666,1.0
Procambarus clarkii (alien),random_forest,snapping,1,0.9881982911922816,1.0,0.8181818181818182
Procambarus clarkii (alien),random_forest,snapping,1,0.9874023976452793,1.0,0.8181818181818182
Procambarus clarkii (alien),random_forest,snapping,2,0.9820048852278067,1.0,0.8181818181818182
Procambarus clarkii (alien),random_forest,snapping,2,0.9874688285673404,1.0,0.8181818181818182
Procambarus clarkii (alien),random_forest,snapping,2,0.9868875579993049,1.0,0.8181818181818182
Procambarus clarkii (alien),random_forest,snapping,2,0.9877792653762033,0.6666666666666666,0.8181818181818182
Procambarus clarkii (alien),random_forest,snapping,2,0.9868262371481714,1.0,0.8181818181818182
Procambarus clarkii (alien),random_forest,snapping,2,0.988165075731251,0.6666666666666666,1.0
Procambarus clarkii (alien),random_forest,snapping,2,0.9817762095537884,0.6666666666666666,1.0
Procambarus clarkii (alien),random_forest,snapping,2,0.989305899065879,0.6666666666666666,0.8181818181818182
Procambarus clarkii (alien),random_forest,snapping,2,0.9866614373607504,0.6666666666666666,0.8181818181818182
Procambarus clarkii (alien),random_forest,snapping,2,0.9798637655090652,1.0,1.0
Procambarus clarkii (alien),random_forest,snapping,2,0.9892266929664983,0.6666666666666666,0.8181818181818182
Procambarus clarkii (alien),random_forest,snapping,2,0.9892496882856732,1.0,0.8181818181818182
Procambarus clarkii (alien),random_forest,snapping,2,0.9845778059399464,0.6666666666666666,0.8181818181818182
Procambarus clarkii (alien),random_forest,snapping,2,0.9859907405514787,1.0,1.0
Procambarus clarkii (alien),random_forest,snapping,2,0.9842571489892279,1.0,0.8181818181818182
Procambarus clarkii (alien),random_forest,snapping,2,0.9881778509085705,1.0,0.8181818181818182
Procambarus clarkii (alien),random_forest,snapping,2,0.981932066717086,1.0,0.8181818181818182
Procambarus clarkii (alien),random_forest,snapping,2,0.9902180467264884,0.6666666666666666,1.0
Procambarus clarkii (alien),random_forest,snapping,2,0.9858118880690062,0.6666666666666666,1.0
Procambarus clarkii (alien),random_forest,snapping,2,0.9886147619728961,1.0,0.8181818181818182
Procambarus clarkii (alien),random_forest,snapping,2,0.9851667416143735,1.0,0.8181818181818182
Procambarus clarkii (alien),random_forest,snapping,2,0.981909071397911,0.6666666666666666,1.0
Procambarus clarkii (alien),random_forest,snapping,2,0.9865937289209574,1.0,1.0
Procambarus clarkii (alien),random_forest,snapping,2,0.9869795392760051,0.6666666666666666,1.0
Procambarus clarkii (alien),random_forest,snapping,2,0.9850044968624163,0.6666666666666666,1.0
Procambarus clarkii (alien),random_forest,snapping,2,0.9856445332461212,0.6666666666666666,1.0
Procambarus clarkii (alien),random_forest,snapping,2,0.9882289516178484,1.0,1.0
Procambarus clarkii (alien),random_forest,snapping,2,0.9903215256627761,0.42857142857142855,0.8181818181818182
Procambarus clarkii (alien),random_forest,snapping,2,0.9813865666455449,0.6666666666666666,1.0
Procambarus clarkii (alien),random_forest,snapping,2,0.9833986570733599,1.0,0.8181818181818182
Procambarus clarkii (alien),random_forest,snapping,5,0.9806328311836968,1.0,0.8181818181818182
Procambarus clarkii (alien),random_forest,snapping,5,0.9878623040287798,0.6666666666666666,1.0
Procambarus clarkii (alien),random_forest,snapping,5,0.9829080902642928,0.6666666666666666,0.8181818181818182
Procambarus clarkii (alien),random_forest,snapping,5,0.9827458455123357,1.0,0.8181818181818182
Procambarus clarkii (alien),random_forest,snapping,5,0.983684821045316,1.0,0.8181818181818182
Procambarus clarkii (alien),random_forest,snapping,5,0.9765971526684788,0.6666666666666666,1.0
Procambarus clarkii (alien),random_forest,snapping,5,0.9864046562966293,1.0,1.0
Procambarus clarkii (alien),random_forest,snapping,5,0.9829489708317151,0.6666666666666666,1.0
Procambarus clarkii (alien),random_forest,snapping,5,0.9847298305500479,0.6666666666666666,1.0
Procambarus clarkii (alien),random_forest,snapping,5,0.9837269791304702,0.6666666666666666,1.0
Procambarus clarkii (alien),random_forest,snapping,5,0.9904390572941151,0.6666666666666666,1.0
Procambarus clarkii (alien),random_forest,snapping,5,0.9772371890521839,0.6666666666666666,1.0
Procambarus clarkii (alien),random_forest,snapping,5,0.9878827443124909,0.6666666666666666,0.8181818181818182
Procambarus clarkii (alien),random_forest,snapping,5,0.986885002963841,0.6666666666666666,1.0
Procambarus clarkii (alien),random_forest,snapping,5,0.9896955419741225,0.6666666666666666,0.8181818181818182
Procambarus clarkii (alien),random_forest,snapping,5,0.9845765284222143,0.6666666666666666,0.8181818181818182
Procambarus clarkii (alien),random_forest,snapping,5,0.9874841587801237,0.6666666666666666,0.8181818181818182
Procambarus clarkii (alien),random_forest,snapping,5,0.9868722277865216,1.0,0.8181818181818182
Procambarus clarkii (alien),random_forest,snapping,5,0.9833168959385155,1.0,1.0
Procambarus clarkii (alien),random_forest,snapping,5,0.98838097622795,0.6666666666666666,0.8181818181818182
Procambarus clarkii (alien),random_forest,snapping,5,0.9836809884921202,1.0,0.8181818181818182
Procambarus clarkii (alien),random_forest,snapping,5,0.9821173067882181,0.6666666666666666,0.8181818181818182
Procambarus clarkii (alien),random_forest,snapping,5,0.9860903869345706,1.0,1.0
Procambarus clarkii (alien),random_forest,snapping,5,0.9867380884246673,0.6666666666666666,1.0
Procambarus clarkii (alien),random_forest,snapping,5,0.9857595098419965,1.0,0.8181818181818182
Procambarus clarkii (alien),random_forest,snapping,5,0.9882085113341372,1.0,0.8181818181818182
Procambarus clarkii (alien),random_forest,snapping,5,0.9812741450851337,0.6666666666666666,0.8181818181818182
Procambarus clarkii (alien),random_forest,snapping,5,0.9847170553727285,1.0,0.8181818181818182
Procambarus clarkii (alien),random_forest,snapping,5,0.9847323855855119,0.6666666666666666,1.0
Procambarus clarkii (alien),random_forest,snapping,5,0.9888051121149559,0.6666666666666666,0.8181818181818182
Procambarus clarkii (alien),xgboost,lowacc,3,0.7132757229923137,0.6666666666666666,0.6666666666666666
Procambarus clarkii (alien),xgboost,lowacc,3,0.7176401298948798,0.42857142857142855,0.42857142857142855
Procambarus clarkii (alien),xgboost,lowacc,3,0.7389849040052927,0.6666666666666666,0.5384615384615384
Procambarus clarkii (alien),xgboost,lowacc,3,0.7418760929902013,0.42857142857142855,0.6666666666666666
Procambarus clarkii (alien),xgboost,lowacc,3,0.6900621910415187,0.42857142857142855,0.5384615384615384
Procambarus clarkii (alien),xgboost,lowacc,3,0.7287403086881158,0.42857142857142855,0.6666666666666666
Procambarus clarkii (alien),xgboost,lowacc,3,0.7262315280380163,0.42857142857142855,0.5384615384615384
Procambarus clarkii (alien),xgboost,lowacc,3,0.7613831191962142,0.42857142857142855,0.42857142857142855
Procambarus clarkii (alien),xgboost,lowacc,3,0.7328462396804354,0.42857142857142855,0.5384615384615384
Procambarus clarkii (alien),xgboost,lowacc,3,0.7059516761354088,0.42857142857142855,0.5384615384615384
Procambarus clarkii (alien),xgboost,lowacc,3,0.7572519824800817,0.6666666666666666,0.6666666666666666
Procambarus clarkii (alien),xgboost,lowacc,3,0.6798191807409104,0.42857142857142855,0.5384615384615384
Procambarus clarkii (alien),xgboost,lowacc,3,0.7415050063777955,0.6666666666666666,0.42857142857142855
Procambarus clarkii (alien),xgboost,lowacc,3,0.7607700389313933,0.42857142857142855,0.6666666666666666
Procambarus clarkii (alien),xgboost,lowacc,3,0.7618219278580575,0.42857142857142855,0.6666666666666666
Procambarus clarkii (alien),xgboost,lowacc,3,0.7572696048742762,0.6666666666666666,0.42857142857142855
Procambarus clarkii (alien),xgboost,lowacc,3,0.7123537516519641,0.6666666666666666,0.5384615384615384
Procambarus clarkii (alien),xgboost,lowacc,3,0.7077801095229598,0.6666666666666666,0.42857142857142855
Procambarus clarkii (alien),xgboost,lowacc,3,0.7165704348502391,0.6666666666666666,0.6666666666666666
Procambarus clarkii (alien),xgboost,lowacc,3,0.7357419655326523,0.6666666666666666,0.5384615384615384
Procambarus clarkii (alien),xgboost,lowacc,3,0.7387798654234251,0.6666666666666666,0.5384615384615384
Procambarus clarkii (alien),xgboost,lowacc,3,0.7777635412264817,1.0,0.5384615384615384
Procambarus clarkii (alien),xgboost,lowacc,3,0.8036651758871096,0.6666666666666666,0.5384615384615384
Procambarus clarkii (alien),xgboost,lowacc,3,0.7455988098189932,0.6666666666666666,0.5384615384615384
Procambarus clarkii (alien),xgboost,lowacc,3,0.7222756884058995,0.42857142857142855,0.5384615384615384
Procambarus clarkii (alien),xgboost,lowacc,3,0.7039935305081739,0.42857142857142855,0.5384615384615384
Procambarus clarkii (alien),xgboost,lowacc,3,0.7283174081407084,0.6666666666666666,0.5384615384615384
Procambarus clarkii (alien),xgboost,lowacc,3,0.7813553646335258,0.42857142857142855,0.42857142857142855
Procambarus clarkii (alien),xgboost,lowacc,3,0.7454194343699104,0.6666666666666666,0.5384615384615384
Procambarus clarkii (alien),xgboost,lowacc,3,0.7213607489796041,0.42857142857142855,0.5384615384615384
Procambarus clarkii (alien),xgboost,lowacc,10,0.7043322033717698,0.6666666666666666,0.6666666666666666
Procambarus clarkii (alien),xgboost,lowacc,10,0.7119728853831433,0.6666666666666666,0.3333333333333333
Procambarus clarkii (alien),xgboost,lowacc,10,0.7266820563474873,0.42857142857142855,0.5384615384615384
Procambarus clarkii (alien),xgboost,lowacc,10,0.7411212418953264,0.6666666666666666,0.5384615384615384
Procambarus clarkii (alien),xgboost,lowacc,10,0.7082816761715843,0.42857142857142855,0.5384615384615384
Procambarus clarkii (alien),xgboost,lowacc,10,0.7434572482367092,0.42857142857142855,0.42857142857142855
Procambarus clarkii (alien),xgboost,lowacc,10,0.6857564664022341,0.42857142857142855,0.6666666666666666
Procambarus clarkii (alien),xgboost,lowacc,10,0.7295235701532587,0.42857142857142855,0.42857142857142855
Procambarus clarkii (alien),xgboost,lowacc,10,0.7076643464612821,0.6666666666666666,0.6666666666666666
Procambarus clarkii (alien),xgboost,lowacc,10,0.7259232047481211,0.42857142857142855,0.6666666666666666
Procambarus clarkii (alien),xgboost,lowacc,10,0.7359324234856249,0.6666666666666666,0.5384615384615384
Procambarus clarkii (alien),xgboost,lowacc,10,0.6988354210601271,0.6666666666666666,0.5384615384615384
Procambarus clarkii (alien),xgboost,lowacc,10,0.7109599674118012,0.6666666666666666,0.8181818181818182
Procambarus clarkii (alien),xgboost,lowacc,10,0.7585106009441358,0.42857142857142855,0.6666666666666666
Procambarus clarkii (alien),xgboost,lowacc,10,0.7446824011186065,0.42857142857142855,0.5384615384615384
Procambarus clarkii (alien),xgboost,lowacc,10,0.7264849639049394,0.6666666666666666,0.42857142857142855
Procambarus clarkii (alien),xgboost,lowacc,10,0.7386608859250802,0.42857142857142855,0.5384615384615384
Procambarus clarkii (alien),xgboost,lowacc,10,0.7072962492427166,0.6666666666666666,0.5384615384615384
Procambarus clarkii (alien),xgboost,lowacc,10,0.7271325280405976,0.6666666666666666,0.6666666666666666
Procambarus clarkii (alien),xgboost,lowacc,10,0.7531166842620546,0.6666666666666666,0.5384615384615384
Procambarus clarkii (alien),xgboost,lowacc,10,0.7219005778533725,0.6666666666666666,0.5384615384615384
Procambarus clarkii (alien),xgboost,lowacc,10,0.7385562532214586,0.6666666666666666,0.5384615384615384
Procambarus clarkii (alien),xgboost,lowacc,10,0.7069335238518734,0.6666666666666666,0.5384615384615384
Procambarus clarkii (alien),xgboost,lowacc,10,0.7067326003767883,0.42857142857142855,0.6666666666666666
Procambarus clarkii (alien),xgboost,lowacc,10,0.7133018326122941,0.42857142857142855,0.42857142857142855
Procambarus clarkii (alien),xgboost,lowacc,10,0.7131113605800201,0.6666666666666666,0.5384615384615384
Procambarus clarkii (alien),xgboost,lowacc,10,0.7145148285156242,0.6666666666666666,0.5384615384615384
Procambarus clarkii (alien),xgboost,lowacc,10,0.7293084587340903,0.6666666666666666,0.5384615384615384
Procambarus clarkii (alien),xgboost,lowacc,10,0.733321937124101,0.42857142857142855,0.5384615384615384
Procambarus clarkii (alien),xgboost,lowacc,10,0.6949432644599579,0.6666666666666666,0.6666666666666666
Procambarus clarkii (alien),xgboost,lowacc,20,0.708012874493114,0.6666666666666666,0.42857142857142855
Procambarus clarkii (alien),xgboost,lowacc,20,0.7080507911318542,0.6666666666666666,0.42857142857142855
Procambarus clarkii (alien),xgboost,lowacc,20,0.7637683293720905,0.6666666666666666,0.42857142857142855
Procambarus clarkii (alien),xgboost,lowacc,20,0.7073862916871915,0.6666666666666666,0.6666666666666666
Procambarus clarkii (alien),xgboost,lowacc,20,0.7236714630075076,0.42857142857142855,0.5384615384615384
Procambarus clarkii (alien),xgboost,lowacc,20,0.7053507779841697,0.42857142857142855,0.6666666666666666
Procambarus clarkii (alien),xgboost,lowacc,20,0.6501304548017333,0.42857142857142855,0.5384615384615384
Procambarus clarkii (alien),xgboost,lowacc,20,0.6801912571798129,0.42857142857142855,0.5384615384615384
Procambarus clarkii (alien),xgboost,lowacc,20,0.6927148041650963,0.6666666666666666,0.6666666666666666
Procambarus clarkii (alien),xgboost,lowacc,20,0.7164181584402902,0.6666666666666666,0.3333333333333333
Procambarus clarkii (alien),xgboost,lowacc,20,0.7613835342956689,0.6666666666666666,0.6666666666666666
Procambarus clarkii (alien),xgboost,lowacc,20,0.7084171563978618,0.6666666666666666,0.5384615384615384
Procambarus clarkii (alien),xgboost,lowacc,20,0.67296161399467,0.6666666666666666,0.42857142857142855
Procambarus clarkii (alien),xgboost,lowacc,20,0.7261900221871687,0.42857142857142855,0.5384615384615384
Procambarus clarkii (alien),xgboost,lowacc,20,0.7106730299769172,0.42857142857142855,0.6666666666666666
Procambarus clarkii (alien),xgboost,lowacc,20,0.7206090984212477,0.6666666666666666,0.5384615384615384
Procambarus clarkii (alien),xgboost,lowacc,20,0.696766549491557,0.6666666666666666,0.5384615384615384
Procambarus clarkii (alien),xgboost,lowacc,20,0.75296062624448,0.42857142857142855,0.6666666666666666
Procambarus clarkii (alien),xgboost,lowacc,20,0.716141948894759,0.6666666666666666,0.5384615384615384
Procambarus clarkii (alien),xgboost,lowacc,20,0.7146328907768975,0.42857142857142855,0.5384615384615384
Procambarus clarkii (alien),xgboost,lowacc,20,0.7056251016995336,0.42857142857142855,0.42857142857142855
Procambarus clarkii (alien),xgboost,lowacc,20,0.7049253452828597,0.42857142857142855,0.6666666666666666
Procambarus clarkii (alien),xgboost,lowacc,20,0.6984427442670136,0.42857142857142855,0.42857142857142855
Procambarus clarkii (alien),xgboost,lowacc,20,0.7176248287784851,0.42857142857142855,0.5384615384615384
Procambarus clarkii (alien),xgboost,lowacc,20,0.6873474249810199,0.6666666666666666,0.42857142857142855
Procambarus clarkii (alien),xgboost,lowacc,20,0.7178844835937335,0.42857142857142855,0.6666666666666666
Procambarus clarkii (alien),xgboost,lowacc,20,0.7001972373694829,0.42857142857142855,0.42857142857142855
Procambarus clarkii (alien),xgboost,lowacc,20,0.7369867957819244,0.42857142857142855,0.5384615384615384
Procambarus clarkii (alien),xgboost,lowacc,20,0.7454688262707199,0.6666666666666666,0.8181818181818182
Procambarus clarkii (alien),xgboost,lowacc,20,0.7263098841777967,0.42857142857142855,0.5384615384615384
Procambarus clarkii (alien),xgboost,snapping,1,0.7599156908565001,0.6666666666666666,0.42857142857142855
Procambarus clarkii (alien),xgboost,snapping,1,0.6857300300969371,0.42857142857142855,0.42857142857142855
Procambarus clarkii (alien),xgboost,snapping,1,0.7131048310208823,0.42857142857142855,0.5384615384615384
Procambarus clarkii (alien),xgboost,snapping,1,0.7408663817728391,0.42857142857142855,0.5384615384615384
Procambarus clarkii (alien),xgboost,snapping,1,0.758234795153779,0.42857142857142855,0.5384615384615384
Procambarus clarkii (alien),xgboost,snapping,1,0.7395000096712719,0.42857142857142855,0.5384615384615384
Procambarus clarkii (alien),xgboost,snapping,1,0.7919547751667301,0.42857142857142855,0.5384615384615384
Procambarus clarkii (alien),xgboost,snapping,1,0.7689805422592976,0.6666666666666666,0.5384615384615384
Procambarus clarkii (alien),xgboost,snapping,1,0.7858480160089079,0.42857142857142855,0.42857142857142855
Procambarus clarkii (alien),xgboost,snapping,1,0.7578367642209503,0.6666666666666666,0.5384615384615384
Procambarus clarkii (alien),xgboost,snapping,1,0.7681318321793718,0.42857142857142855,0.6666666666666666
Procambarus clarkii (alien),xgboost,snapping,1,0.7492516634671179,0.6666666666666666,0.5384615384615384
Procambarus clarkii (alien),xgboost,snapping,1,0.7833530128823789,0.42857142857142855,0.5384615384615384
Procambarus clarkii (alien),xgboost,snapping,1,0.7765458166006732,0.42857142857142855,0.42857142857142855
Procambarus clarkii (alien),xgboost,snapping,1,0.7471038143330219,0.42857142857142855,0.42857142857142855
Procambarus clarkii (alien),xgboost,snapping,1,0.7201375327951327,0.42857142857142855,0.5384615384615384
Procambarus clarkii (alien),xgboost,snapping,1,0.7890834899731367,0.6666666666666666,0.5384615384615384
Procambarus clarkii (alien),xgboost,snapping,1,0.7342070752722164,0.6666666666666666,0.5384615384615384
Procambarus clarkii (alien),xgboost,snapping,1,0.7126537610371766,0.6666666666666666,0.42857142857142855
Procambarus clarkii (alien),xgboost,snapping,1,0.70746439959865,0.42857142857142855,0.42857142857142855
Procambarus clarkii (alien),xgboost,snapping,1,0.740604706068294,0.42857142857142855,0.6666666666666666
Procambarus clarkii (alien),xgboost,snapping,1,0.7319680835224359,0.42857142857142855,0.5384615384615384
Procambarus clarkii (alien),xgboost,snapping,1,0.7849232543480248,0.6666666666666666,0.5384615384615384
Procambarus clarkii (alien),xgboost,snapping,1,0.723223693168598,0.6666666666666666,0.42857142857142855
Procambarus clarkii (alien),xgboost,snapping,1,0.7698229299004858,0.42857142857142855,0.42857142857142855
Procambarus clarkii (alien),xgboost,snapping,1,0.7521905952124609,0.42857142857142855,0.42857142857142855
Procambarus clarkii (alien),xgboost,snapping,1,0.7252161779529798,0.6666666666666666,0.5384615384615384
Procambarus clarkii (alien),xgboost,snapping,1,0.7431377234858301,0.6666666666666666,0.42857142857142855
Procambarus clarkii (alien),xgboost,snapping,1,0.796775241034193,0.42857142857142855,0.42857142857142855
Procambarus clarkii (alien),xgboost,snapping,1,0.7559942554941675,0.42857142857142855,0.6666666666666666
Procambarus clarkii (alien),xgboost,snapping,2,0.7554654157207209,0.42857142857142855,0.42857142857142855
Procambarus clarkii (alien),xgboost,snapping,2,0.7520416851312058,0.42857142857142855,0.3333333333333333
Procambarus clarkii (alien),xgboost,snapping,2,0.735826418466076,0.42857142857142855,0.5384615384615384
Procambarus clarkii (alien),xgboost,snapping,2,0.7329372055969057,0.42857142857142855,0.5384615384615384
Procambarus clarkii (alien),xgboost,snapping,2,0.7460914421683412,0.42857142857142855,0.5384615384615384
Procambarus clarkii (alien),xgboost,snapping,2,0.7652310075914326,0.6666666666666666,0.42857142857142855
Procambarus clarkii (alien),xgboost,snapping,2,0.7667475655881675,1.0,0.5384615384615384
Procambarus clarkii (alien),xgboost,snapping,2,0.7294523787004633,0.42857142857142855,0.3333333333333333
Procambarus clarkii (alien),xgboost,snapping,2,0.7216776030736117,0.42857142857142855,0.42857142857142855
Procambarus clarkii (alien),xgboost,snapping,2,0.7635180392569167,0.42857142857142855,0.6666666666666666
Procambarus clarkii (alien),xgboost,snapping,2,0.7723201194715634,0.42857142857142855,0.42857142857142855
Procambarus clarkii (alien),xgboost,snapping,2,0.6781868732773988,0.42857142857142855,0.42857142857142855
Procambarus clarkii (alien),xgboost,snapping,2,0.7638782586728008,0.42857142857142855,0.5384615384615384
Procambarus clarkii (alien),xgboost,snapping,2,0.7763245563590332,0.42857142857142855,0.3333333333333333
Procambarus clarkii (alien),xgboost,snapping,2,0.6920649487092313,0.6666666666666666,0.5384615384615384
Procambarus clarkii (alien),xgboost,snapping,2,0.7142605183743023,0.42857142857142855,0.5384615384615384
Procambarus clarkii (alien),xgboost,snapping,2,0.681762060935427,0.42857142857142855,0.5384615384615384
Procambarus clarkii (alien),xgboost,snapping,2,0.7500185326724623,0.42857142857142855,0.5384615384615384
Procambarus clarkii (alien),xgboost,snapping,2,0.7545511716707832,0.42857142857142855,0.5384615384615384
Procambarus clarkii (alien),xgboost,snapping,2,0.7037788758208695,0.6666666666666666,0.42857142857142855
Procambarus clarkii (alien),xgboost,snapping,2,0.7520507360666255,0.6666666666666666,0.42857142857142855
Procambarus clarkii (alien),xgboost,snapping,2,0.7941838863029712,0.6666666666666666,0.5384615384615384
Procambarus clarkii (alien),xgboost,snapping,2,0.7150959050671271,0.42857142857142855,0.5384615384615384
Procambarus clarkii (alien),xgboost,snapping,2,0.744850462072732,0.6666666666666666,0.5384615384615384
Procambarus clarkii (alien),xgboost,snapping,2,0.776342596261257,0.6666666666666666,0.5384615384615384
Procambarus clarkii (alien),xgboost,snapping,2,0.7620680804090735,0.42857142857142855,0.42857142857142855
Procambarus clarkii (alien),xgboost,snapping,2,0.7319847007423106,0.42857142857142855,0.5384615384615384
Procambarus clarkii (alien),xgboost,snapping,2,0.7285947633058197,0.42857142857142855,0.5384615384615384
Procambarus clarkii (alien),xgboost,snapping,2,0.7551439922570644,0.6666666666666666,0.42857142857142855
Procambarus clarkii (alien),xgboost,snapping,2,0.7060196555640795,0.42857142857142855,0.5384615384615384
Procambarus clarkii (alien),xgboost,snapping,5,0.7748617857237209,0.42857142857142855,0.6666666666666666
Procambarus clarkii (alien),xgboost,snapping,5,0.7075509962879273,0.42857142857142855,0.42857142857142855
Procambarus clarkii (alien),xgboost,snapping,5,0.7472376932451498,0.42857142857142855,0.5384615384615384
Procambarus clarkii (alien),xgboost,snapping,5,0.7442478419022445,0.6666666666666666,0.42857142857142855
Procambarus clarkii (alien),xgboost,snapping,5,0.7246360796720891,0.42857142857142855,0.5384615384615384
Procambarus clarkii (alien),xgboost,snapping,5,0.718810784206333,0.42857142857142855,0.5384615384615384
Procambarus clarkii (alien),xgboost,snapping,5,0.7208008159488345,0.42857142857142855,0.42857142857142855
Procambarus clarkii (alien),xgboost,snapping,5,0.6783973392087591,0.42857142857142855,0.6666666666666666
Procambarus clarkii (alien),xgboost,snapping,5,0.7432882450002292,0.42857142857142855,0.5384615384615384
Procambarus clarkii (alien),xgboost,snapping,5,0.7397633807065075,0.42857142857142855,0.6666666666666666
Procambarus clarkii (alien),xgboost,snapping,5,0.768932329996538,0.42857142857142855,0.5384615384615384
Procambarus clarkii (alien),xgboost,snapping,5,0.7830590923847331,0.6666666666666666,0.6666666666666666
Procambarus clarkii (alien),xgboost,snapping,5,0.7623903783701641,0.42857142857142855,0.5384615384615384
Procambarus clarkii (alien),xgboost,snapping,5,0.7404199267280518,0.42857142857142855,0.5384615384615384
Procambarus clarkii (alien),xgboost,snapping,5,0.6862957487985973,0.42857142857142855,0.5384615384615384
Procambarus clarkii (alien),xgboost,snapping,5,0.7545699014061824,0.42857142857142855,0.5384615384615384
Procambarus clarkii (alien),xgboost,snapping,5,0.7253805832048208,0.42857142857142855,0.5384615384615384
Procambarus clarkii (alien),xgboost,snapping,5,0.7397281644141435,0.42857142857142855,0.6666666666666666
Procambarus clarkii (alien),xgboost,snapping,5,0.7234323997302646,0.42857142857142855,0.5384615384615384
Procambarus clarkii (alien),xgboost,snapping,5,0.7033552910648047,0.42857142857142855,0.5384615384615384
Procambarus clarkii (alien),xgboost,snapping,5,0.7644615445370421,0.42857142857142855,0.5384615384615384
Procambarus clarkii (alien),xgboost,snapping,5,0.7584863178078565,0.6666666666666666,0.5384615384615384
Procambarus clarkii (alien),xgboost,snapping,5,0.7384131105233903,0.6666666666666666,0.5384615384615384
Procambarus clarkii (alien),xgboost,snapping,5,0.747260399191071,0.42857142857142855,0.5384615384615384
Procambarus clarkii (alien),xgboost,snapping,5,0.6983792290373181,0.42857142857142855,0.6666666666666666
Procambarus clarkii (alien),xgboost,snapping,5,0.7380469312523067,0.6666666666666666,0.5384615384615384
Procambarus clarkii (alien),xgboost,snapping,5,0.7504924489398004,0.42857142857142855,0.42857142857142855
Procambarus clarkii (alien),xgboost,snapping,5,0.7230448375935479,0.42857142857142855,0.5384615384615384
Procambarus clarkii (alien),xgboost,snapping,5,0.7561240896623473,0.42857142857142855,0.42857142857142855
Procambarus clarkii (alien),xgboost,snapping,5,0.7470175173823899,0.42857142857142855,0.5384615384615384
Procambarus clarkii (native),random_forest,lowacc,3,0.9760775430850581,1.0,1.0
Procambarus clarkii (native),random_forest,lowacc,3,0.9833783029146441,1.0,0.8181818181818182
Procambarus clarkii (native),random_forest,lowacc,3,0.9792079331031731,0.6666666666666666,1.0
Procambarus clarkii (native),random_forest,lowacc,3,0.9737265963351239,1.0,0.8181818181818182
Procambarus clarkii (native),random_forest,lowacc,3,0.9783996848254912,0.6666666666666666,1.0
Procambarus clarkii (native),random_forest,lowacc,3,0.9808268209256307,0.6666666666666666,0.8181818181818182
Procambarus clarkii (native),random_forest,lowacc,3,0.9781799675435437,0.6666666666666666,1.0
Procambarus clarkii (native),random_forest,lowacc,3,0.9795062824604417,1.0,0.8181818181818182
Procambarus clarkii (native),random_forest,lowacc,3,0.9718149555781936,1.0,0.8181818181818182
Procambarus clarkii (native),random_forest,lowacc,3,0.978513307374695,1.0,1.0
Procambarus clarkii (native),random_forest,lowacc,3,0.9763088592097586,0.6666666666666666,0.8181818181818182
Procambarus clarkii (native),random_forest,lowacc,3,0.975136234961347,0.6666666666666666,0.8181818181818182
Procambarus clarkii (native),random_forest,lowacc,3,0.9790102550234245,0.6666666666666666,1.0
Procambarus clarkii (native),random_forest,lowacc,3,0.977115089701611,0.6666666666666666,0.8181818181818182
Procambarus clarkii (native),random_forest,lowacc,3,0.982845847441773,1.0,0.8181818181818182
Procambarus clarkii (native),random_forest,lowacc,3,0.9789467433548754,0.6666666666666666,1.0
Procambarus clarkii (native),random_forest,lowacc,3,0.9782708328683792,0.6666666666666666,1.0
Procambarus clarkii (native),random_forest,lowacc,3,0.9719602088146634,0.6666666666666666,1.0
Procambarus clarkii (native),random_forest,lowacc,3,0.9794434568923671,0.6666666666666666,0.8181818181818182
Procambarus clarkii (native),random_forest,lowacc,3,0.9773996416399119,1.0,1.0
Procambarus clarkii (native),random_forest,lowacc,3,0.9754839331491991,0.6666666666666666,1.0
Procambarus clarkii (native),random_forest,lowacc,3,0.9787360563966766,0.6666666666666666,0.8181818181818182
Procambarus clarkii (native),random_forest,lowacc,3,0.9834629461962411,0.6666666666666666,1.0
Procambarus clarkii (native),random_forest,lowacc,3,0.9767962640004336,0.6666666666666666,1.0
Procambarus clarkii (native),random_forest,lowacc,3,0.9764962362188795,0.6666666666666666,0.8181818181818182
Procambarus clarkii (native),random_forest,lowacc,3,0.9737215886447039,0.6666666666666666,0.8181818181818182
Procambarus clarkii (native),random_forest,lowacc,3,0.9827886475741754,0.6666666666666666,1.0
Procambarus clarkii (native),random_forest,lowacc,3,0.9743815987630863,0.6666666666666666,0.8181818181818182
Procambarus clarkii (native),random_forest,lowacc,3,0.9782349649769967,0.6666666666666666,0.8181818181818182
Procambarus clarkii (native),random_forest,lowacc,3,0.9808741495952135,1.0,0.8181818181818182
Procambarus clarkii (native),random_forest,lowacc,10,0.9799611822376992,0.6666666666666666,0.8181818181818182
Procambarus clarkii (native),random_forest,lowacc,10,0.9816148754909668,0.6666666666666666,0.8181818181818182
Procambarus clarkii (native),random_forest,lowacc,10,0.9769007199808967,1.0,0.8181818181818182
Procambarus clarkii (native),random_forest,lowacc,10,0.9809841415690255,0.6666666666666666,0.8181818181818182
Procambarus clarkii (native),random_forest,lowacc,10,0.9786196813981148,0.6666666666666666,0.8181818181818182
Procambarus clarkii (native),random_forest,lowacc,10,0.9754722846285048,1.0,0.8181818181818182
Procambarus clarkii (native),random_forest,lowacc,10,0.9759238771755869,0.6666666666666666,0.8181818181818182
Procambarus clarkii (native),random_forest,lowacc,10,0.978749236488819,0.6666666666666666,0.8181818181818182
Procambarus clarkii (native),random_forest,lowacc,10,0.9812864628987875,1.0,0.8181818181818182
Procambarus clarkii (native),random_forest,lowacc,10,0.9737303372804613,0.6666666666666666,1.0
Procambarus clarkii (native),random_forest,lowacc,10,0.9724275548300501,0.6666666666666666,0.8181818181818182
Procambarus clarkii (native),random_forest,lowacc,10,0.9755368511818217,0.6666666666666666,1.0
Procambarus clarkii (native),random_forest,lowacc,10,0.9728011424042495,0.6666666666666666,0.8181818181818182
Procambarus clarkii (native),random_forest,lowacc,10,0.9801516865161666,0.6666666666666666,1.0
Procambarus clarkii (native),random_forest,lowacc,10,0.979728894439762,1.0,0.8181818181818182
Procambarus clarkii (native),random_forest,lowacc,10,0.9780712841446185,0.6666666666666666,1.0
Procambarus clarkii (native),random_forest,lowacc,10,0.9746310389573124,0.6666666666666666,0.8181818181818182
Procambarus clarkii (native),random_forest,lowacc,10,0.9774100034752,1.0,0.8181818181818182
Procambarus clarkii (native),random_forest,lowacc,10,0.9809214700415431,0.6666666666666666,0.8181818181818182
Procambarus clarkii (native),random_forest,lowacc,10,0.9789732266305726,0.6666666666666666,0.8181818181818182
Procambarus clarkii (native),random_forest,lowacc,10,0.973494398927213,0.6666666666666666,0.8181818181818182
Procambarus clarkii (native),random_forest,lowacc,10,0.9843966701843769,0.6666666666666666,0.8181818181818182
Procambarus clarkii (native),random_forest,lowacc,10,0.9760243072714578,1.0,1.0
Procambarus clarkii (native),random_forest,lowacc,10,0.971709887941401,0.6666666666666666,0.8181818181818182
Procambarus clarkii (native),random_forest,lowacc,10,0.9777774500958072,0.6666666666666666,0.8181818181818182
Procambarus clarkii (native),random_forest,lowacc,10,0.9746820615837671,0.6666666666666666,0.8181818181818182
Procambarus clarkii (native),random_forest,lowacc,10,0.9787408389308638,0.6666666666666666,0.8181818181818182
Procambarus clarkii (native),random_forest,lowacc,10,0.9770489839181427,1.0,0.8181818181818182
Procambarus clarkii (native),random_forest,lowacc,10,0.9762450940695231,1.0,0.8181818181818182
Procambarus clarkii (native),random_forest,lowacc,10,0.975359587260325,0.6666666666666666,0.8181818181818182
Procambarus clarkii (native),random_forest,lowacc,20,0.9776264064198744,0.6666666666666666,0.8181818181818182
Procambarus clarkii (native),random_forest,lowacc,20,0.9727818498904833,1.0,0.8181818181818182
Procambarus clarkii (native),random_forest,lowacc,20,0.9763208151735528,0.6666666666666666,0.8181818181818182
Procambarus clarkii (native),random_forest,lowacc,20,0.9739140796617899,0.6666666666666666,0.8181818181818182
Procambarus clarkii (native),random_forest,lowacc,20,0.9746501780225174,1.0,0.8181818181818182
Procambarus clarkii (native),random_forest,lowacc,20,0.9731470915911569,0.6666666666666666,0.8181818181818182
Procambarus clarkii (native),random_forest,lowacc,20,0.9799814611121005,0.6666666666666666,0.8181818181818182
Procambarus clarkii (native),random_forest,lowacc,20,0.9766365238883787,0.6666666666666666,0.8181818181818182
Procambarus clarkii (native),random_forest,lowacc,20,0.9765667275631221,0.6666666666666666,0.8181818181818182
Procambarus clarkii (native),random_forest,lowacc,20,0.9765185547117545,1.0,1.0
Procambarus clarkii (native),random_forest,lowacc,20,0.977899508762452,0.6666666666666666,0.8181818181818182
Procambarus clarkii (native),random_forest,lowacc,20,0.971133421216667,0.6666666666666666,0.8181818181818182
Procambarus clarkii (native),random_forest,lowacc,20,0.9726470687713811,0.6666666666666666,0.8181818181818182
Procambarus clarkii (native),random_forest,lowacc,20,0.9769920255963135,0.6666666666666666,0.8181818181818182
Procambarus clarkii (native),random_forest,lowacc,20,0.9795058839283153,0.6666666666666666,0.8181818181818182
Procambarus clarkii (native),random_forest,lowacc,20,0.9778034622301205,0.6666666666666666,0.8181818181818182
Procambarus clarkii (native),random_forest,lowacc,20,0.9768385084058397,1.0,0.8181818181818182
Procambarus clarkii (native),random_forest,lowacc,20,0.9769313663913075,0.6666666666666666,1.0
Procambarus clarkii (native),random_forest,lowacc,20,0.9729124841864495,0.6666666666666666,0.8181818181818182
Procambarus clarkii (native),random_forest,lowacc,20,0.9745352724874687,0.6666666666666666,0.8181818181818182
Procambarus clarkii (native),random_forest,lowacc,20,0.9737558624075804,0.6666666666666666,0.8181818181818182
Procambarus clarkii (native),random_forest,lowacc,20,0.9773921642899983,0.6666666666666666,0.8181818181818182
Procambarus clarkii (native),random_forest,lowacc,20,0.9779647601952489,0.6666666666666666,0.8181818181818182
Procambarus clarkii (native),random_forest,lowacc,20,0.9770398509381882,0.6666666666666666,0.8181818181818182
Procambarus clarkii (native),random_forest,lowacc,20,0.9684990419684041,0.6666666666666666,0.8181818181818182
Procambarus clarkii (native),random_forest,lowacc,20,0.9756273692734919,1.0,0.8181818181818182
Procambarus clarkii (native),random_forest,lowacc,20,0.976151893757382,0.6666666666666666,0.8181818181818182
Procambarus clarkii (native),random_forest,lowacc,20,0.9662751378115972,0.6666666666666666,1.0
Procambarus clarkii (native),random_forest,lowacc,20,0.979735438433163,0.6666666666666666,1.0
Procambarus clarkii (native),random_forest,lowacc,20,0.9744477141791353,1.0,0.6666666666666666
Procambarus clarkii (native),random_forest,snapping,1,0.9837537318483602,0.6666666666666666,1.0
Procambarus clarkii (native),random_forest,snapping,1,0.9765360906704418,1.0,0.8181818181818182
Procambarus clarkii (native),random_forest,snapping,1,0.9811448594490972,0.42857142857142855,0.8181818181818182
Procambarus clarkii (native),random_forest,snapping,1,0.9775718075185477,0.6666666666666666,0.8181818181818182
Procambarus clarkii (native),random_forest,snapping,1,0.9752411204252717,0.6666666666666666,0.8181818181818182
Procambarus clarkii (native),random_forest,snapping,1,0.9803887502325207,1.0,1.0
Procambarus clarkii (native),random_forest,snapping,1,0.9775244810691849,1.0,0.8181818181818182
Procambarus clarkii (native),random_forest,snapping,1,0.9806182986996068,0.6666666666666666,1.0
Procambarus clarkii (native),random_forest,snapping,1,0.979873172787297,0.6666666666666666,0.8181818181818182
Procambarus clarkii (native),random_forest,snapping,1,0.977904980376278,0.6666666666666666,1.0
Procambarus clarkii (native),random_forest,snapping,1,0.9758846586092426,0.6666666666666666,0.8181818181818182
Procambarus clarkii (native),random_forest,snapping,1,0.9811557355562696,1.0,0.8181818181818182
Procambarus clarkii (native),random_forest,snapping,1,0.9813849629046298,0.6666666666666666,0.8181818181818182
Procambarus clarkii (native),random_forest,snapping,1,0.9720430832412336,1.0,0.8181818181818182
Procambarus clarkii (native),random_forest,snapping,1,0.9758557281819602,0.6666666666666666,1.0
Procambarus clarkii (native),random_forest,snapping,1,0.9830650469253649,0.6666666666666666,0.8181818181818182
Procambarus clarkii (native),random_forest,snapping,1,0.9747155393230795,0.6666666666666666,0.8181818181818182
Procambarus clarkii (native),random_forest,snapping,1,0.977910829091312,0.6666666666666666,1.0
Procambarus clarkii (native),random_forest,snapping,1,0.9815483610764831,0.6666666666666666,0.8181818181818182
Procambarus clarkii (native),random_forest,snapping,1,0.9755110341762614,0.6666666666666666,1.0
Procambarus clarkii (native),random_forest,snapping,1,0.9802373120077069,0.6666666666666666,0.8181818181818182
Procambarus clarkii (native),random_forest,snapping,1,0.9764511454615055,1.0,0.8181818181818182
Procambarus clarkii (native),random_forest,snapping,1,0.9714777636781646,0.6666666666666666,0.8181818181818182
Procambarus clarkii (native),random_forest,snapping,1,0.9811490318857584,0.42857142857142855,1.0
Procambarus clarkii (native),random_forest,snapping,1,0.974169421452404,0.6666666666666666,0.8181818181818182
Procambarus clarkii (native),random_forest,snapping,1,0.9718326441044973,0.6666666666666666,0.8181818181818182
Procambarus clarkii (native),random_forest,snapping,1,0.9827866003934309,0.6666666666666666,0.8181818181818182
Procambarus clarkii (native),random_forest,snapping,1,0.9773554045738736,0.6666666666666666,0.8181818181818182
Procambarus clarkii (native),random_forest,snapping,1,0.9825780255272747,1.0,0.8181818181818182
Procambarus clarkii (native),random_forest,snapping,1,0.974708786513847,0.6666666666666666,0.8181818181818182
Procambarus clarkii (native),random_forest,snapping,2,0.9736851462021304,1.0,1.0
Procambarus clarkii (native),random_forest,snapping,2,0.9778747981062442,0.6666666666666666,1.0
Procambarus clarkii (native),random_forest,snapping,2,0.9832787875696236,0.6666666666666666,0.8181818181818182
Procambarus clarkii (native),random_forest,snapping,2,0.9819756607701625,0.6666666666666666,0.8181818181818182
Procambarus clarkii (native),random_forest,snapping,2,0.9774382992561796,1.0,1.0
Procambarus clarkii (native),random_forest,snapping,2,0.9781856741036956,0.6666666666666666,0.8181818181818182
Procambarus clarkii (native),random_forest,snapping,2,0.9746139020758743,1.0,0.8181818181818182
Procambarus clarkii (native),random_forest,snapping,2,0.9766779255160566,0.6666666666666666,0.8181818181818182
Procambarus clarkii (native),random_forest,snapping,2,0.9769170992273767,0.6666666666666666,1.0
Procambarus clarkii (native),random_forest,snapping,2,0.9807473115022748,0.6666666666666666,0.8181818181818182
Procambarus clarkii (native),random_forest,snapping,2,0.9811892145098413,0.6666666666666666,0.8181818181818182
Procambarus clarkii (native),random_forest,snapping,2,0.9752164826510995,1.0,0.8181818181818182
Procambarus clarkii (native),random_forest,snapping,2,0.9743144833309099,1.0,0.8181818181818182
Procambarus clarkii (native),random_forest,snapping,2,0.9744284605211646,1.0,0.8181818181818182
Procambarus clarkii (native),random_forest,snapping,2,0.9791983680347982,0.6666666666666666,0.8181818181818182
Procambarus clarkii (native),random_forest,snapping,2,0.9746055410367679,0.42857142857142855,0.8181818181818182
Procambarus clarkii (native),random_forest,snapping,2,0.9759840555266842,0.6666666666666666,1.0
Procambarus clarkii (native),random_forest,snapping,2,0.9766827550521907,1.0,0.8181818181818182
Procambarus clarkii (native),random_forest,snapping,2,0.9803543588255739,0.6666666666666666,0.8181818181818182
Procambarus clarkii (native),random_forest,snapping,2,0.9744851805930499,0.6666666666666666,1.0
Procambarus clarkii (native),random_forest,snapping,2,0.9771190750228756,0.6666666666666666,1.0
Procambarus clarkii (native),random_forest,snapping,2,0.9793510605351672,1.0,0.8181818181818182
Procambarus clarkii (native),random_forest,snapping,2,0.9798735024442623,1.0,0.8181818181818182
Procambarus clarkii (native),random_forest,snapping,2,0.9780075170221191,0.6666666666666666,1.0
Procambarus clarkii (native),random_forest,snapping,2,0.9801678457903849,0.6666666666666666,0.8181818181818182
Procambarus clarkii (native),random_forest,snapping,2,0.9789022644994799,1.0,0.8181818181818182
Procambarus clarkii (native),random_forest,snapping,2,0.9803605238423526,0.6666666666666666,1.0
Procambarus clarkii (native),random_forest,snapping,2,0.9787578391269277,0.6666666666666666,0.8181818181818182
Procambarus clarkii (native),random_forest,snapping,2,0.976623322937017,1.0,1.0
Procambarus clarkii (native),random_forest,snapping,2,0.9819357154626955,0.6666666666666666,0.8181818181818182
Procambarus clarkii (native),random_forest,snapping,5,0.973938788653631,0.6666666666666666,0.8181818181818182
Procambarus clarkii (native),random_forest,snapping,5,0.9789305461203001,0.6666666666666666,0.8181818181818182
Procambarus clarkii (native),random_forest,snapping,5,0.9759154822043585,0.6666666666666666,1.0
Procambarus clarkii (native),random_forest,snapping,5,0.9780277282712315,0.6666666666666666,1.0
Procambarus clarkii (native),random_forest,snapping,5,0.9769787917143576,1.0,0.8181818181818182
Procambarus clarkii (native),random_forest,snapping,5,0.974501919462706,0.6666666666666666,1.0
Procambarus clarkii (native),random_forest,snapping,5,0.976920017840996,1.0,0.8181818181818182
Procambarus clarkii (native),random_forest,snapping,5,0.9737542499513987,0.6666666666666666,0.8181818181818182
Procambarus clarkii (native),random_forest,snapping,5,0.9819961505344662,0.6666666666666666,1.0
Procambarus clarkii (native),random_forest,snapping,5,0.9845206136757096,0.6666666666666666,0.8181818181818182
Procambarus clarkii (native),random_forest,snapping,5,0.9793956342950575,0.6666666666666666,0.8181818181818182
Procambarus clarkii (native),random_forest,snapping,5,0.9785270890257005,0.6666666666666666,0.8181818181818182
Procambarus clarkii (native),random_forest,snapping,5,0.9775718932882147,0.42857142857142855,1.0
Procambarus clarkii (native),random_forest,snapping,5,0.9783969390545749,1.0,0.8181818181818182
Procambarus clarkii (native),random_forest,snapping,5,0.9732273741017462,0.6666666666666666,0.8181818181818182
Procambarus clarkii (native),random_forest,snapping,5,0.9766580452922222,0.6666666666666666,0.8181818181818182
Procambarus clarkii (native),random_forest,snapping,5,0.9825947643969308,1.0,0.8181818181818182
Procambarus clarkii (native),random_forest,snapping,5,0.974334132523091,0.6666666666666666,1.0
Procambarus clarkii (native),random_forest,snapping,5,0.9715579577300886,0.6666666666666666,1.0
Procambarus clarkii (native),random_forest,snapping,5,0.9761981249211943,0.6666666666666666,0.8181818181818182
Procambarus clarkii (native),random_forest,snapping,5,0.9827175161077426,0.6666666666666666,0.8181818181818182
Procambarus clarkii (native),random_forest,snapping,5,0.9800408911408236,0.6666666666666666,0.8181818181818182
Procambarus clarkii (native),random_forest,snapping,5,0.9739535222092097,0.6666666666666666,0.8181818181818182
Procambarus clarkii (native),random_forest,snapping,5,0.9799838522419658,1.0,0.8181818181818182
Procambarus clarkii (native),random_forest,snapping,5,0.9797669224711543,0.6666666666666666,0.8181818181818182
Procambarus clarkii (native),random_forest,snapping,5,0.9806014487439862,0.6666666666666666,0.8181818181818182
Procambarus clarkii (native),random_forest,snapping,5,0.9751553640002708,0.6666666666666666,0.8181818181818182
Procambarus clarkii (native),random_forest,snapping,5,0.9816172668447936,0.6666666666666666,1.0
Procambarus clarkii (native),random_forest,snapping,5,0.9798738602681538,1.0,0.8181818181818182
Procambarus clarkii (native),random_forest,snapping,5,0.9835990965762987,0.6666666666666666,1.0
Procambarus clarkii (native),xgboost,lowacc,3,0.56542643642373,1.0,0.8181818181818182
Procambarus clarkii (native),xgboost,lowacc,3,0.4789416329365554,0.6666666666666666,0.6666666666666666
Procambarus clarkii (native),xgboost,lowacc,3,0.577688390284876,0.42857142857142855,0.6666666666666666
Procambarus clarkii (native),xgboost,lowacc,3,0.5126252260940397,0.6666666666666666,0.6666666666666666
Procambarus clarkii (native),xgboost,lowacc,3,0.5794597593785675,0.42857142857142855,0.5384615384615384
Procambarus clarkii (native),xgboost,lowacc,3,0.5557152478295914,0.6666666666666666,0.6666666666666666
Procambarus clarkii (native),xgboost,lowacc,3,0.5333883662407608,0.42857142857142855,0.5384615384615384
Procambarus clarkii (native),xgboost,lowacc,3,0.5758312775928276,0.6666666666666666,0.42857142857142855
Procambarus clarkii (native),xgboost,lowacc,3,0.5673320879138425,0.42857142857142855,0.6666666666666666
Procambarus clarkii (native),xgboost,lowacc,3,0.6010922722040904,0.6666666666666666,0.5384615384615384
Procambarus clarkii (native),xgboost,lowacc,3,0.5106243862716451,0.6666666666666666,0.42857142857142855
Procambarus clarkii (native),xgboost,lowacc,3,0.5256759993293895,0.6666666666666666,0.6666666666666666
Procambarus clarkii (native),xgboost,lowacc,3,0.5312500492536705,0.6666666666666666,0.5384615384615384
Procambarus clarkii (native),xgboost,lowacc,3,0.5325061781229532,0.6666666666666666,0.42857142857142855
Procambarus clarkii (native),xgboost,lowacc,3,0.5356641039765605,0.6666666666666666,0.6666666666666666
Procambarus clarkii (native),xgboost,lowacc,3,0.6024694143024204,0.6666666666666666,0.5384615384615384
Procambarus clarkii (native),xgboost,lowacc,3,0.63237760346229,0.42857142857142855,0.6666666666666666
Procambarus clarkii (native),xgboost,lowacc,3,0.5735915534095578,0.42857142857142855,0.6666666666666666
Procambarus clarkii (native),xgboost,lowacc,3,0.532153032457885,0.42857142857142855,0.5384615384615384
Procambarus clarkii (native),xgboost,lowacc,3,0.544037309069974,0.42857142857142855,0.42857142857142855
Procambarus clarkii (native),xgboost,lowacc,3,0.4393362903417355,0.6666666666666666,0.6666666666666666
Procambarus clarkii (native),xgboost,lowacc,3,0.5892707670436675,0.6666666666666666,0.6666666666666666
Procambarus clarkii (native),xgboost,lowacc,3,0.6122103159292501,0.6666666666666666,0.42857142857142855
Procambarus clarkii (native),xgboost,lowacc,3,0.544389527605283,1.0,0.42857142857142855
Procambarus clarkii (native),xgboost,lowacc,3,0.514837656375989,0.6666666666666666,0.5384615384615384
Procambarus clarkii (native),xgboost,lowacc,3,0.5494610559671644,0.6666666666666666,0.6666666666666666
Procambarus clarkii (native),xgboost,lowacc,3,0.5822556887255113,0.6666666666666666,0.8181818181818182
Procambarus clarkii (native),xgboost,lowacc,3,0.5669149860211224,0.6666666666666666,0.42857142857142855
Procambarus clarkii (native),xgboost,lowacc,3,0.6211035994395951,0.6666666666666666,0.5384615384615384
Procambarus clarkii (native),xgboost,lowacc,3,0.5679043463196111,0.6666666666666666,0.6666666666666666
Procambarus clarkii (native),xgboost,lowacc,10,0.5710451735065782,0.6666666666666666,0.5384615384615384
Procambarus clarkii (native),xgboost,lowacc,10,0.59964070565157,0.6666666666666666,0.5384615384615384
Procambarus clarkii (native),xgboost,lowacc,10,0.5255581143374597,0.6666666666666666,0.6666666666666666
Procambarus clarkii (native),xgboost,lowacc,10,0.6188338161345199,0.6666666666666666,0.6666666666666666
Procambarus clarkii (native),xgboost,lowacc,10,0.5813384654636312,0.6666666666666666,0.42857142857142855
Procambarus clarkii (native),xgboost,lowacc,10,0.4463678842696768,0.6666666666666666,0.5384615384615384
Procambarus clarkii (native),xgboost,lowacc,10,0.5791731532265145,0.6666666666666666,0.6666666666666666
Procambarus clarkii (native),xgboost,lowacc,10,0.5646258543896177,0.6666666666666666,0.5384615384615384
Procambarus clarkii (native),xgboost,lowacc,10,0.5504067955562966,0.6666666666666666,0.5384615384615384
Procambarus clarkii (native),xgboost,lowacc,10,0.5205167386522328,0.42857142857142855,0.5384615384615384
Procambarus clarkii (native),xgboost,lowacc,10,0.6284261266425546,0.6666666666666666,0.5384615384615384
Procambarus clarkii (native),xgboost,lowacc,10,0.5459201505147403,1.0,0.6666666666666666
Procambarus clarkii (native),xgboost,lowacc,10,0.5116865853950614,0.42857142857142855,0.6666666666666666
Procambarus clarkii (native),xgboost,lowacc,10,0.5243742065525532,0.42857142857142855,0.5384615384615384
Procambarus clarkii (native),xgboost,lowacc,10,0.571688068997452,0.6666666666666666,0.5384615384615384
Procambarus clarkii (native),xgboost,lowacc,10,0.585829437039589,0.42857142857142855,0.5384615384615384
Procambarus clarkii (native),xgboost,lowacc,10,0.5388756562820177,0.42857142857142855,0.42857142857142855
Procambarus clarkii (native),xgboost,lowacc,10,0.5293810519906322,0.6666666666666666,0.5384615384615384
Procambarus clarkii (native),xgboost,lowacc,10,0.5112139298281374,0.42857142857142855,0.42857142857142855
Procambarus clarkii (native),xgboost,lowacc,10,0.5300222914686877,0.6666666666666666,0.42857142857142855
Procambarus clarkii (native),xgboost,lowacc,10,0.529195813574689,0.42857142857142855,0.5384615384615384
Procambarus clarkii (native),xgboost,lowacc,10,0.5204971299467503,0.6666666666666666,0.8181818181818182
Procambarus clarkii (native),xgboost,lowacc,10,0.5600431905092648,0.42857142857142855,0.5384615384615384
Procambarus clarkii (native),xgboost,lowacc,10,0.47846505160082325,0.6666666666666666,0.42857142857142855
Procambarus clarkii (native),xgboost,lowacc,10,0.5652529849650215,0.6666666666666666,0.5384615384615384
Procambarus clarkii (native),xgboost,lowacc,10,0.4748700464981167,0.6666666666666666,0.6666666666666666
Procambarus clarkii (native),xgboost,lowacc,10,0.4934994680135707,0.6666666666666666,0.5384615384615384
Procambarus clarkii (native),xgboost,lowacc,10,0.581791900893256,0.6666666666666666,0.5384615384615384
Procambarus clarkii (native),xgboost,lowacc,10,0.5438775549210835,0.6666666666666666,0.5384615384615384
Procambarus clarkii (native),xgboost,lowacc,10,0.4808033754061584,1.0,0.6666666666666666
Procambarus clarkii (native),xgboost,lowacc,20,0.5881509512290534,0.6666666666666666,0.5384615384615384
Procambarus clarkii (native),xgboost,lowacc,20,0.5178803717662184,1.0,0.5384615384615384
Procambarus clarkii (native),xgboost,lowacc,20,0.5469778618702049,0.42857142857142855,0.5384615384615384
Procambarus clarkii (native),xgboost,lowacc,20,0.5769482012570804,0.6666666666666666,0.5384615384615384
Procambarus clarkii (native),xgboost,lowacc,20,0.5213495294648881,0.6666666666666666,0.42857142857142855
Procambarus clarkii (native),xgboost,lowacc,20,0.49285798972021005,1.0,0.5384615384615384
Procambarus clarkii (native),xgboost,lowacc,20,0.6182980683416096,0.6666666666666666,0.6666666666666666
Procambarus clarkii (native),xgboost,lowacc,20,0.48196176956481934,0.6666666666666666,0.5384615384615384
Procambarus clarkii (native),xgboost,lowacc,20,0.5311576048729932,0.6666666666666666,0.42857142857142855
Procambarus clarkii (native),xgboost,lowacc,20,0.5288989214347871,0.6666666666666666,0.5384615384615384
Procambarus clarkii (native),xgboost,lowacc,20,0.6731580004204745,0.6666666666666666,0.5384615384615384
Procambarus clarkii (native),xgboost,lowacc,20,0.6177365826297452,0.42857142857142855,0.5384615384615384
Procambarus clarkii (native),xgboost,lowacc,20,0.5297391804181736,0.6666666666666666,0.5384615384615384
Procambarus clarkii (native),xgboost,lowacc,20,0.5234879430962172,0.6666666666666666,0.42857142857142855
Procambarus clarkii (native),xgboost,lowacc,20,0.5252657821296628,0.6666666666666666,0.5384615384615384
Procambarus clarkii (native),xgboost,lowacc,20,0.5426589045066101,0.6666666666666666,0.5384615384615384
Procambarus clarkii (native),xgboost,lowacc,20,0.525491045255825,0.6666666666666666,0.5384615384615384
Procambarus clarkii (native),xgboost,lowacc,20,0.5488207059258434,0.6666666666666666,0.5384615384615384
Procambarus clarkii (native),xgboost,lowacc,20,0.6067398546307232,0.6666666666666666,0.6666666666666666
Procambarus clarkii (native),xgboost,lowacc,20,0.5181715455698507,0.6666666666666666,0.5384615384615384
Procambarus clarkii (native),xgboost,lowacc,20,0.5671277507411212,0.6666666666666666,0.6666666666666666
Procambarus clarkii (native),xgboost,lowacc,20,0.5418490456223052,0.6666666666666666,0.6666666666666666
Procambarus clarkii (native),xgboost,lowacc,20,0.5107829553416456,1.0,0.6666666666666666
Procambarus clarkii (native),xgboost,lowacc,20,0.5517666982870714,1.0,0.3333333333333333
Procambarus clarkii (native),xgboost,lowacc,20,0.5242289975171445,0.42857142857142855,0.42857142857142855
Procambarus clarkii (native),xgboost,lowacc,20,0.5277035429966287,0.6666666666666666,0.42857142857142855
Procambarus clarkii (native),xgboost,lowacc,20,0.6381521067674547,0.6666666666666666,0.5384615384615384
Procambarus clarkii (native),xgboost,lowacc,20,0.5273441686354076,0.42857142857142855,0.6666666666666666
Procambarus clarkii (native),xgboost,lowacc,20,0.5737592261136445,0.6666666666666666,0.6666666666666666
Procambarus clarkii (native),xgboost,lowacc,20,0.5699306615768398,0.42857142857142855,0.3333333333333333
Procambarus clarkii (native),xgboost,snapping,1,0.5938950494575239,0.6666666666666666,0.5384615384615384
Procambarus clarkii (native),xgboost,snapping,1,0.4849680087666656,0.42857142857142855,0.5384615384615384
Procambarus clarkii (native),xgboost,snapping,1,0.5486626020735473,0.42857142857142855,0.5384615384615384
Procambarus clarkii (native),xgboost,snapping,1,0.6105753612823549,0.6666666666666666,0.6666666666666666
Procambarus clarkii (native),xgboost,snapping,1,0.5275632897080659,0.6666666666666666,0.5384615384615384
Procambarus clarkii (native),xgboost,snapping,1,0.5743984363453272,0.42857142857142855,0.5384615384615384
Procambarus clarkii (native),xgboost,snapping,1,0.5147081060069791,0.6666666666666666,0.5384615384615384
Procambarus clarkii (native),xgboost,snapping,1,0.6222770419690401,1.0,0.42857142857142855
Procambarus clarkii (native),xgboost,snapping,1,0.571797635299659,0.42857142857142855,0.5384615384615384
Procambarus clarkii (native),xgboost,snapping,1,0.5655163591999803,0.6666666666666666,0.5384615384615384
Procambarus clarkii (native),xgboost,snapping,1,0.5520472078173368,0.6666666666666666,0.6666666666666666
Procambarus clarkii (native),xgboost,snapping,1,0.5723692509121101,1.0,0.5384615384615384
Procambarus clarkii (native),xgboost,snapping,1,0.5580975409213711,0.6666666666666666,0.5384615384615384
Procambarus clarkii (native),xgboost,snapping,1,0.5001533801267227,0.6666666666666666,0.42857142857142855
Procambarus clarkii (native),xgboost,snapping,1,0.5994214727744588,0.6666666666666666,0.6666666666666666
Procambarus clarkii (native),xgboost,snapping,1,0.576784520760234,0.6666666666666666,0.5384615384615384
Procambarus clarkii (native),xgboost,snapping,1,0.5632669109604898,0.6666666666666666,0.5384615384615384
Procambarus clarkii (native),xgboost,snapping,1,0.6145370791719557,0.6666666666666666,0.5384615384615384
Procambarus clarkii (native),xgboost,snapping,1,0.6019925351513677,0.42857142857142855,0.6666666666666666
Procambarus clarkii (native),xgboost,snapping,1,0.5350962958756383,1.0,0.5384615384615384
Procambarus clarkii (native),xgboost,snapping,1,0.5238655333392807,0.6666666666666666,0.5384615384615384
Procambarus clarkii (native),xgboost,snapping,1,0.5456523715822669,1.0,0.5384615384615384
Procambarus clarkii (native),xgboost,snapping,1,0.5952467079134021,0.6666666666666666,0.8181818181818182
Procambarus clarkii (native),xgboost,snapping,1,0.5152906328562386,0.6666666666666666,0.6666666666666666
Procambarus clarkii (native),xgboost,snapping,1,0.6166892114931487,1.0,0.42857142857142855
Procambarus clarkii (native),xgboost,snapping,1,0.5647570303073401,0.6666666666666666,0.5384615384615384
Procambarus clarkii (native),xgboost,snapping,1,0.5670901891281265,0.6666666666666666,0.5384615384615384
Procambarus clarkii (native),xgboost,snapping,1,0.5254488966362116,0.6666666666666666,0.5384615384615384
Procambarus clarkii (native),xgboost,snapping,1,0.5422061173672825,0.6666666666666666,0.5384615384615384
Procambarus clarkii (native),xgboost,snapping,1,0.5238475660750755,0.6666666666666666,0.6666666666666666
Procambarus clarkii (native),xgboost,snapping,2,0.5808991769054519,0.6666666666666666,0.6666666666666666
Procambarus clarkii (native),xgboost,snapping,2,0.5258839649334645,0.6666666666666666,0.8181818181818182
Procambarus clarkii (native),xgboost,snapping,2,0.635399016997231,0.6666666666666666,0.6666666666666666
Procambarus clarkii (native),xgboost,snapping,2,0.5953815998771266,0.6666666666666666,0.5384615384615384
Procambarus clarkii (native),xgboost,snapping,2,0.5466820747411364,0.6666666666666666,0.3333333333333333
Procambarus clarkii (native),xgboost,snapping,2,0.5693390819521719,0.6666666666666666,0.6666666666666666
Procambarus clarkii (native),xgboost,snapping,2,0.5964820712831593,1.0,0.6666666666666666
Procambarus clarkii (native),xgboost,snapping,2,0.6032041498341324,0.6666666666666666,0.6666666666666666
Procambarus clarkii (native),xgboost,snapping,2,0.5726091538332574,0.6666666666666666,0.5384615384615384
Procambarus clarkii (native),xgboost,snapping,2,0.5424524385473299,0.6666666666666666,0.5384615384615384
Procambarus clarkii (native),xgboost,snapping,2,0.5850339862179186,0.6666666666666666,0.6666666666666666
Procambarus clarkii (native),xgboost,snapping,2,0.5395213118418636,0.42857142857142855,0.42857142857142855
Procambarus clarkii (native),xgboost,snapping,2,0.577520976536616,0.6666666666666666,0.5384615384615384
Procambarus clarkii (native),xgboost,snapping,2,0.5039324311561841,0.6666666666666666,0.5384615384615384
Procambarus clarkii (native),xgboost,snapping,2,0.4831936095463817,1.0,0.5384615384615384
Procambarus clarkii (native),xgboost,snapping,2,0.47322187430192225,0.6666666666666666,0.6666666666666666
Procambarus clarkii (native),xgboost,snapping,2,0.5485789063445534,0.6666666666666666,0.42857142857142855
Procambarus clarkii (native),xgboost,snapping,2,0.5556226125889211,0.42857142857142855,0.5384615384615384
Procambarus clarkii (native),xgboost,snapping,2,0.5083109806185415,0.6666666666666666,0.6666666666666666
Procambarus clarkii (native),xgboost,snapping,2,0.6243185111471612,0.6666666666666666,0.5384615384615384
Procambarus clarkii (native),xgboost,snapping,2,0.5599124504728089,1.0,0.6666666666666666
Procambarus clarkii (native),xgboost,snapping,2,0.515908830204198,1.0,0.42857142857142855
Procambarus clarkii (native),xgboost,snapping,2,0.571013822905118,0.6666666666666666,0.6666666666666666
Procambarus clarkii (native),xgboost,snapping,2,0.5097789380403803,0.6666666666666666,0.5384615384615384
Procambarus clarkii (native),xgboost,snapping,2,0.50150232437682,0.6666666666666666,0.5384615384615384
Procambarus clarkii (native),xgboost,snapping,2,0.5945729977809171,0.6666666666666666,0.5384615384615384
Procambarus clarkii (native),xgboost,snapping,2,0.5362524390923872,1.0,0.5384615384615384
Procambarus clarkii (native),xgboost,snapping,2,0.6132452069430373,1.0,0.6666666666666666
Procambarus clarkii (native),xgboost,snapping,2,0.4988901699732235,0.6666666666666666,0.5384615384615384
Procambarus clarkii (native),xgboost,snapping,2,0.5801388079762443,0.6666666666666666,0.5384615384615384
Procambarus clarkii (native),xgboost,snapping,5,0.6099203441582904,0.6666666666666666,0.5384615384615384
Procambarus clarkii (native),xgboost,snapping,5,0.4951180224029544,0.6666666666666666,0.6666666666666666
Procambarus clarkii (native),xgboost,snapping,5,0.48135669008659315,0.6666666666666666,0.42857142857142855
Procambarus clarkii (native),xgboost,snapping,5,0.5785474794774864,1.0,0.42857142857142855
Procambarus clarkii (native),xgboost,snapping,5,0.5635443361355271,0.42857142857142855,0.6666666666666666
Procambarus clarkii (native),xgboost,snapping,5,0.5117441923927101,0.6666666666666666,0.5384615384615384
Procambarus clarkii (native),xgboost,snapping,5,0.6024060349951905,1.0,0.5384615384615384
Procambarus clarkii (native),xgboost,snapping,5,0.5678383530312613,1.0,0.5384615384615384
Procambarus clarkii (native),xgboost,snapping,5,0.4908557468924388,0.6666666666666666,0.5384615384615384
Procambarus clarkii (native),xgboost,snapping,5,0.5263310616605518,0.6666666666666666,0.6666666666666666
Procambarus clarkii (native),xgboost,snapping,5,0.5405049382446003,0.6666666666666666,0.8181818181818182
Procambarus clarkii (native),xgboost,snapping,5,0.5632249238172191,0.6666666666666666,0.5384615384615384
Procambarus clarkii (native),xgboost,snapping,5,0.6171497607774309,0.6666666666666666,0.5384615384615384
Procambarus clarkii (native),xgboost,snapping,5,0.5612612221276149,0.6666666666666666,0.5384615384615384
Procambarus clarkii (native),xgboost,snapping,5,0.6116283323279093,0.6666666666666666,0.5384615384615384
Procambarus clarkii (native),xgboost,snapping,5,0.6133496959862323,0.6666666666666666,0.6666666666666666
Procambarus clarkii (native),xgboost,snapping,5,0.5940392789636944,0.6666666666666666,0.6666666666666666
Procambarus clarkii (native),xgboost,snapping,5,0.6130789892055425,1.0,0.6666666666666666
Procambarus clarkii (native),xgboost,snapping,5,0.43613899674808476,0.6666666666666666,0.5384615384615384
Procambarus clarkii (native),xgboost,snapping,5,0.6228926029709673,0.6666666666666666,0.5384615384615384
Procambarus clarkii (native),xgboost,snapping,5,0.5593752229149643,0.6666666666666666,0.5384615384615384
Procambarus clarkii (native),xgboost,snapping,5,0.5020425677995193,0.42857142857142855,0.5384615384615384
Procambarus clarkii (native),xgboost,snapping,5,0.5245975892754784,0.6666666666666666,0.5384615384615384
Procambarus clarkii (native),xgboost,snapping,5,0.5949442730542516,0.6666666666666666,0.5384615384615384
Procambarus clarkii (native),xgboost,snapping,5,0.6327150144899767,0.6666666666666666,0.6666666666666666
Procambarus clarkii (native),xgboost,snapping,5,0.6596214119868313,1.0,0.5384615384615384
Procambarus clarkii (native),xgboost,snapping,5,0.4884292549640116,0.42857142857142855,0.5384615384615384
Procambarus clarkii (native),xgboost,snapping,5,0.5393971690656959,0.6666666666666666,0.5384615384615384
Procambarus clarkii (native),xgboost,snapping,5,0.5755107417431081,0.6666666666666666,0.42857142857142855
Procambarus clarkii (native),xgboost,snapping,5,0.5480402815548449,0.6666666666666666,0.5384615384615384
